"DateTime","Command","Instrument","PreviousSunday"
2026-09-04 08:55:21,"cmd: SitFlush: Begin","Aurora-1",2026-08-30 08:55:21
2026-09-04 08:37:12,"cmd: SitFlush: Begin","Aurora-1",2026-08-30 08:37:12
2026-09-03 16:46:01,"cmd: SitFlush: Begin","Aurora-1",2026-08-30 16:46:01
2026-09-03 16:44:04,"cmd: SitFlush: Begin","Aurora-1",2026-08-30 16:44:04
2026-09-03 16:42:06,"cmd: SitFlush: Begin","Aurora-1",2026-08-30 16:42:06
2026-09-03 16:40:09,"cmd: SitFlush: Begin","Aurora-1",2026-08-30 16:40:09
2026-09-03 16:38:11,"cmd: SitFlush: Begin","Aurora-1",2026-08-30 16:38:11
2026-09-03 16:36:09,"cmd: SitFlush: Begin","Aurora-1",2026-08-30 16:36:09
2026-09-03 16:34:12,"cmd: SitFlush: Begin","Aurora-1",2026-08-30 16:34:12
2026-09-03 16:32:14,"cmd: SitFlush: Begin","Aurora-1",2026-08-30 16:32:14
2026-09-03 16:30:17,"cmd: SitFlush: Begin","Aurora-1",2026-08-30 16:30:17
2026-09-03 16:28:20,"cmd: SitFlush: Begin","Aurora-1",2026-08-30 16:28:20
2026-09-03 16:27:46,"cmd: SitFlush: Begin","Aurora-1",2026-08-30 16:27:46
2026-09-03 16:25:48,"cmd: SitFlush: Begin","Aurora-1",2026-08-30 16:25:48
2026-09-03 16:23:50,"cmd: SitFlush: Begin","Aurora-1",2026-08-30 16:23:50
2026-09-03 16:21:48,"cmd: SitFlush: Begin","Aurora-1",2026-08-30 16:21:48
2026-09-03 16:19:48,"cmd: SitFlush: Begin","Aurora-1",2026-08-30 16:19:48
2026-09-03 16:17:49,"cmd: SitFlush: Begin","Aurora-1",2026-08-30 16:17:49
2026-09-03 16:15:51,"cmd: SitFlush: Begin","Aurora-1",2026-08-30 16:15:51
2026-09-03 16:13:52,"cmd: SitFlush: Begin","Aurora-1",2026-08-30 16:13:52
2026-09-03 16:11:53,"cmd: SitFlush: Begin","Aurora-1",2026-08-30 16:11:53
2026-09-03 16:09:54,"cmd: SitFlush: Begin","Aurora-1",2026-08-30 16:09:54
2026-09-03 16:07:57,"cmd: SitFlush: Begin","Aurora-1",2026-08-30 16:07:57
2026-09-03 15:46:33,"cmd: SitFlush: Begin","Aurora-1",2026-08-30 15:46:33
2026-09-03 15:44:36,"cmd: SitFlush: Begin","Aurora-1",2026-08-30 15:44:36
2026-09-03 15:42:38,"cmd: SitFlush: Begin","Aurora-1",2026-08-30 15:42:38
2026-09-03 15:40:39,"cmd: SitFlush: Begin","Aurora-1",2026-08-30 15:40:39
2026-09-03 15:38:41,"cmd: SitFlush: Begin","Aurora-1",2026-08-30 15:38:41
2026-09-03 15:36:39,"cmd: SitFlush: Begin","Aurora-1",2026-08-30 15:36:39
2026-09-03 15:34:40,"cmd: SitFlush: Begin","Aurora-1",2026-08-30 15:34:40
2026-09-03 15:32:43,"cmd: SitFlush: Begin","Aurora-1",2026-08-30 15:32:43
2026-09-03 15:30:45,"cmd: SitFlush: Begin","Aurora-1",2026-08-30 15:30:45
2026-09-03 15:28:48,"cmd: SitFlush: Begin","Aurora-1",2026-08-30 15:28:48
2026-09-03 15:28:18,"cmd: SitFlush: Begin","Aurora-1",2026-08-30 15:28:18
2026-09-03 15:26:20,"cmd: SitFlush: Begin","Aurora-1",2026-08-30 15:26:20
2026-09-03 15:24:22,"cmd: SitFlush: Begin","Aurora-1",2026-08-30 15:24:22
2026-09-03 15:22:20,"cmd: SitFlush: Begin","Aurora-1",2026-08-30 15:22:20
2026-09-03 15:20:22,"cmd: SitFlush: Begin","Aurora-1",2026-08-30 15:20:22
2026-09-03 15:18:24,"cmd: SitFlush: Begin","Aurora-1",2026-08-30 15:18:24
2026-09-03 15:16:26,"cmd: SitFlush: Begin","Aurora-1",2026-08-30 15:16:26
2026-09-03 15:14:27,"cmd: SitFlush: Begin","Aurora-1",2026-08-30 15:14:27
2026-09-03 15:12:29,"cmd: SitFlush: Begin","Aurora-1",2026-08-30 15:12:29
2026-09-03 15:10:30,"cmd: SitFlush: Begin","Aurora-1",2026-08-30 15:10:30
2026-09-03 15:08:31,"cmd: SitFlush: Begin","Aurora-1",2026-08-30 15:08:31
2026-09-03 15:07:47,"cmd: SitFlush: Begin","Aurora-1",2026-08-30 15:07:47
2026-09-03 14:23:36,"cmd: SitFlush: Begin","Aurora-1",2026-08-30 14:23:36
2026-09-03 14:19:37,"cmd: SitFlush: Begin","Aurora-1",2026-08-30 14:19:37
2026-09-03 14:17:05,"cmd: SitFlush: Begin","Aurora-1",2026-08-30 14:17:05
2026-09-03 14:14:45,"cmd: SitFlush: Begin","Aurora-1",2026-08-30 14:14:45
2026-09-03 14:10:06,"cmd: SitFlush: Begin","Aurora-1",2026-08-30 14:10:06
2026-09-03 14:04:47,"cmd: SitFlush: Begin","Aurora-1",2026-08-30 14:04:47
2026-09-03 13:55:24,"cmd: SitFlush: Begin","Aurora-1",2026-08-30 13:55:24
2026-09-03 13:54:50,"cmd: SitFlush: Begin","Aurora-1",2026-08-30 13:54:50
2026-09-03 13:54:16,"cmd: SitFlush: Begin","Aurora-1",2026-08-30 13:54:16
2026-09-03 13:53:44,"cmd: SitFlush: Begin","Aurora-1",2026-08-30 13:53:44
2026-09-03 13:53:11,"cmd: SitFlush: Begin","Aurora-1",2026-08-30 13:53:11
2026-09-03 13:52:39,"cmd: SitFlush: Begin","Aurora-1",2026-08-30 13:52:39
2026-09-03 13:52:06,"cmd: SitFlush: Begin","Aurora-1",2026-08-30 13:52:06
2026-09-03 13:51:30,"cmd: SitFlush: Begin","Aurora-1",2026-08-30 13:51:30
2026-09-03 13:50:57,"cmd: SitFlush: Begin","Aurora-1",2026-08-30 13:50:57
2026-09-03 13:50:25,"cmd: SitFlush: Begin","Aurora-1",2026-08-30 13:50:25
2026-09-03 13:49:47,"cmd: SitFlush: Begin","Aurora-1",2026-08-30 13:49:47
2026-09-03 13:49:36,"cmd: SitFlush: Begin","Aurora-1",2026-08-30 13:49:36
2026-09-03 13:48:59,"cmd: SitFlush: Begin","Aurora-1",2026-08-30 13:48:59
2026-09-03 13:48:17,"cmd: SitFlush: Begin","Aurora-1",2026-08-30 13:48:17
2026-09-03 12:23:28,"cmd: SitFlush: Begin","Aurora-1",2026-08-30 12:23:28
2026-09-03 12:22:55,"cmd: SitFlush: Begin","Aurora-1",2026-08-30 12:22:55
2026-09-03 12:21:51,"cmd: SitFlush: Begin","Aurora-1",2026-08-30 12:21:51
2026-09-03 12:20:43,"cmd: SitFlush: Begin","Aurora-1",2026-08-30 12:20:43
2026-09-03 12:19:44,"cmd: SitFlush: Begin","Aurora-1",2026-08-30 12:19:44
2026-09-03 12:19:10,"cmd: SitFlush: Begin","Aurora-1",2026-08-30 12:19:10
2026-09-03 12:18:01,"cmd: SitFlush: Begin","Aurora-1",2026-08-30 12:18:01
2026-09-03 12:17:12,"cmd: SitFlush: Begin","Aurora-1",2026-08-30 12:17:12
2026-09-03 12:16:15,"cmd: SitFlush: Begin","Aurora-1",2026-08-30 12:16:15
2026-09-03 12:15:34,"cmd: SitFlush: Begin","Aurora-1",2026-08-30 12:15:34
2026-09-03 12:14:22,"cmd: SitFlush: Begin","Aurora-1",2026-08-30 12:14:22
2026-09-03 12:13:31,"cmd: SitFlush: Begin","Aurora-1",2026-08-30 12:13:31
2026-09-03 12:12:31,"cmd: SitFlush: Begin","Aurora-1",2026-08-30 12:12:31
2026-09-03 12:11:40,"cmd: SitFlush: Begin","Aurora-1",2026-08-30 12:11:40
2026-09-03 12:10:46,"cmd: SitFlush: Begin","Aurora-1",2026-08-30 12:10:46
2026-09-03 12:09:54,"cmd: SitFlush: Begin","Aurora-1",2026-08-30 12:09:54
2026-09-03 12:08:46,"cmd: SitFlush: Begin","Aurora-1",2026-08-30 12:08:46
2026-09-03 12:07:50,"cmd: SitFlush: Begin","Aurora-1",2026-08-30 12:07:50
2026-09-03 12:06:40,"cmd: SitFlush: Begin","Aurora-1",2026-08-30 12:06:40
2026-09-03 12:05:47,"cmd: SitFlush: Begin","Aurora-1",2026-08-30 12:05:47
2026-09-03 12:04:31,"cmd: SitFlush: Begin","Aurora-1",2026-08-30 12:04:31
2026-09-03 12:03:46,"cmd: SitFlush: Begin","Aurora-1",2026-08-30 12:03:46
2026-09-03 12:02:52,"cmd: SitFlush: Begin","Aurora-1",2026-08-30 12:02:52
2026-09-03 12:02:18,"cmd: SitFlush: Begin","Aurora-1",2026-08-30 12:02:18
2026-09-03 11:58:49,"cmd: SitFlush: Begin","Aurora-1",2026-08-30 11:58:49
2026-09-03 11:58:05,"cmd: SitFlush: Begin","Aurora-1",2026-08-30 11:58:05
2026-09-03 11:56:49,"cmd: SitFlush: Begin","Aurora-1",2026-08-30 11:56:49
2026-09-03 11:55:30,"cmd: SitFlush: Begin","Aurora-1",2026-08-30 11:55:30
2026-09-03 11:54:25,"cmd: SitFlush: Begin","Aurora-1",2026-08-30 11:54:25
2026-09-03 11:53:01,"cmd: SitFlush: Begin","Aurora-1",2026-08-30 11:53:01
2026-09-03 11:51:49,"cmd: SitFlush: Begin","Aurora-1",2026-08-30 11:51:49
2026-09-03 11:51:07,"cmd: SitFlush: Begin","Aurora-1",2026-08-30 11:51:07
2026-09-03 11:50:19,"cmd: SitFlush: Begin","Aurora-1",2026-08-30 11:50:19
2026-09-03 11:49:43,"cmd: SitFlush: Begin","Aurora-1",2026-08-30 11:49:43
2026-09-03 11:48:37,"cmd: SitFlush: Begin","Aurora-1",2026-08-30 11:48:37
2026-09-03 11:48:02,"cmd: SitFlush: Begin","Aurora-1",2026-08-30 11:48:02
2026-09-03 11:47:16,"cmd: SitFlush: Begin","Aurora-1",2026-08-30 11:47:16
2026-09-03 11:46:28,"cmd: SitFlush: Begin","Aurora-1",2026-08-30 11:46:28
2026-09-03 11:44:13,"cmd: SitFlush: Begin","Aurora-1",2026-08-30 11:44:13
2026-09-03 11:39:39,"cmd: SitFlush: Begin","Aurora-1",2026-08-30 11:39:39
2026-09-03 11:36:41,"cmd: SitFlush: Begin","Aurora-1",2026-08-30 11:36:41
2026-09-03 11:35:49,"cmd: SitFlush: Begin","Aurora-1",2026-08-30 11:35:49
2026-09-03 11:34:41,"cmd: SitFlush: Begin","Aurora-1",2026-08-30 11:34:41
2026-09-03 11:32:10,"cmd: SitFlush: Begin","Aurora-1",2026-08-30 11:32:10
2026-09-03 11:30:33,"cmd: SitFlush: Begin","Aurora-1",2026-08-30 11:30:33
2026-09-03 11:24:37,"cmd: SitFlush: Begin","Aurora-1",2026-08-30 11:24:37
2026-09-03 11:23:40,"cmd: SitFlush: Begin","Aurora-1",2026-08-30 11:23:40
2026-09-03 11:21:52,"cmd: SitFlush: Begin","Aurora-1",2026-08-30 11:21:52
2026-09-03 11:19:49,"cmd: SitFlush: Begin","Aurora-1",2026-08-30 11:19:49
2026-09-03 11:18:32,"cmd: SitFlush: Begin","Aurora-1",2026-08-30 11:18:32
2026-09-03 11:17:32,"cmd: SitFlush: Begin","Aurora-1",2026-08-30 11:17:32
2026-09-03 11:17:22,"cmd: SitFlush: Begin","Aurora-1",2026-08-30 11:17:22
2026-09-03 11:17:12,"cmd: SitFlush: Begin","Aurora-1",2026-08-30 11:17:12
2026-09-03 11:14:41,"cmd: SitFlush: Begin","Aurora-1",2026-08-30 11:14:41
2026-09-03 11:13:33,"cmd: SitFlush: Begin","Aurora-1",2026-08-30 11:13:33
2026-09-03 11:13:25,"cmd: SitFlush: Begin","Aurora-1",2026-08-30 11:13:25
2026-09-03 11:12:25,"cmd: SitFlush: Begin","Aurora-1",2026-08-30 11:12:25
2026-09-03 11:09:58,"cmd: SitFlush: Begin","Aurora-1",2026-08-30 11:09:58
2026-09-03 11:08:49,"cmd: SitFlush: Begin","Aurora-1",2026-08-30 11:08:49
2026-09-03 11:07:39,"cmd: SitFlush: Begin","Aurora-1",2026-08-30 11:07:39
2026-09-03 11:05:46,"cmd: SitFlush: Begin","Aurora-1",2026-08-30 11:05:46
2026-09-03 10:58:19,"cmd: SitFlush: Begin","Aurora-1",2026-08-30 10:58:19
2026-09-03 10:56:45,"cmd: SitFlush: Begin","Aurora-1",2026-08-30 10:56:45
2026-09-03 10:54:32,"cmd: SitFlush: Begin","Aurora-1",2026-08-30 10:54:32
2026-09-03 10:53:42,"cmd: SitFlush: Begin","Aurora-1",2026-08-30 10:53:42
2026-09-03 10:52:25,"cmd: SitFlush: Begin","Aurora-1",2026-08-30 10:52:25
2026-09-03 10:51:34,"cmd: SitFlush: Begin","Aurora-1",2026-08-30 10:51:34
2026-09-03 10:49:36,"cmd: SitFlush: Begin","Aurora-1",2026-08-30 10:49:36
2026-09-03 10:48:57,"cmd: SitFlush: Begin","Aurora-1",2026-08-30 10:48:57
2026-09-03 10:47:57,"cmd: SitFlush: Begin","Aurora-1",2026-08-30 10:47:57
2026-09-03 10:47:22,"cmd: SitFlush: Begin","Aurora-1",2026-08-30 10:47:22
2026-09-03 10:46:25,"cmd: SitFlush: Begin","Aurora-1",2026-08-30 10:46:25
2026-09-03 10:45:48,"cmd: SitFlush: Begin","Aurora-1",2026-08-30 10:45:48
2026-09-03 10:44:27,"cmd: SitFlush: Begin","Aurora-1",2026-08-30 10:44:27
2026-09-03 10:43:46,"cmd: SitFlush: Begin","Aurora-1",2026-08-30 10:43:46
2026-09-03 10:42:34,"cmd: SitFlush: Begin","Aurora-1",2026-08-30 10:42:34
2026-09-03 10:41:46,"cmd: SitFlush: Begin","Aurora-1",2026-08-30 10:41:46
2026-09-03 10:40:33,"cmd: SitFlush: Begin","Aurora-1",2026-08-30 10:40:33
2026-09-03 10:39:47,"cmd: SitFlush: Begin","Aurora-1",2026-08-30 10:39:47
2026-09-03 10:38:20,"cmd: SitFlush: Begin","Aurora-1",2026-08-30 10:38:20
2026-09-03 10:37:30,"cmd: SitFlush: Begin","Aurora-1",2026-08-30 10:37:30
2026-09-03 10:35:52,"cmd: SitFlush: Begin","Aurora-1",2026-08-30 10:35:52
2026-09-03 10:34:51,"cmd: SitFlush: Begin","Aurora-1",2026-08-30 10:34:51
2026-09-03 10:33:22,"cmd: SitFlush: Begin","Aurora-1",2026-08-30 10:33:22
2026-09-03 10:32:39,"cmd: SitFlush: Begin","Aurora-1",2026-08-30 10:32:39
2026-09-03 10:30:56,"cmd: SitFlush: Begin","Aurora-1",2026-08-30 10:30:56
2026-09-03 10:29:56,"cmd: SitFlush: Begin","Aurora-1",2026-08-30 10:29:56
2026-09-03 10:28:27,"cmd: SitFlush: Begin","Aurora-1",2026-08-30 10:28:27
2026-09-03 10:27:42,"cmd: SitFlush: Begin","Aurora-1",2026-08-30 10:27:42
2026-09-03 10:26:05,"cmd: SitFlush: Begin","Aurora-1",2026-08-30 10:26:05
2026-09-03 10:25:07,"cmd: SitFlush: Begin","Aurora-1",2026-08-30 10:25:07
2026-09-03 10:23:59,"cmd: SitFlush: Begin","Aurora-1",2026-08-30 10:23:59
2026-09-03 10:23:03,"cmd: SitFlush: Begin","Aurora-1",2026-08-30 10:23:03
2026-09-03 10:21:21,"cmd: SitFlush: Begin","Aurora-1",2026-08-30 10:21:21
2026-09-03 10:20:33,"cmd: SitFlush: Begin","Aurora-1",2026-08-30 10:20:33
2026-09-03 10:19:24,"cmd: SitFlush: Begin","Aurora-1",2026-08-30 10:19:24
2026-09-03 10:18:28,"cmd: SitFlush: Begin","Aurora-1",2026-08-30 10:18:28
2026-09-03 10:17:44,"cmd: SitFlush: Begin","Aurora-1",2026-08-30 10:17:44
2026-09-03 10:15:52,"cmd: SitFlush: Begin","Aurora-1",2026-08-30 10:15:52
2026-09-03 10:14:40,"cmd: SitFlush: Begin","Aurora-1",2026-08-30 10:14:40
2026-09-03 10:12:27,"cmd: SitFlush: Begin","Aurora-1",2026-08-30 10:12:27
2026-09-03 10:11:27,"cmd: SitFlush: Begin","Aurora-1",2026-08-30 10:11:27
2026-09-03 10:10:37,"cmd: SitFlush: Begin","Aurora-1",2026-08-30 10:10:37
2026-09-03 10:08:55,"cmd: SitFlush: Begin","Aurora-1",2026-08-30 10:08:55
2026-09-03 10:07:51,"cmd: SitFlush: Begin","Aurora-1",2026-08-30 10:07:51
2026-09-03 10:04:45,"cmd: SitFlush: Begin","Aurora-1",2026-08-30 10:04:45
2026-09-03 10:03:56,"cmd: SitFlush: Begin","Aurora-1",2026-08-30 10:03:56
2026-09-03 10:03:48,"cmd: SitFlush: Begin","Aurora-1",2026-08-30 10:03:48
2026-09-03 08:43:09,"cmd: SitFlush: Begin","Aurora-1",2026-08-30 08:43:09
2026-09-03 08:38:00,"cmd: SitFlush: Begin","Aurora-1",2026-08-30 08:38:00
2026-09-02 16:05:16,"cmd: SitFlush: Begin","Aurora-1",2026-08-30 16:05:16
2026-09-02 16:03:17,"cmd: SitFlush: Begin","Aurora-1",2026-08-30 16:03:17
2026-09-02 16:01:19,"cmd: SitFlush: Begin","Aurora-1",2026-08-30 16:01:19
2026-09-02 15:59:20,"cmd: SitFlush: Begin","Aurora-1",2026-08-30 15:59:20
2026-09-02 15:57:21,"cmd: SitFlush: Begin","Aurora-1",2026-08-30 15:57:21
2026-09-02 15:55:19,"cmd: SitFlush: Begin","Aurora-1",2026-08-30 15:55:19
2026-09-02 15:53:22,"cmd: SitFlush: Begin","Aurora-1",2026-08-30 15:53:22
2026-09-02 15:51:24,"cmd: SitFlush: Begin","Aurora-1",2026-08-30 15:51:24
2026-09-02 15:49:27,"cmd: SitFlush: Begin","Aurora-1",2026-08-30 15:49:27
2026-09-02 15:48:18,"cmd: SitFlush: Begin","Aurora-1",2026-08-30 15:48:18
2026-09-02 15:46:20,"cmd: SitFlush: Begin","Aurora-1",2026-08-30 15:46:20
2026-09-02 15:44:21,"cmd: SitFlush: Begin","Aurora-1",2026-08-30 15:44:21
2026-09-02 15:42:21,"cmd: SitFlush: Begin","Aurora-1",2026-08-30 15:42:21
2026-09-02 15:16:31,"cmd: SitFlush: Begin","Aurora-1",2026-08-30 15:16:31
2026-09-02 15:14:29,"cmd: SitFlush: Begin","Aurora-1",2026-08-30 15:14:29
2026-09-02 15:12:29,"cmd: SitFlush: Begin","Aurora-1",2026-08-30 15:12:29
2026-09-02 15:10:30,"cmd: SitFlush: Begin","Aurora-1",2026-08-30 15:10:30
2026-09-02 15:08:29,"cmd: SitFlush: Begin","Aurora-1",2026-08-30 15:08:29
2026-09-02 15:06:28,"cmd: SitFlush: Begin","Aurora-1",2026-08-30 15:06:28
2026-09-02 15:04:27,"cmd: SitFlush: Begin","Aurora-1",2026-08-30 15:04:27
2026-09-02 15:02:25,"cmd: SitFlush: Begin","Aurora-1",2026-08-30 15:02:25
2026-09-02 15:00:24,"cmd: SitFlush: Begin","Aurora-1",2026-08-30 15:00:24
2026-09-02 14:59:47,"cmd: SitFlush: Begin","Aurora-1",2026-08-30 14:59:47
2026-09-02 14:11:49,"cmd: SitFlush: Begin","Aurora-1",2026-08-30 14:11:49
2026-09-02 14:10:50,"cmd: SitFlush: Begin","Aurora-1",2026-08-30 14:10:50
2026-09-02 14:09:19,"cmd: SitFlush: Begin","Aurora-1",2026-08-30 14:09:19
2026-09-02 14:07:42,"cmd: SitFlush: Begin","Aurora-1",2026-08-30 14:07:42
2026-09-02 14:06:09,"cmd: SitFlush: Begin","Aurora-1",2026-08-30 14:06:09
2026-09-02 14:04:26,"cmd: SitFlush: Begin","Aurora-1",2026-08-30 14:04:26
2026-09-02 14:03:46,"cmd: SitFlush: Begin","Aurora-1",2026-08-30 14:03:46
2026-09-02 14:02:07,"cmd: SitFlush: Begin","Aurora-1",2026-08-30 14:02:07
2026-09-02 13:58:36,"cmd: SitFlush: Begin","Aurora-1",2026-08-30 13:58:36
2026-09-02 13:57:46,"cmd: SitFlush: Begin","Aurora-1",2026-08-30 13:57:46
2026-09-02 13:56:38,"cmd: SitFlush: Begin","Aurora-1",2026-08-30 13:56:38
2026-09-02 13:53:06,"cmd: SitFlush: Begin","Aurora-1",2026-08-30 13:53:06
2026-09-02 13:51:53,"cmd: SitFlush: Begin","Aurora-1",2026-08-30 13:51:53
2026-09-02 13:50:08,"cmd: SitFlush: Begin","Aurora-1",2026-08-30 13:50:08
2026-09-02 13:48:12,"cmd: SitFlush: Begin","Aurora-1",2026-08-30 13:48:12
2026-09-02 13:45:54,"cmd: SitFlush: Begin","Aurora-1",2026-08-30 13:45:54
2026-09-02 13:44:32,"cmd: SitFlush: Begin","Aurora-1",2026-08-30 13:44:32
2026-09-02 13:42:38,"cmd: SitFlush: Begin","Aurora-1",2026-08-30 13:42:38
2026-09-02 13:41:27,"cmd: SitFlush: Begin","Aurora-1",2026-08-30 13:41:27
2026-09-02 13:39:13,"cmd: SitFlush: Begin","Aurora-1",2026-08-30 13:39:13
2026-09-02 13:37:12,"cmd: SitFlush: Begin","Aurora-1",2026-08-30 13:37:12
2026-09-02 13:35:46,"cmd: SitFlush: Begin","Aurora-1",2026-08-30 13:35:46
2026-09-02 13:33:13,"cmd: SitFlush: Begin","Aurora-1",2026-08-30 13:33:13
2026-09-02 13:30:24,"cmd: SitFlush: Begin","Aurora-1",2026-08-30 13:30:24
2026-09-02 13:27:38,"cmd: SitFlush: Begin","Aurora-1",2026-08-30 13:27:38
2026-09-02 13:26:41,"cmd: SitFlush: Begin","Aurora-1",2026-08-30 13:26:41
2026-09-02 13:23:29,"cmd: SitFlush: Begin","Aurora-1",2026-08-30 13:23:29
2026-09-02 13:22:46,"cmd: SitFlush: Begin","Aurora-1",2026-08-30 13:22:46
2026-09-02 13:17:25,"cmd: SitFlush: Begin","Aurora-1",2026-08-30 13:17:25
2026-09-02 13:14:40,"cmd: SitFlush: Begin","Aurora-1",2026-08-30 13:14:40
2026-09-02 13:08:43,"cmd: SitFlush: Begin","Aurora-1",2026-08-30 13:08:43
2026-09-02 13:07:11,"cmd: SitFlush: Begin","Aurora-1",2026-08-30 13:07:11
2026-09-02 13:05:29,"cmd: SitFlush: Begin","Aurora-1",2026-08-30 13:05:29
2026-09-02 13:00:59,"cmd: SitFlush: Begin","Aurora-1",2026-08-30 13:00:59
2026-09-02 12:59:26,"cmd: SitFlush: Begin","Aurora-1",2026-08-30 12:59:26
2026-09-02 12:57:07,"cmd: SitFlush: Begin","Aurora-1",2026-08-30 12:57:07
2026-09-02 12:55:12,"cmd: SitFlush: Begin","Aurora-1",2026-08-30 12:55:12
2026-09-02 12:53:06,"cmd: SitFlush: Begin","Aurora-1",2026-08-30 12:53:06
2026-09-02 12:50:43,"cmd: SitFlush: Begin","Aurora-1",2026-08-30 12:50:43
2026-09-02 12:48:29,"cmd: SitFlush: Begin","Aurora-1",2026-08-30 12:48:29
2026-09-02 12:46:24,"cmd: SitFlush: Begin","Aurora-1",2026-08-30 12:46:24
2026-09-02 12:40:55,"cmd: SitFlush: Begin","Aurora-1",2026-08-30 12:40:55
2026-09-02 12:39:01,"cmd: SitFlush: Begin","Aurora-1",2026-08-30 12:39:01
2026-09-02 12:37:40,"cmd: SitFlush: Begin","Aurora-1",2026-08-30 12:37:40
2026-09-02 12:30:11,"cmd: SitFlush: Begin","Aurora-1",2026-08-30 12:30:11
2026-09-02 12:28:40,"cmd: SitFlush: Begin","Aurora-1",2026-08-30 12:28:40
2026-09-02 12:26:09,"cmd: SitFlush: Begin","Aurora-1",2026-08-30 12:26:09
2026-09-02 12:24:05,"cmd: SitFlush: Begin","Aurora-1",2026-08-30 12:24:05
2026-09-02 12:22:01,"cmd: SitFlush: Begin","Aurora-1",2026-08-30 12:22:01
2026-09-02 12:20:00,"cmd: SitFlush: Begin","Aurora-1",2026-08-30 12:20:00
2026-09-02 12:17:37,"cmd: SitFlush: Begin","Aurora-1",2026-08-30 12:17:37
2026-09-02 12:15:47,"cmd: SitFlush: Begin","Aurora-1",2026-08-30 12:15:47
2026-09-02 12:13:33,"cmd: SitFlush: Begin","Aurora-1",2026-08-30 12:13:33
2026-09-02 12:12:07,"cmd: SitFlush: Begin","Aurora-1",2026-08-30 12:12:07
2026-09-02 12:10:02,"cmd: SitFlush: Begin","Aurora-1",2026-08-30 12:10:02
2026-09-02 12:08:07,"cmd: SitFlush: Begin","Aurora-1",2026-08-30 12:08:07
2026-09-02 12:06:11,"cmd: SitFlush: Begin","Aurora-1",2026-08-30 12:06:11
2026-09-02 12:03:04,"cmd: SitFlush: Begin","Aurora-1",2026-08-30 12:03:04
2026-09-02 12:01:02,"cmd: SitFlush: Begin","Aurora-1",2026-08-30 12:01:02
2026-09-02 11:58:44,"cmd: SitFlush: Begin","Aurora-1",2026-08-30 11:58:44
2026-09-02 11:56:30,"cmd: SitFlush: Begin","Aurora-1",2026-08-30 11:56:30
2026-09-02 11:55:07,"cmd: SitFlush: Begin","Aurora-1",2026-08-30 11:55:07
2026-09-02 11:53:12,"cmd: SitFlush: Begin","Aurora-1",2026-08-30 11:53:12
2026-09-02 11:51:28,"cmd: SitFlush: Begin","Aurora-1",2026-08-30 11:51:28
2026-09-02 11:49:33,"cmd: SitFlush: Begin","Aurora-1",2026-08-30 11:49:33
2026-09-02 11:47:32,"cmd: SitFlush: Begin","Aurora-1",2026-08-30 11:47:32
2026-09-02 11:45:04,"cmd: SitFlush: Begin","Aurora-1",2026-08-30 11:45:04
2026-09-02 11:43:03,"cmd: SitFlush: Begin","Aurora-1",2026-08-30 11:43:03
2026-09-02 11:39:01,"cmd: SitFlush: Begin","Aurora-1",2026-08-30 11:39:01
2026-09-02 11:37:01,"cmd: SitFlush: Begin","Aurora-1",2026-08-30 11:37:01
2026-09-02 11:34:33,"cmd: SitFlush: Begin","Aurora-1",2026-08-30 11:34:33
2026-09-02 11:32:31,"cmd: SitFlush: Begin","Aurora-1",2026-08-30 11:32:31
2026-09-02 11:23:08,"cmd: SitFlush: Begin","Aurora-1",2026-08-30 11:23:08
2026-09-02 11:21:35,"cmd: SitFlush: Begin","Aurora-1",2026-08-30 11:21:35
2026-09-02 11:19:43,"cmd: SitFlush: Begin","Aurora-1",2026-08-30 11:19:43
2026-09-02 11:17:55,"cmd: SitFlush: Begin","Aurora-1",2026-08-30 11:17:55
2026-09-02 11:15:58,"cmd: SitFlush: Begin","Aurora-1",2026-08-30 11:15:58
2026-09-02 11:14:08,"cmd: SitFlush: Begin","Aurora-1",2026-08-30 11:14:08
2026-09-02 11:10:55,"cmd: SitFlush: Begin","Aurora-1",2026-08-30 11:10:55
2026-09-02 11:08:32,"cmd: SitFlush: Begin","Aurora-1",2026-08-30 11:08:32
2026-09-02 11:06:28,"cmd: SitFlush: Begin","Aurora-1",2026-08-30 11:06:28
2026-09-02 11:05:12,"cmd: SitFlush: Begin","Aurora-1",2026-08-30 11:05:12
2026-09-02 11:03:44,"cmd: SitFlush: Begin","Aurora-1",2026-08-30 11:03:44
2026-09-02 11:01:39,"cmd: SitFlush: Begin","Aurora-1",2026-08-30 11:01:39
2026-09-02 10:59:52,"cmd: SitFlush: Begin","Aurora-1",2026-08-30 10:59:52
2026-09-02 10:57:43,"cmd: SitFlush: Begin","Aurora-1",2026-08-30 10:57:43
2026-09-02 10:55:44,"cmd: SitFlush: Begin","Aurora-1",2026-08-30 10:55:44
2026-09-02 10:50:40,"cmd: SitFlush: Begin","Aurora-1",2026-08-30 10:50:40
2026-09-02 10:47:51,"cmd: SitFlush: Begin","Aurora-1",2026-08-30 10:47:51
2026-09-02 10:45:31,"cmd: SitFlush: Begin","Aurora-1",2026-08-30 10:45:31
2026-09-02 10:42:36,"cmd: SitFlush: Begin","Aurora-1",2026-08-30 10:42:36
2026-09-02 09:14:14,"cmd: SitFlush: Begin","Aurora-1",2026-08-30 09:14:14
2026-09-02 09:12:47,"cmd: SitFlush: Begin","Aurora-1",2026-08-30 09:12:47
2026-09-02 09:11:09,"cmd: SitFlush: Begin","Aurora-1",2026-08-30 09:11:09
2026-09-02 09:07:13,"cmd: SitFlush: Begin","Aurora-1",2026-08-30 09:07:13
2026-09-01 18:12:23,"cmd: SitFlush: Begin","Aurora-1",2026-08-30 18:12:23
2026-09-01 18:08:01,"cmd: SitFlush: Begin","Aurora-1",2026-08-30 18:08:01
2026-09-01 18:05:26,"cmd: SitFlush: Begin","Aurora-1",2026-08-30 18:05:26
2026-09-01 18:02:11,"cmd: SitFlush: Begin","Aurora-1",2026-08-30 18:02:11
2026-09-01 17:58:11,"cmd: SitFlush: Begin","Aurora-1",2026-08-30 17:58:11
2026-09-01 17:53:47,"cmd: SitFlush: Begin","Aurora-1",2026-08-30 17:53:47
2026-09-01 17:49:30,"cmd: SitFlush: Begin","Aurora-1",2026-08-30 17:49:30
2026-09-01 17:43:10,"cmd: SitFlush: Begin","Aurora-1",2026-08-30 17:43:10
2026-09-01 17:41:12,"cmd: SitFlush: Begin","Aurora-1",2026-08-30 17:41:12
2026-09-01 17:40:02,"cmd: SitFlush: Begin","Aurora-1",2026-08-30 17:40:02
2026-09-01 17:39:25,"cmd: SitFlush: Begin","Aurora-1",2026-08-30 17:39:25
2026-09-01 17:38:14,"cmd: SitFlush: Begin","Aurora-1",2026-08-30 17:38:14
2026-09-01 15:50:11,"cmd: SitFlush: Begin","Aurora-1",2026-08-30 15:50:11
2026-09-01 15:49:36,"cmd: SitFlush: Begin","Aurora-1",2026-08-30 15:49:36
2026-09-01 15:47:59,"cmd: SitFlush: Begin","Aurora-1",2026-08-30 15:47:59
2026-09-01 15:47:10,"cmd: SitFlush: Begin","Aurora-1",2026-08-30 15:47:10
2026-09-01 15:46:35,"cmd: SitFlush: Begin","Aurora-1",2026-08-30 15:46:35
2026-09-01 15:46:03,"cmd: SitFlush: Begin","Aurora-1",2026-08-30 15:46:03
2026-09-01 15:45:27,"cmd: SitFlush: Begin","Aurora-1",2026-08-30 15:45:27
2026-09-01 15:44:50,"cmd: SitFlush: Begin","Aurora-1",2026-08-30 15:44:50
2026-09-01 15:44:12,"cmd: SitFlush: Begin","Aurora-1",2026-08-30 15:44:12
2026-09-01 15:43:39,"cmd: SitFlush: Begin","Aurora-1",2026-08-30 15:43:39
2026-09-01 15:42:22,"cmd: SitFlush: Begin","Aurora-1",2026-08-30 15:42:22
2026-09-01 15:41:38,"cmd: SitFlush: Begin","Aurora-1",2026-08-30 15:41:38
2026-09-01 15:41:01,"cmd: SitFlush: Begin","Aurora-1",2026-08-30 15:41:01
2026-09-01 15:40:26,"cmd: SitFlush: Begin","Aurora-1",2026-08-30 15:40:26
2026-09-01 15:39:44,"cmd: SitFlush: Begin","Aurora-1",2026-08-30 15:39:44
2026-09-01 15:39:05,"cmd: SitFlush: Begin","Aurora-1",2026-08-30 15:39:05
2026-09-01 15:38:28,"cmd: SitFlush: Begin","Aurora-1",2026-08-30 15:38:28
2026-09-01 15:37:56,"cmd: SitFlush: Begin","Aurora-1",2026-08-30 15:37:56
2026-09-01 15:37:22,"cmd: SitFlush: Begin","Aurora-1",2026-08-30 15:37:22
2026-09-01 15:36:43,"cmd: SitFlush: Begin","Aurora-1",2026-08-30 15:36:43
2026-09-01 15:36:08,"cmd: SitFlush: Begin","Aurora-1",2026-08-30 15:36:08
2026-09-01 15:35:20,"cmd: SitFlush: Begin","Aurora-1",2026-08-30 15:35:20
2026-09-01 15:34:22,"cmd: SitFlush: Begin","Aurora-1",2026-08-30 15:34:22
2026-09-01 15:33:35,"cmd: SitFlush: Begin","Aurora-1",2026-08-30 15:33:35
2026-09-01 15:32:53,"cmd: SitFlush: Begin","Aurora-1",2026-08-30 15:32:53
2026-09-01 15:32:14,"cmd: SitFlush: Begin","Aurora-1",2026-08-30 15:32:14
2026-09-01 15:31:42,"cmd: SitFlush: Begin","Aurora-1",2026-08-30 15:31:42
2026-09-01 15:30:41,"cmd: SitFlush: Begin","Aurora-1",2026-08-30 15:30:41
2026-09-01 15:30:03,"cmd: SitFlush: Begin","Aurora-1",2026-08-30 15:30:03
2026-09-01 15:29:30,"cmd: SitFlush: Begin","Aurora-1",2026-08-30 15:29:30
2026-09-01 15:28:58,"cmd: SitFlush: Begin","Aurora-1",2026-08-30 15:28:58
2026-09-01 15:28:18,"cmd: SitFlush: Begin","Aurora-1",2026-08-30 15:28:18
2026-09-01 15:27:40,"cmd: SitFlush: Begin","Aurora-1",2026-08-30 15:27:40
2026-09-01 15:27:03,"cmd: SitFlush: Begin","Aurora-1",2026-08-30 15:27:03
2026-09-01 15:26:19,"cmd: SitFlush: Begin","Aurora-1",2026-08-30 15:26:19
2026-09-01 15:25:41,"cmd: SitFlush: Begin","Aurora-1",2026-08-30 15:25:41
2026-09-01 15:24:51,"cmd: SitFlush: Begin","Aurora-1",2026-08-30 15:24:51
2026-09-01 15:24:07,"cmd: SitFlush: Begin","Aurora-1",2026-08-30 15:24:07
2026-09-01 15:23:17,"cmd: SitFlush: Begin","Aurora-1",2026-08-30 15:23:17
2026-09-01 15:22:38,"cmd: SitFlush: Begin","Aurora-1",2026-08-30 15:22:38
2026-09-01 15:22:05,"cmd: SitFlush: Begin","Aurora-1",2026-08-30 15:22:05
2026-09-01 15:21:32,"cmd: SitFlush: Begin","Aurora-1",2026-08-30 15:21:32
2026-09-01 15:20:49,"cmd: SitFlush: Begin","Aurora-1",2026-08-30 15:20:49
2026-09-01 15:20:02,"cmd: SitFlush: Begin","Aurora-1",2026-08-30 15:20:02
2026-09-01 15:19:20,"cmd: SitFlush: Begin","Aurora-1",2026-08-30 15:19:20
2026-09-01 15:18:39,"cmd: SitFlush: Begin","Aurora-1",2026-08-30 15:18:39
2026-09-01 15:17:57,"cmd: SitFlush: Begin","Aurora-1",2026-08-30 15:17:57
2026-09-01 15:11:15,"cmd: SitFlush: Begin","Aurora-1",2026-08-30 15:11:15
2026-09-01 15:10:12,"cmd: SitFlush: Begin","Aurora-1",2026-08-30 15:10:12
2026-09-01 15:08:56,"cmd: SitFlush: Begin","Aurora-1",2026-08-30 15:08:56
2026-09-01 15:08:01,"cmd: SitFlush: Begin","Aurora-1",2026-08-30 15:08:01
2026-09-01 15:06:54,"cmd: SitFlush: Begin","Aurora-1",2026-08-30 15:06:54
2026-09-01 15:05:23,"cmd: SitFlush: Begin","Aurora-1",2026-08-30 15:05:23
2026-09-01 15:04:29,"cmd: SitFlush: Begin","Aurora-1",2026-08-30 15:04:29
2026-09-01 15:03:26,"cmd: SitFlush: Begin","Aurora-1",2026-08-30 15:03:26
2026-09-01 15:02:25,"cmd: SitFlush: Begin","Aurora-1",2026-08-30 15:02:25
2026-09-01 15:00:35,"cmd: SitFlush: Begin","Aurora-1",2026-08-30 15:00:35
2026-09-01 14:59:02,"cmd: SitFlush: Begin","Aurora-1",2026-08-30 14:59:02
2026-09-01 14:58:13,"cmd: SitFlush: Begin","Aurora-1",2026-08-30 14:58:13
2026-09-01 14:55:45,"cmd: SitFlush: Begin","Aurora-1",2026-08-30 14:55:45
2026-09-01 14:09:58,"cmd: SitFlush: Begin","Aurora-1",2026-08-30 14:09:58
2026-09-01 14:09:28,"cmd: SitFlush: Begin","Aurora-1",2026-08-30 14:09:28
2026-09-01 13:57:54,"cmd: SitFlush: Begin","Aurora-1",2026-08-30 13:57:54
2026-09-01 13:36:56,"cmd: SitFlush: Begin","Aurora-1",2026-08-30 13:36:56
2026-09-01 13:35:49,"cmd: SitFlush: Begin","Aurora-1",2026-08-30 13:35:49
2026-09-01 13:35:22,"cmd: SitFlush: Begin","Aurora-1",2026-08-30 13:35:22
2026-09-01 13:34:55,"cmd: SitFlush: Begin","Aurora-1",2026-08-30 13:34:55
2026-09-01 13:34:24,"cmd: SitFlush: Begin","Aurora-1",2026-08-30 13:34:24
2026-09-01 13:33:57,"cmd: SitFlush: Begin","Aurora-1",2026-08-30 13:33:57
2026-09-01 13:33:29,"cmd: SitFlush: Begin","Aurora-1",2026-08-30 13:33:29
2026-09-01 13:33:00,"cmd: SitFlush: Begin","Aurora-1",2026-08-30 13:33:00
2026-09-01 13:32:32,"cmd: SitFlush: Begin","Aurora-1",2026-08-30 13:32:32
2026-09-01 13:32:02,"cmd: SitFlush: Begin","Aurora-1",2026-08-30 13:32:02
2026-09-01 13:31:33,"cmd: SitFlush: Begin","Aurora-1",2026-08-30 13:31:33
2026-09-01 13:31:01,"cmd: SitFlush: Begin","Aurora-1",2026-08-30 13:31:01
2026-09-01 13:30:26,"cmd: SitFlush: Begin","Aurora-1",2026-08-30 13:30:26
2026-09-01 13:29:58,"cmd: SitFlush: Begin","Aurora-1",2026-08-30 13:29:58
2026-09-01 13:29:29,"cmd: SitFlush: Begin","Aurora-1",2026-08-30 13:29:29
2026-09-01 13:29:01,"cmd: SitFlush: Begin","Aurora-1",2026-08-30 13:29:01
2026-09-01 13:28:32,"cmd: SitFlush: Begin","Aurora-1",2026-08-30 13:28:32
2026-09-01 13:28:03,"cmd: SitFlush: Begin","Aurora-1",2026-08-30 13:28:03
2026-09-01 13:27:34,"cmd: SitFlush: Begin","Aurora-1",2026-08-30 13:27:34
2026-09-01 13:27:05,"cmd: SitFlush: Begin","Aurora-1",2026-08-30 13:27:05
2026-09-01 13:21:44,"cmd: SitFlush: Begin","Aurora-1",2026-08-30 13:21:44
2026-09-01 13:20:10,"cmd: SitFlush: Begin","Aurora-1",2026-08-30 13:20:10
2026-09-01 13:18:37,"cmd: SitFlush: Begin","Aurora-1",2026-08-30 13:18:37
2026-09-01 13:11:18,"cmd: SitFlush: Begin","Aurora-1",2026-08-30 13:11:18
2026-09-01 13:10:47,"cmd: SitFlush: Begin","Aurora-1",2026-08-30 13:10:47
2026-09-01 11:24:22,"cmd: SitFlush: Begin","Aurora-1",2026-08-30 11:24:22
2026-09-01 11:22:25,"cmd: SitFlush: Begin","Aurora-1",2026-08-30 11:22:25
2026-09-01 11:20:28,"cmd: SitFlush: Begin","Aurora-1",2026-08-30 11:20:28
2026-09-01 11:18:31,"cmd: SitFlush: Begin","Aurora-1",2026-08-30 11:18:31
2026-09-01 11:16:34,"cmd: SitFlush: Begin","Aurora-1",2026-08-30 11:16:34
2026-09-01 11:14:32,"cmd: SitFlush: Begin","Aurora-1",2026-08-30 11:14:32
2026-09-01 11:12:36,"cmd: SitFlush: Begin","Aurora-1",2026-08-30 11:12:36
2026-09-01 11:10:39,"cmd: SitFlush: Begin","Aurora-1",2026-08-30 11:10:39
2026-09-01 11:08:42,"cmd: SitFlush: Begin","Aurora-1",2026-08-30 11:08:42
2026-09-01 11:06:44,"cmd: SitFlush: Begin","Aurora-1",2026-08-30 11:06:44
2026-09-01 11:04:48,"cmd: SitFlush: Begin","Aurora-1",2026-08-30 11:04:48
2026-09-01 11:02:50,"cmd: SitFlush: Begin","Aurora-1",2026-08-30 11:02:50
2026-09-01 11:00:52,"cmd: SitFlush: Begin","Aurora-1",2026-08-30 11:00:52
2026-09-01 10:58:50,"cmd: SitFlush: Begin","Aurora-1",2026-08-30 10:58:50
2026-09-01 10:56:53,"cmd: SitFlush: Begin","Aurora-1",2026-08-30 10:56:53
2026-09-01 10:54:55,"cmd: SitFlush: Begin","Aurora-1",2026-08-30 10:54:55
2026-09-01 10:52:57,"cmd: SitFlush: Begin","Aurora-1",2026-08-30 10:52:57
2026-09-01 10:50:58,"cmd: SitFlush: Begin","Aurora-1",2026-08-30 10:50:58
2026-09-01 10:49:02,"cmd: SitFlush: Begin","Aurora-1",2026-08-30 10:49:02
2026-09-01 10:47:05,"cmd: SitFlush: Begin","Aurora-1",2026-08-30 10:47:05
2026-09-01 10:45:07,"cmd: SitFlush: Begin","Aurora-1",2026-08-30 10:45:07
2026-09-01 10:43:07,"cmd: SitFlush: Begin","Aurora-1",2026-08-30 10:43:07
2026-09-01 10:41:09,"cmd: SitFlush: Begin","Aurora-1",2026-08-30 10:41:09
2026-09-01 10:39:11,"cmd: SitFlush: Begin","Aurora-1",2026-08-30 10:39:11
2026-09-01 10:37:12,"cmd: SitFlush: Begin","Aurora-1",2026-08-30 10:37:12
2026-09-01 10:35:13,"cmd: SitFlush: Begin","Aurora-1",2026-08-30 10:35:13
2026-09-01 10:33:14,"cmd: SitFlush: Begin","Aurora-1",2026-08-30 10:33:14
2026-09-01 10:31:15,"cmd: SitFlush: Begin","Aurora-1",2026-08-30 10:31:15
2026-09-01 10:29:16,"cmd: SitFlush: Begin","Aurora-1",2026-08-30 10:29:16
2026-09-01 10:27:09,"cmd: SitFlush: Begin","Aurora-1",2026-08-30 10:27:09
2026-09-01 08:58:01,"cmd: SitFlush: Begin","Aurora-1",2026-08-30 08:58:01
2026-09-01 08:30:08,"cmd: SitFlush: Begin","Aurora-1",2026-08-30 08:30:08
2026-08-28 09:45:49,"cmd: SitFlush: Begin","Aurora-1",2026-08-23 09:45:49
2026-08-28 09:40:11,"cmd: SitFlush: Begin","Aurora-1",2026-08-23 09:40:11
2026-08-28 09:33:30,"cmd: SitFlush: Begin","Aurora-1",2026-08-23 09:33:30
2026-08-28 09:31:55,"cmd: SitFlush: Begin","Aurora-1",2026-08-23 09:31:55
2026-08-28 09:24:37,"cmd: SitFlush: Begin","Aurora-1",2026-08-23 09:24:37
2026-08-28 09:24:00,"cmd: SitFlush: Begin","Aurora-1",2026-08-23 09:24:00
2026-08-28 09:23:24,"cmd: SitFlush: Begin","Aurora-1",2026-08-23 09:23:24
2026-08-28 09:22:47,"cmd: SitFlush: Begin","Aurora-1",2026-08-23 09:22:47
2026-08-28 09:22:13,"cmd: SitFlush: Begin","Aurora-1",2026-08-23 09:22:13
2026-08-28 09:21:36,"cmd: SitFlush: Begin","Aurora-1",2026-08-23 09:21:36
2026-08-28 09:20:51,"cmd: SitFlush: Begin","Aurora-1",2026-08-23 09:20:51
2026-08-28 09:20:10,"cmd: SitFlush: Begin","Aurora-1",2026-08-23 09:20:10
2026-08-28 09:18:49,"cmd: SitFlush: Begin","Aurora-1",2026-08-23 09:18:49
2026-08-28 09:18:03,"cmd: SitFlush: Begin","Aurora-1",2026-08-23 09:18:03
2026-08-28 09:16:30,"cmd: SitFlush: Begin","Aurora-1",2026-08-23 09:16:30
2026-08-28 08:48:41,"cmd: SitFlush: Begin","Aurora-1",2026-08-23 08:48:41
2026-08-28 08:38:29,"cmd: SitFlush: Begin","Aurora-1",2026-08-23 08:38:29
2026-08-27 16:00:06,"cmd: SitFlush: Begin","Aurora-1",2026-08-23 16:00:06
2026-08-27 15:59:21,"cmd: SitFlush: Begin","Aurora-1",2026-08-23 15:59:21
2026-08-27 15:58:32,"cmd: SitFlush: Begin","Aurora-1",2026-08-23 15:58:32
2026-08-27 15:57:13,"cmd: SitFlush: Begin","Aurora-1",2026-08-23 15:57:13
2026-08-27 15:56:20,"cmd: SitFlush: Begin","Aurora-1",2026-08-23 15:56:20
2026-08-27 15:55:24,"cmd: SitFlush: Begin","Aurora-1",2026-08-23 15:55:24
2026-08-27 15:53:52,"cmd: SitFlush: Begin","Aurora-1",2026-08-23 15:53:52
2026-08-27 15:52:42,"cmd: SitFlush: Begin","Aurora-1",2026-08-23 15:52:42
2026-08-27 15:51:54,"cmd: SitFlush: Begin","Aurora-1",2026-08-23 15:51:54
2026-08-27 15:50:25,"cmd: SitFlush: Begin","Aurora-1",2026-08-23 15:50:25
2026-08-27 15:49:45,"cmd: SitFlush: Begin","Aurora-1",2026-08-23 15:49:45
2026-08-27 15:49:14,"cmd: SitFlush: Begin","Aurora-1",2026-08-23 15:49:14
2026-08-27 15:48:15,"cmd: SitFlush: Begin","Aurora-1",2026-08-23 15:48:15
2026-08-27 15:47:39,"cmd: SitFlush: Begin","Aurora-1",2026-08-23 15:47:39
2026-08-27 15:47:02,"cmd: SitFlush: Begin","Aurora-1",2026-08-23 15:47:02
2026-08-27 15:46:19,"cmd: SitFlush: Begin","Aurora-1",2026-08-23 15:46:19
2026-08-27 15:45:34,"cmd: SitFlush: Begin","Aurora-1",2026-08-23 15:45:34
2026-08-27 15:45:01,"cmd: SitFlush: Begin","Aurora-1",2026-08-23 15:45:01
2026-08-27 15:44:26,"cmd: SitFlush: Begin","Aurora-1",2026-08-23 15:44:26
2026-08-27 15:43:20,"cmd: SitFlush: Begin","Aurora-1",2026-08-23 15:43:20
2026-08-27 15:42:09,"cmd: SitFlush: Begin","Aurora-1",2026-08-23 15:42:09
2026-08-27 15:37:54,"cmd: SitFlush: Begin","Aurora-1",2026-08-23 15:37:54
2026-08-27 15:37:27,"cmd: SitFlush: Begin","Aurora-1",2026-08-23 15:37:27
2026-08-27 15:36:54,"cmd: SitFlush: Begin","Aurora-1",2026-08-23 15:36:54
2026-08-27 15:36:25,"cmd: SitFlush: Begin","Aurora-1",2026-08-23 15:36:25
2026-08-27 15:35:43,"cmd: SitFlush: Begin","Aurora-1",2026-08-23 15:35:43
2026-08-27 15:35:16,"cmd: SitFlush: Begin","Aurora-1",2026-08-23 15:35:16
2026-08-27 15:34:47,"cmd: SitFlush: Begin","Aurora-1",2026-08-23 15:34:47
2026-08-27 15:33:49,"cmd: SitFlush: Begin","Aurora-1",2026-08-23 15:33:49
2026-08-27 15:33:21,"cmd: SitFlush: Begin","Aurora-1",2026-08-23 15:33:21
2026-08-27 15:32:50,"cmd: SitFlush: Begin","Aurora-1",2026-08-23 15:32:50
2026-08-27 15:32:17,"cmd: SitFlush: Begin","Aurora-1",2026-08-23 15:32:17
2026-08-27 15:31:44,"cmd: SitFlush: Begin","Aurora-1",2026-08-23 15:31:44
2026-08-27 15:31:13,"cmd: SitFlush: Begin","Aurora-1",2026-08-23 15:31:13
2026-08-27 15:30:45,"cmd: SitFlush: Begin","Aurora-1",2026-08-23 15:30:45
2026-08-27 15:30:16,"cmd: SitFlush: Begin","Aurora-1",2026-08-23 15:30:16
2026-08-27 15:29:41,"cmd: SitFlush: Begin","Aurora-1",2026-08-23 15:29:41
2026-08-27 15:29:07,"cmd: SitFlush: Begin","Aurora-1",2026-08-23 15:29:07
2026-08-27 15:28:38,"cmd: SitFlush: Begin","Aurora-1",2026-08-23 15:28:38
2026-08-27 15:28:07,"cmd: SitFlush: Begin","Aurora-1",2026-08-23 15:28:07
2026-08-27 15:27:32,"cmd: SitFlush: Begin","Aurora-1",2026-08-23 15:27:32
2026-08-27 15:26:53,"cmd: SitFlush: Begin","Aurora-1",2026-08-23 15:26:53
2026-08-27 15:26:18,"cmd: SitFlush: Begin","Aurora-1",2026-08-23 15:26:18
2026-08-27 15:25:45,"cmd: SitFlush: Begin","Aurora-1",2026-08-23 15:25:45
2026-08-27 15:25:02,"cmd: SitFlush: Begin","Aurora-1",2026-08-23 15:25:02
2026-08-27 15:23:36,"cmd: SitFlush: Begin","Aurora-1",2026-08-23 15:23:36
2026-08-27 15:23:02,"cmd: SitFlush: Begin","Aurora-1",2026-08-23 15:23:02
2026-08-27 15:22:24,"cmd: SitFlush: Begin","Aurora-1",2026-08-23 15:22:24
2026-08-27 15:21:13,"cmd: SitFlush: Begin","Aurora-1",2026-08-23 15:21:13
2026-08-27 15:20:42,"cmd: SitFlush: Begin","Aurora-1",2026-08-23 15:20:42
2026-08-27 15:20:12,"cmd: SitFlush: Begin","Aurora-1",2026-08-23 15:20:12
2026-08-27 15:19:41,"cmd: SitFlush: Begin","Aurora-1",2026-08-23 15:19:41
2026-08-27 15:14:48,"cmd: SitFlush: Begin","Aurora-1",2026-08-23 15:14:48
2026-08-27 15:13:17,"cmd: SitFlush: Begin","Aurora-1",2026-08-23 15:13:17
2026-08-27 15:03:57,"cmd: SitFlush: Begin","Aurora-1",2026-08-23 15:03:57
2026-08-27 15:02:37,"cmd: SitFlush: Begin","Aurora-1",2026-08-23 15:02:37
2026-08-27 14:58:42,"cmd: SitFlush: Begin","Aurora-1",2026-08-23 14:58:42
2026-08-27 14:57:14,"cmd: SitFlush: Begin","Aurora-1",2026-08-23 14:57:14
2026-08-27 14:55:26,"cmd: SitFlush: Begin","Aurora-1",2026-08-23 14:55:26
2026-08-27 10:19:36,"cmd: SitFlush: Begin","Aurora-1",2026-08-23 10:19:36
2026-08-27 10:14:57,"cmd: SitFlush: Begin","Aurora-1",2026-08-23 10:14:57
2026-08-27 10:11:36,"cmd: SitFlush: Begin","Aurora-1",2026-08-23 10:11:36
2026-08-27 10:06:12,"cmd: SitFlush: Begin","Aurora-1",2026-08-23 10:06:12
2026-08-27 09:55:20,"cmd: SitFlush: Begin","Aurora-1",2026-08-23 09:55:20
2026-08-27 09:54:12,"cmd: SitFlush: Begin","Aurora-1",2026-08-23 09:54:12
2026-08-27 09:52:56,"cmd: SitFlush: Begin","Aurora-1",2026-08-23 09:52:56
2026-08-27 09:20:21,"cmd: SitFlush: Begin","Aurora-1",2026-08-23 09:20:21
2026-08-27 09:12:22,"cmd: SitFlush: Begin","Aurora-1",2026-08-23 09:12:22
2026-08-27 08:58:33,"cmd: SitFlush: Begin","Aurora-1",2026-08-23 08:58:33
2026-08-27 08:55:41,"cmd: SitFlush: Begin","Aurora-1",2026-08-23 08:55:41
2026-08-26 18:23:39,"cmd: SitFlush: Begin","Aurora-1",2026-08-23 18:23:39
2026-08-26 18:22:53,"cmd: SitFlush: Begin","Aurora-1",2026-08-23 18:22:53
2026-08-26 18:22:14,"cmd: SitFlush: Begin","Aurora-1",2026-08-23 18:22:14
2026-08-26 18:21:43,"cmd: SitFlush: Begin","Aurora-1",2026-08-23 18:21:43
2026-08-26 18:21:10,"cmd: SitFlush: Begin","Aurora-1",2026-08-23 18:21:10
2026-08-26 18:20:39,"cmd: SitFlush: Begin","Aurora-1",2026-08-23 18:20:39
2026-08-26 18:20:08,"cmd: SitFlush: Begin","Aurora-1",2026-08-23 18:20:08
2026-08-26 18:19:39,"cmd: SitFlush: Begin","Aurora-1",2026-08-23 18:19:39
2026-08-26 18:18:55,"cmd: SitFlush: Begin","Aurora-1",2026-08-23 18:18:55
2026-08-26 18:18:03,"cmd: SitFlush: Begin","Aurora-1",2026-08-23 18:18:03
2026-08-26 18:17:06,"cmd: SitFlush: Begin","Aurora-1",2026-08-23 18:17:06
2026-08-26 18:16:17,"cmd: SitFlush: Begin","Aurora-1",2026-08-23 18:16:17
2026-08-26 18:15:25,"cmd: SitFlush: Begin","Aurora-1",2026-08-23 18:15:25
2026-08-26 18:12:37,"cmd: SitFlush: Begin","Aurora-1",2026-08-23 18:12:37
2026-08-26 18:10:47,"cmd: SitFlush: Begin","Aurora-1",2026-08-23 18:10:47
2026-08-26 18:08:37,"cmd: SitFlush: Begin","Aurora-1",2026-08-23 18:08:37
2026-08-26 18:05:12,"cmd: SitFlush: Begin","Aurora-1",2026-08-23 18:05:12
2026-08-26 18:01:39,"cmd: SitFlush: Begin","Aurora-1",2026-08-23 18:01:39
2026-08-26 17:57:15,"cmd: SitFlush: Begin","Aurora-1",2026-08-23 17:57:15
2026-08-26 17:54:35,"cmd: SitFlush: Begin","Aurora-1",2026-08-23 17:54:35
2026-08-26 17:53:01,"cmd: SitFlush: Begin","Aurora-1",2026-08-23 17:53:01
2026-08-26 17:50:38,"cmd: SitFlush: Begin","Aurora-1",2026-08-23 17:50:38
2026-08-26 17:48:55,"cmd: SitFlush: Begin","Aurora-1",2026-08-23 17:48:55
2026-08-26 17:34:06,"cmd: SitFlush: Begin","Aurora-1",2026-08-23 17:34:06
2026-08-26 17:29:18,"cmd: SitFlush: Begin","Aurora-1",2026-08-23 17:29:18
2026-08-26 17:17:15,"cmd: SitFlush: Begin","Aurora-1",2026-08-23 17:17:15
2026-08-26 17:16:07,"cmd: SitFlush: Begin","Aurora-1",2026-08-23 17:16:07
2026-08-26 17:15:09,"cmd: SitFlush: Begin","Aurora-1",2026-08-23 17:15:09
2026-08-26 17:14:15,"cmd: SitFlush: Begin","Aurora-1",2026-08-23 17:14:15
2026-08-26 17:13:29,"cmd: SitFlush: Begin","Aurora-1",2026-08-23 17:13:29
2026-08-26 17:12:44,"cmd: SitFlush: Begin","Aurora-1",2026-08-23 17:12:44
2026-08-26 17:12:04,"cmd: SitFlush: Begin","Aurora-1",2026-08-23 17:12:04
2026-08-26 17:11:40,"cmd: SitFlush: Begin","Aurora-1",2026-08-23 17:11:40
2026-08-26 17:11:03,"cmd: SitFlush: Begin","Aurora-1",2026-08-23 17:11:03
2026-08-26 17:07:44,"cmd: SitFlush: Begin","Aurora-1",2026-08-23 17:07:44
2026-08-26 16:47:38,"cmd: SitFlush: Begin","Aurora-1",2026-08-23 16:47:38
2026-08-26 16:45:38,"cmd: SitFlush: Begin","Aurora-1",2026-08-23 16:45:38
2026-08-26 16:44:23,"cmd: SitFlush: Begin","Aurora-1",2026-08-23 16:44:23
2026-08-26 16:43:07,"cmd: SitFlush: Begin","Aurora-1",2026-08-23 16:43:07
2026-08-26 16:41:58,"cmd: SitFlush: Begin","Aurora-1",2026-08-23 16:41:58
2026-08-26 16:40:37,"cmd: SitFlush: Begin","Aurora-1",2026-08-23 16:40:37
2026-08-26 16:39:14,"cmd: SitFlush: Begin","Aurora-1",2026-08-23 16:39:14
2026-08-26 16:37:55,"cmd: SitFlush: Begin","Aurora-1",2026-08-23 16:37:55
2026-08-26 16:36:54,"cmd: SitFlush: Begin","Aurora-1",2026-08-23 16:36:54
2026-08-26 16:35:36,"cmd: SitFlush: Begin","Aurora-1",2026-08-23 16:35:36
2026-08-26 16:34:30,"cmd: SitFlush: Begin","Aurora-1",2026-08-23 16:34:30
2026-08-26 16:33:16,"cmd: SitFlush: Begin","Aurora-1",2026-08-23 16:33:16
2026-08-26 16:31:31,"cmd: SitFlush: Begin","Aurora-1",2026-08-23 16:31:31
2026-08-26 16:25:44,"cmd: SitFlush: Begin","Aurora-1",2026-08-23 16:25:44
2026-08-26 16:25:20,"cmd: SitFlush: Begin","Aurora-1",2026-08-23 16:25:20
2026-08-26 16:22:39,"cmd: SitFlush: Begin","Aurora-1",2026-08-23 16:22:39
2026-08-26 16:22:02,"cmd: SitFlush: Begin","Aurora-1",2026-08-23 16:22:02
2026-08-26 16:20:51,"cmd: SitFlush: Begin","Aurora-1",2026-08-23 16:20:51
2026-08-26 16:20:11,"cmd: SitFlush: Begin","Aurora-1",2026-08-23 16:20:11
2026-08-26 16:18:44,"cmd: SitFlush: Begin","Aurora-1",2026-08-23 16:18:44
2026-08-26 16:17:26,"cmd: SitFlush: Begin","Aurora-1",2026-08-23 16:17:26
2026-08-26 16:15:52,"cmd: SitFlush: Begin","Aurora-1",2026-08-23 16:15:52
2026-08-26 16:14:28,"cmd: SitFlush: Begin","Aurora-1",2026-08-23 16:14:28
2026-08-26 16:12:59,"cmd: SitFlush: Begin","Aurora-1",2026-08-23 16:12:59
2026-08-26 16:10:50,"cmd: SitFlush: Begin","Aurora-1",2026-08-23 16:10:50
2026-08-26 16:08:42,"cmd: SitFlush: Begin","Aurora-1",2026-08-23 16:08:42
2026-08-26 16:05:27,"cmd: SitFlush: Begin","Aurora-1",2026-08-23 16:05:27
2026-08-26 16:03:09,"cmd: SitFlush: Begin","Aurora-1",2026-08-23 16:03:09
2026-08-26 16:01:48,"cmd: SitFlush: Begin","Aurora-1",2026-08-23 16:01:48
2026-08-26 16:00:48,"cmd: SitFlush: Begin","Aurora-1",2026-08-23 16:00:48
2026-08-26 15:59:24,"cmd: SitFlush: Begin","Aurora-1",2026-08-23 15:59:24
2026-08-26 15:58:23,"cmd: SitFlush: Begin","Aurora-1",2026-08-23 15:58:23
2026-08-26 15:52:06,"cmd: SitFlush: Begin","Aurora-1",2026-08-23 15:52:06
2026-08-26 15:45:19,"cmd: SitFlush: Begin","Aurora-1",2026-08-23 15:45:19
2026-08-26 14:58:00,"cmd: SitFlush: Begin","Aurora-1",2026-08-23 14:58:00
2026-08-26 14:57:09,"cmd: SitFlush: Begin","Aurora-1",2026-08-23 14:57:09
2026-08-26 14:56:21,"cmd: SitFlush: Begin","Aurora-1",2026-08-23 14:56:21
2026-08-26 14:55:40,"cmd: SitFlush: Begin","Aurora-1",2026-08-23 14:55:40
2026-08-26 14:55:08,"cmd: SitFlush: Begin","Aurora-1",2026-08-23 14:55:08
2026-08-26 14:54:24,"cmd: SitFlush: Begin","Aurora-1",2026-08-23 14:54:24
2026-08-26 14:53:51,"cmd: SitFlush: Begin","Aurora-1",2026-08-23 14:53:51
2026-08-26 14:53:15,"cmd: SitFlush: Begin","Aurora-1",2026-08-23 14:53:15
2026-08-26 14:52:28,"cmd: SitFlush: Begin","Aurora-1",2026-08-23 14:52:28
2026-08-26 14:51:35,"cmd: SitFlush: Begin","Aurora-1",2026-08-23 14:51:35
2026-08-26 14:50:19,"cmd: SitFlush: Begin","Aurora-1",2026-08-23 14:50:19
2026-08-26 14:48:57,"cmd: SitFlush: Begin","Aurora-1",2026-08-23 14:48:57
2026-08-26 14:47:47,"cmd: SitFlush: Begin","Aurora-1",2026-08-23 14:47:47
2026-08-26 14:46:35,"cmd: SitFlush: Begin","Aurora-1",2026-08-23 14:46:35
2026-08-26 14:45:06,"cmd: SitFlush: Begin","Aurora-1",2026-08-23 14:45:06
2026-08-26 14:43:21,"cmd: SitFlush: Begin","Aurora-1",2026-08-23 14:43:21
2026-08-26 14:41:46,"cmd: SitFlush: Begin","Aurora-1",2026-08-23 14:41:46
2026-08-26 14:40:11,"cmd: SitFlush: Begin","Aurora-1",2026-08-23 14:40:11
2026-08-26 14:38:00,"cmd: SitFlush: Begin","Aurora-1",2026-08-23 14:38:00
2026-08-26 14:33:00,"cmd: SitFlush: Begin","Aurora-1",2026-08-23 14:33:00
2026-08-26 14:15:52,"cmd: SitFlush: Begin","Aurora-1",2026-08-23 14:15:52
2026-08-26 14:12:02,"cmd: SitFlush: Begin","Aurora-1",2026-08-23 14:12:02
2026-08-26 14:10:52,"cmd: SitFlush: Begin","Aurora-1",2026-08-23 14:10:52
2026-08-26 14:09:51,"cmd: SitFlush: Begin","Aurora-1",2026-08-23 14:09:51
2026-08-26 14:08:51,"cmd: SitFlush: Begin","Aurora-1",2026-08-23 14:08:51
2026-08-26 14:07:06,"cmd: SitFlush: Begin","Aurora-1",2026-08-23 14:07:06
2026-08-26 13:13:46,"cmd: SitFlush: Begin","Aurora-1",2026-08-23 13:13:46
2026-08-26 13:12:27,"cmd: SitFlush: Begin","Aurora-1",2026-08-23 13:12:27
2026-08-26 13:11:24,"cmd: SitFlush: Begin","Aurora-1",2026-08-23 13:11:24
2026-08-26 13:10:07,"cmd: SitFlush: Begin","Aurora-1",2026-08-23 13:10:07
2026-08-26 13:08:22,"cmd: SitFlush: Begin","Aurora-1",2026-08-23 13:08:22
2026-08-26 13:05:45,"cmd: SitFlush: Begin","Aurora-1",2026-08-23 13:05:45
2026-08-26 13:04:38,"cmd: SitFlush: Begin","Aurora-1",2026-08-23 13:04:38
2026-08-26 13:03:17,"cmd: SitFlush: Begin","Aurora-1",2026-08-23 13:03:17
2026-08-26 13:02:12,"cmd: SitFlush: Begin","Aurora-1",2026-08-23 13:02:12
2026-08-26 13:00:32,"cmd: SitFlush: Begin","Aurora-1",2026-08-23 13:00:32
2026-08-26 12:59:33,"cmd: SitFlush: Begin","Aurora-1",2026-08-23 12:59:33
2026-08-26 12:58:10,"cmd: SitFlush: Begin","Aurora-1",2026-08-23 12:58:10
2026-08-26 12:57:19,"cmd: SitFlush: Begin","Aurora-1",2026-08-23 12:57:19
2026-08-26 12:56:23,"cmd: SitFlush: Begin","Aurora-1",2026-08-23 12:56:23
2026-08-26 12:55:25,"cmd: SitFlush: Begin","Aurora-1",2026-08-23 12:55:25
2026-08-26 12:54:21,"cmd: SitFlush: Begin","Aurora-1",2026-08-23 12:54:21
2026-08-26 12:52:47,"cmd: SitFlush: Begin","Aurora-1",2026-08-23 12:52:47
2026-08-26 12:50:40,"cmd: SitFlush: Begin","Aurora-1",2026-08-23 12:50:40
2026-08-26 12:49:45,"cmd: SitFlush: Begin","Aurora-1",2026-08-23 12:49:45
2026-08-26 12:47:29,"cmd: SitFlush: Begin","Aurora-1",2026-08-23 12:47:29
2026-08-26 12:46:16,"cmd: SitFlush: Begin","Aurora-1",2026-08-23 12:46:16
2026-08-26 12:26:49,"cmd: SitFlush: Begin","Aurora-1",2026-08-23 12:26:49
2026-08-26 12:23:16,"cmd: SitFlush: Begin","Aurora-1",2026-08-23 12:23:16
2026-08-26 12:19:55,"cmd: SitFlush: Begin","Aurora-1",2026-08-23 12:19:55
2026-08-26 12:16:48,"cmd: SitFlush: Begin","Aurora-1",2026-08-23 12:16:48
2026-08-26 12:11:39,"cmd: SitFlush: Begin","Aurora-1",2026-08-23 12:11:39
2026-08-26 12:06:10,"cmd: SitFlush: Begin","Aurora-1",2026-08-23 12:06:10
2026-08-26 12:01:46,"cmd: SitFlush: Begin","Aurora-1",2026-08-23 12:01:46
2026-08-26 11:54:25,"cmd: SitFlush: Begin","Aurora-1",2026-08-23 11:54:25
2026-08-26 11:49:56,"cmd: SitFlush: Begin","Aurora-1",2026-08-23 11:49:56
2026-08-26 11:42:03,"cmd: SitFlush: Begin","Aurora-1",2026-08-23 11:42:03
2026-08-26 11:36:59,"cmd: SitFlush: Begin","Aurora-1",2026-08-23 11:36:59
2026-08-26 11:31:40,"cmd: SitFlush: Begin","Aurora-1",2026-08-23 11:31:40
2026-08-26 10:31:10,"cmd: SitFlush: Begin","Aurora-1",2026-08-23 10:31:10
2026-08-26 10:27:58,"cmd: SitFlush: Begin","Aurora-1",2026-08-23 10:27:58
2026-08-26 09:46:23,"cmd: SitFlush: Begin","Aurora-1",2026-08-23 09:46:23
2026-08-25 14:21:55,"cmd: SitFlush: Begin","Aurora-1",2026-08-23 14:21:55
2026-08-25 14:20:27,"cmd: SitFlush: Begin","Aurora-1",2026-08-23 14:20:27
2026-08-25 14:18:55,"cmd: SitFlush: Begin","Aurora-1",2026-08-23 14:18:55
2026-08-25 14:17:14,"cmd: SitFlush: Begin","Aurora-1",2026-08-23 14:17:14
2026-08-25 14:15:04,"cmd: SitFlush: Begin","Aurora-1",2026-08-23 14:15:04
2026-08-25 14:13:20,"cmd: SitFlush: Begin","Aurora-1",2026-08-23 14:13:20
2026-08-25 14:11:41,"cmd: SitFlush: Begin","Aurora-1",2026-08-23 14:11:41
2026-08-25 13:36:40,"cmd: SitFlush: Begin","Aurora-1",2026-08-23 13:36:40
2026-08-25 13:33:19,"cmd: SitFlush: Begin","Aurora-1",2026-08-23 13:33:19
2026-08-25 13:30:10,"cmd: SitFlush: Begin","Aurora-1",2026-08-23 13:30:10
2026-08-25 13:26:49,"cmd: SitFlush: Begin","Aurora-1",2026-08-23 13:26:49
2026-08-25 13:22:42,"cmd: SitFlush: Begin","Aurora-1",2026-08-23 13:22:42
2026-08-25 13:06:23,"cmd: SitFlush: Begin","Aurora-1",2026-08-23 13:06:23
2026-08-25 13:03:25,"cmd: SitFlush: Begin","Aurora-1",2026-08-23 13:03:25
2026-08-25 12:53:06,"cmd: SitFlush: Begin","Aurora-1",2026-08-23 12:53:06
2026-08-25 12:51:23,"cmd: SitFlush: Begin","Aurora-1",2026-08-23 12:51:23
2026-08-25 10:55:18,"cmd: SitFlush: Begin","Aurora-1",2026-08-23 10:55:18
2026-08-25 10:54:25,"cmd: SitFlush: Begin","Aurora-1",2026-08-23 10:54:25
2026-08-25 10:53:42,"cmd: SitFlush: Begin","Aurora-1",2026-08-23 10:53:42
2026-08-25 10:52:43,"cmd: SitFlush: Begin","Aurora-1",2026-08-23 10:52:43
2026-08-25 08:38:27,"cmd: SitFlush: Begin","Aurora-1",2026-08-23 08:38:27
2026-08-24 13:32:54,"cmd: SitFlush: Begin","Aurora-1",2026-08-23 13:32:54
2026-08-24 13:26:18,"cmd: SitFlush: Begin","Aurora-1",2026-08-23 13:26:18
2026-08-24 13:23:58,"cmd: SitFlush: Begin","Aurora-1",2026-08-23 13:23:58
2026-08-24 13:21:19,"cmd: SitFlush: Begin","Aurora-1",2026-08-23 13:21:19
2026-08-24 13:19:51,"cmd: SitFlush: Begin","Aurora-1",2026-08-23 13:19:51
2026-08-24 13:19:09,"cmd: SitFlush: Begin","Aurora-1",2026-08-23 13:19:09
2026-08-24 12:20:14,"cmd: SitFlush: Begin","Aurora-1",2026-08-23 12:20:14
2026-08-24 12:16:33,"cmd: SitFlush: Begin","Aurora-1",2026-08-23 12:16:33
2026-08-24 12:13:14,"cmd: SitFlush: Begin","Aurora-1",2026-08-23 12:13:14
2026-08-24 12:08:12,"cmd: SitFlush: Begin","Aurora-1",2026-08-23 12:08:12
2026-08-24 12:03:56,"cmd: SitFlush: Begin","Aurora-1",2026-08-23 12:03:56
2026-08-24 12:00:34,"cmd: SitFlush: Begin","Aurora-1",2026-08-23 12:00:34
2026-08-24 11:56:38,"cmd: SitFlush: Begin","Aurora-1",2026-08-23 11:56:38
2026-08-24 11:52:06,"cmd: SitFlush: Begin","Aurora-1",2026-08-23 11:52:06
2026-08-24 11:47:05,"cmd: SitFlush: Begin","Aurora-1",2026-08-23 11:47:05
2026-08-24 11:42:46,"cmd: SitFlush: Begin","Aurora-1",2026-08-23 11:42:46
2026-08-24 11:38:03,"cmd: SitFlush: Begin","Aurora-1",2026-08-23 11:38:03
2026-08-24 11:34:33,"cmd: SitFlush: Begin","Aurora-1",2026-08-23 11:34:33
2026-08-24 11:30:56,"cmd: SitFlush: Begin","Aurora-1",2026-08-23 11:30:56
2026-08-24 11:26:22,"cmd: SitFlush: Begin","Aurora-1",2026-08-23 11:26:22
2026-08-24 11:20:12,"cmd: SitFlush: Begin","Aurora-1",2026-08-23 11:20:12
2026-08-24 11:15:04,"cmd: SitFlush: Begin","Aurora-1",2026-08-23 11:15:04
2026-08-24 11:11:08,"cmd: SitFlush: Begin","Aurora-1",2026-08-23 11:11:08
2026-08-24 11:06:48,"cmd: SitFlush: Begin","Aurora-1",2026-08-23 11:06:48
2026-08-24 11:02:22,"cmd: SitFlush: Begin","Aurora-1",2026-08-23 11:02:22
2026-08-24 10:55:44,"cmd: SitFlush: Begin","Aurora-1",2026-08-23 10:55:44
2026-08-24 10:49:30,"cmd: SitFlush: Begin","Aurora-1",2026-08-23 10:49:30
2026-08-24 10:44:32,"cmd: SitFlush: Begin","Aurora-1",2026-08-23 10:44:32
2026-08-24 10:44:22,"cmd: SitFlush: Begin","Aurora-1",2026-08-23 10:44:22
2026-08-24 10:44:12,"cmd: SitFlush: Begin","Aurora-1",2026-08-23 10:44:12
2026-08-24 10:40:23,"cmd: SitFlush: Begin","Aurora-1",2026-08-23 10:40:23
2026-08-24 10:35:10,"cmd: SitFlush: Begin","Aurora-1",2026-08-23 10:35:10
2026-08-24 10:31:29,"cmd: SitFlush: Begin","Aurora-1",2026-08-23 10:31:29
2026-08-24 09:52:09,"cmd: SitFlush: Begin","Aurora-1",2026-08-23 09:52:09
2026-08-24 09:47:06,"cmd: SitFlush: Begin","Aurora-1",2026-08-23 09:47:06
2026-08-24 09:28:41,"cmd: SitFlush: Begin","Aurora-1",2026-08-23 09:28:41
2026-08-24 09:11:07,"cmd: SitFlush: Begin","Aurora-1",2026-08-23 09:11:07
2026-08-21 18:39:53,"cmd: SitFlush: Begin","Aurora-1",2026-08-16 18:39:53
2026-08-21 18:35:27,"cmd: SitFlush: Begin","Aurora-1",2026-08-16 18:35:27
2026-08-21 18:31:07,"cmd: SitFlush: Begin","Aurora-1",2026-08-16 18:31:07
2026-08-21 18:27:01,"cmd: SitFlush: Begin","Aurora-1",2026-08-16 18:27:01
2026-08-21 18:23:45,"cmd: SitFlush: Begin","Aurora-1",2026-08-16 18:23:45
2026-08-21 18:18:53,"cmd: SitFlush: Begin","Aurora-1",2026-08-16 18:18:53
2026-08-21 18:12:51,"cmd: SitFlush: Begin","Aurora-1",2026-08-16 18:12:51
2026-08-21 18:09:46,"cmd: SitFlush: Begin","Aurora-1",2026-08-16 18:09:46
2026-08-21 18:03:21,"cmd: SitFlush: Begin","Aurora-1",2026-08-16 18:03:21
2026-08-21 17:58:22,"cmd: SitFlush: Begin","Aurora-1",2026-08-16 17:58:22
2026-08-21 17:53:49,"cmd: SitFlush: Begin","Aurora-1",2026-08-16 17:53:49
2026-08-21 17:50:00,"cmd: SitFlush: Begin","Aurora-1",2026-08-16 17:50:00
2026-08-21 17:45:03,"cmd: SitFlush: Begin","Aurora-1",2026-08-16 17:45:03
2026-08-21 17:40:50,"cmd: SitFlush: Begin","Aurora-1",2026-08-16 17:40:50
2026-08-21 17:33:11,"cmd: SitFlush: Begin","Aurora-1",2026-08-16 17:33:11
2026-08-21 17:28:24,"cmd: SitFlush: Begin","Aurora-1",2026-08-16 17:28:24
2026-08-21 17:25:11,"cmd: SitFlush: Begin","Aurora-1",2026-08-16 17:25:11
2026-08-21 17:19:11,"cmd: SitFlush: Begin","Aurora-1",2026-08-16 17:19:11
2026-08-21 17:11:07,"cmd: SitFlush: Begin","Aurora-1",2026-08-16 17:11:07
2026-08-21 17:08:16,"cmd: SitFlush: Begin","Aurora-1",2026-08-16 17:08:16
2026-08-21 17:02:57,"cmd: SitFlush: Begin","Aurora-1",2026-08-16 17:02:57
2026-08-21 16:55:29,"cmd: SitFlush: Begin","Aurora-1",2026-08-16 16:55:29
2026-08-21 16:48:58,"cmd: SitFlush: Begin","Aurora-1",2026-08-16 16:48:58
2026-08-21 16:42:37,"cmd: SitFlush: Begin","Aurora-1",2026-08-16 16:42:37
2026-08-21 16:32:10,"cmd: SitFlush: Begin","Aurora-1",2026-08-16 16:32:10
2026-08-21 16:09:09,"cmd: SitFlush: Begin","Aurora-1",2026-08-16 16:09:09
2026-08-21 16:08:18,"cmd: SitFlush: Begin","Aurora-1",2026-08-16 16:08:18
2026-08-21 16:07:40,"cmd: SitFlush: Begin","Aurora-1",2026-08-16 16:07:40
2026-08-21 16:06:57,"cmd: SitFlush: Begin","Aurora-1",2026-08-16 16:06:57
2026-08-21 16:06:22,"cmd: SitFlush: Begin","Aurora-1",2026-08-16 16:06:22
2026-08-21 16:05:45,"cmd: SitFlush: Begin","Aurora-1",2026-08-16 16:05:45
2026-08-21 16:05:05,"cmd: SitFlush: Begin","Aurora-1",2026-08-16 16:05:05
2026-08-21 16:04:12,"cmd: SitFlush: Begin","Aurora-1",2026-08-16 16:04:12
2026-08-21 16:03:25,"cmd: SitFlush: Begin","Aurora-1",2026-08-16 16:03:25
2026-08-21 16:02:41,"cmd: SitFlush: Begin","Aurora-1",2026-08-16 16:02:41
2026-08-21 16:01:56,"cmd: SitFlush: Begin","Aurora-1",2026-08-16 16:01:56
2026-08-21 16:00:52,"cmd: SitFlush: Begin","Aurora-1",2026-08-16 16:00:52
2026-08-21 16:00:06,"cmd: SitFlush: Begin","Aurora-1",2026-08-16 16:00:06
2026-08-21 15:59:24,"cmd: SitFlush: Begin","Aurora-1",2026-08-16 15:59:24
2026-08-21 15:57:55,"cmd: SitFlush: Begin","Aurora-1",2026-08-16 15:57:55
2026-08-21 15:57:18,"cmd: SitFlush: Begin","Aurora-1",2026-08-16 15:57:18
2026-08-21 15:56:37,"cmd: SitFlush: Begin","Aurora-1",2026-08-16 15:56:37
2026-08-21 15:55:51,"cmd: SitFlush: Begin","Aurora-1",2026-08-16 15:55:51
2026-08-21 15:55:00,"cmd: SitFlush: Begin","Aurora-1",2026-08-16 15:55:00
2026-08-21 13:52:28,"cmd: SitFlush: Begin","Aurora-1",2026-08-16 13:52:28
2026-08-21 13:51:51,"cmd: SitFlush: Begin","Aurora-1",2026-08-16 13:51:51
2026-08-21 13:51:10,"cmd: SitFlush: Begin","Aurora-1",2026-08-16 13:51:10
2026-08-21 13:50:36,"cmd: SitFlush: Begin","Aurora-1",2026-08-16 13:50:36
2026-08-21 13:50:00,"cmd: SitFlush: Begin","Aurora-1",2026-08-16 13:50:00
2026-08-21 13:49:23,"cmd: SitFlush: Begin","Aurora-1",2026-08-16 13:49:23
2026-08-21 13:48:49,"cmd: SitFlush: Begin","Aurora-1",2026-08-16 13:48:49
2026-08-21 13:24:19,"cmd: SitFlush: Begin","Aurora-1",2026-08-16 13:24:19
2026-08-21 13:23:19,"cmd: SitFlush: Begin","Aurora-1",2026-08-16 13:23:19
2026-08-21 13:21:24,"cmd: SitFlush: Begin","Aurora-1",2026-08-16 13:21:24
2026-08-21 13:20:15,"cmd: SitFlush: Begin","Aurora-1",2026-08-16 13:20:15
2026-08-21 13:19:15,"cmd: SitFlush: Begin","Aurora-1",2026-08-16 13:19:15
2026-08-21 13:18:09,"cmd: SitFlush: Begin","Aurora-1",2026-08-16 13:18:09
2026-08-21 13:17:02,"cmd: SitFlush: Begin","Aurora-1",2026-08-16 13:17:02
2026-08-21 13:15:56,"cmd: SitFlush: Begin","Aurora-1",2026-08-16 13:15:56
2026-08-21 13:14:01,"cmd: SitFlush: Begin","Aurora-1",2026-08-16 13:14:01
2026-08-21 13:12:57,"cmd: SitFlush: Begin","Aurora-1",2026-08-16 13:12:57
2026-08-21 13:11:52,"cmd: SitFlush: Begin","Aurora-1",2026-08-16 13:11:52
2026-08-21 13:10:45,"cmd: SitFlush: Begin","Aurora-1",2026-08-16 13:10:45
2026-08-21 13:09:44,"cmd: SitFlush: Begin","Aurora-1",2026-08-16 13:09:44
2026-08-21 13:08:39,"cmd: SitFlush: Begin","Aurora-1",2026-08-16 13:08:39
2026-08-21 13:07:26,"cmd: SitFlush: Begin","Aurora-1",2026-08-16 13:07:26
2026-08-21 13:06:17,"cmd: SitFlush: Begin","Aurora-1",2026-08-16 13:06:17
2026-08-21 13:05:15,"cmd: SitFlush: Begin","Aurora-1",2026-08-16 13:05:15
2026-08-21 13:04:50,"cmd: SitFlush: Begin","Aurora-1",2026-08-16 13:04:50
2026-08-21 13:03:58,"cmd: SitFlush: Begin","Aurora-1",2026-08-16 13:03:58
2026-08-21 13:03:17,"cmd: SitFlush: Begin","Aurora-1",2026-08-16 13:03:17
2026-08-21 13:01:42,"cmd: SitFlush: Begin","Aurora-1",2026-08-16 13:01:42
2026-08-21 13:00:40,"cmd: SitFlush: Begin","Aurora-1",2026-08-16 13:00:40
2026-08-21 12:59:19,"cmd: SitFlush: Begin","Aurora-1",2026-08-16 12:59:19
2026-08-21 12:57:49,"cmd: SitFlush: Begin","Aurora-1",2026-08-16 12:57:49
2026-08-21 12:57:06,"cmd: SitFlush: Begin","Aurora-1",2026-08-16 12:57:06
2026-08-21 12:55:21,"cmd: SitFlush: Begin","Aurora-1",2026-08-16 12:55:21
2026-08-21 11:35:29,"cmd: SitFlush: Begin","Aurora-1",2026-08-16 11:35:29
2026-08-21 11:34:37,"cmd: SitFlush: Begin","Aurora-1",2026-08-16 11:34:37
2026-08-21 11:33:45,"cmd: SitFlush: Begin","Aurora-1",2026-08-16 11:33:45
2026-08-21 11:32:55,"cmd: SitFlush: Begin","Aurora-1",2026-08-16 11:32:55
2026-08-21 11:32:08,"cmd: SitFlush: Begin","Aurora-1",2026-08-16 11:32:08
2026-08-21 11:31:24,"cmd: SitFlush: Begin","Aurora-1",2026-08-16 11:31:24
2026-08-21 11:30:27,"cmd: SitFlush: Begin","Aurora-1",2026-08-16 11:30:27
2026-08-21 11:29:36,"cmd: SitFlush: Begin","Aurora-1",2026-08-16 11:29:36
2026-08-21 11:28:41,"cmd: SitFlush: Begin","Aurora-1",2026-08-16 11:28:41
2026-08-21 11:28:01,"cmd: SitFlush: Begin","Aurora-1",2026-08-16 11:28:01
2026-08-21 11:27:26,"cmd: SitFlush: Begin","Aurora-1",2026-08-16 11:27:26
2026-08-21 11:26:49,"cmd: SitFlush: Begin","Aurora-1",2026-08-16 11:26:49
2026-08-21 11:25:47,"cmd: SitFlush: Begin","Aurora-1",2026-08-16 11:25:47
2026-08-21 11:24:49,"cmd: SitFlush: Begin","Aurora-1",2026-08-16 11:24:49
2026-08-21 11:23:51,"cmd: SitFlush: Begin","Aurora-1",2026-08-16 11:23:51
2026-08-21 11:23:01,"cmd: SitFlush: Begin","Aurora-1",2026-08-16 11:23:01
2026-08-21 11:22:03,"cmd: SitFlush: Begin","Aurora-1",2026-08-16 11:22:03
2026-08-21 11:20:42,"cmd: SitFlush: Begin","Aurora-1",2026-08-16 11:20:42
2026-08-21 11:18:39,"cmd: SitFlush: Begin","Aurora-1",2026-08-16 11:18:39
2026-08-21 11:11:20,"cmd: SitFlush: Begin","Aurora-1",2026-08-16 11:11:20
2026-08-21 11:10:17,"cmd: SitFlush: Begin","Aurora-1",2026-08-16 11:10:17
2026-08-21 11:08:29,"cmd: SitFlush: Begin","Aurora-1",2026-08-16 11:08:29
2026-08-21 11:07:30,"cmd: SitFlush: Begin","Aurora-1",2026-08-16 11:07:30
2026-08-21 11:06:12,"cmd: SitFlush: Begin","Aurora-1",2026-08-16 11:06:12
2026-08-21 11:04:21,"cmd: SitFlush: Begin","Aurora-1",2026-08-16 11:04:21
2026-08-21 11:03:07,"cmd: SitFlush: Begin","Aurora-1",2026-08-16 11:03:07
2026-08-21 10:05:56,"cmd: SitFlush: Begin","Aurora-1",2026-08-16 10:05:56
2026-08-21 10:05:33,"cmd: SitFlush: Begin","Aurora-1",2026-08-16 10:05:33
2026-08-21 10:05:09,"cmd: SitFlush: Begin","Aurora-1",2026-08-16 10:05:09
2026-08-21 10:04:45,"cmd: SitFlush: Begin","Aurora-1",2026-08-16 10:04:45
2026-08-21 10:04:22,"cmd: SitFlush: Begin","Aurora-1",2026-08-16 10:04:22
2026-08-21 10:03:59,"cmd: SitFlush: Begin","Aurora-1",2026-08-16 10:03:59
2026-08-21 10:03:36,"cmd: SitFlush: Begin","Aurora-1",2026-08-16 10:03:36
2026-08-21 10:01:25,"cmd: SitFlush: Begin","Aurora-1",2026-08-16 10:01:25
2026-08-21 10:00:57,"cmd: SitFlush: Begin","Aurora-1",2026-08-16 10:00:57
2026-08-21 10:00:34,"cmd: SitFlush: Begin","Aurora-1",2026-08-16 10:00:34
2026-08-21 10:00:11,"cmd: SitFlush: Begin","Aurora-1",2026-08-16 10:00:11
2026-08-21 09:59:48,"cmd: SitFlush: Begin","Aurora-1",2026-08-16 09:59:48
2026-08-21 09:59:23,"cmd: SitFlush: Begin","Aurora-1",2026-08-16 09:59:23
2026-08-21 09:58:59,"cmd: SitFlush: Begin","Aurora-1",2026-08-16 09:58:59
2026-08-21 09:58:36,"cmd: SitFlush: Begin","Aurora-1",2026-08-16 09:58:36
2026-08-21 09:58:13,"cmd: SitFlush: Begin","Aurora-1",2026-08-16 09:58:13
2026-08-21 09:55:56,"cmd: SitFlush: Begin","Aurora-1",2026-08-16 09:55:56
2026-08-21 09:55:03,"cmd: SitFlush: Begin","Aurora-1",2026-08-16 09:55:03
2026-08-21 08:41:41,"cmd: SitFlush: Begin","Aurora-1",2026-08-16 08:41:41
2026-08-21 08:32:10,"cmd: SitFlush: Begin","Aurora-1",2026-08-16 08:32:10
2026-08-20 16:48:27,"cmd: SitFlush: Begin","Aurora-1",2026-08-16 16:48:27
2026-08-20 16:46:38,"cmd: SitFlush: Begin","Aurora-1",2026-08-16 16:46:38
2026-08-20 16:44:37,"cmd: SitFlush: Begin","Aurora-1",2026-08-16 16:44:37
2026-08-20 16:42:39,"cmd: SitFlush: Begin","Aurora-1",2026-08-16 16:42:39
2026-08-20 16:40:38,"cmd: SitFlush: Begin","Aurora-1",2026-08-16 16:40:38
2026-08-20 16:38:36,"cmd: SitFlush: Begin","Aurora-1",2026-08-16 16:38:36
2026-08-20 16:36:49,"cmd: SitFlush: Begin","Aurora-1",2026-08-16 16:36:49
2026-08-20 16:34:48,"cmd: SitFlush: Begin","Aurora-1",2026-08-16 16:34:48
2026-08-20 16:32:47,"cmd: SitFlush: Begin","Aurora-1",2026-08-16 16:32:47
2026-08-20 16:30:54,"cmd: SitFlush: Begin","Aurora-1",2026-08-16 16:30:54
2026-08-20 16:28:54,"cmd: SitFlush: Begin","Aurora-1",2026-08-16 16:28:54
2026-08-20 16:26:53,"cmd: SitFlush: Begin","Aurora-1",2026-08-16 16:26:53
2026-08-20 16:25:16,"cmd: SitFlush: Begin","Aurora-1",2026-08-16 16:25:16
2026-08-20 16:23:32,"cmd: SitFlush: Begin","Aurora-1",2026-08-16 16:23:32
2026-08-20 16:21:42,"cmd: SitFlush: Begin","Aurora-1",2026-08-16 16:21:42
2026-08-20 16:20:10,"cmd: SitFlush: Begin","Aurora-1",2026-08-16 16:20:10
2026-08-20 16:18:31,"cmd: SitFlush: Begin","Aurora-1",2026-08-16 16:18:31
2026-08-20 16:16:32,"cmd: SitFlush: Begin","Aurora-1",2026-08-16 16:16:32
2026-08-20 16:14:32,"cmd: SitFlush: Begin","Aurora-1",2026-08-16 16:14:32
2026-08-20 16:12:29,"cmd: SitFlush: Begin","Aurora-1",2026-08-16 16:12:29
2026-08-20 15:44:08,"cmd: SitFlush: Begin","Aurora-1",2026-08-16 15:44:08
2026-08-20 15:42:07,"cmd: SitFlush: Begin","Aurora-1",2026-08-16 15:42:07
2026-08-20 15:40:08,"cmd: SitFlush: Begin","Aurora-1",2026-08-16 15:40:08
2026-08-20 15:38:08,"cmd: SitFlush: Begin","Aurora-1",2026-08-16 15:38:08
2026-08-20 15:36:04,"cmd: SitFlush: Begin","Aurora-1",2026-08-16 15:36:04
2026-08-20 15:34:03,"cmd: SitFlush: Begin","Aurora-1",2026-08-16 15:34:03
2026-08-20 15:32:03,"cmd: SitFlush: Begin","Aurora-1",2026-08-16 15:32:03
2026-08-20 15:30:03,"cmd: SitFlush: Begin","Aurora-1",2026-08-16 15:30:03
2026-08-20 15:28:02,"cmd: SitFlush: Begin","Aurora-1",2026-08-16 15:28:02
2026-08-20 15:26:02,"cmd: SitFlush: Begin","Aurora-1",2026-08-16 15:26:02
2026-08-20 15:24:02,"cmd: SitFlush: Begin","Aurora-1",2026-08-16 15:24:02
2026-08-20 15:22:02,"cmd: SitFlush: Begin","Aurora-1",2026-08-16 15:22:02
2026-08-20 15:19:57,"cmd: SitFlush: Begin","Aurora-1",2026-08-16 15:19:57
2026-08-20 15:17:57,"cmd: SitFlush: Begin","Aurora-1",2026-08-16 15:17:57
2026-08-20 15:15:56,"cmd: SitFlush: Begin","Aurora-1",2026-08-16 15:15:56
2026-08-20 15:13:55,"cmd: SitFlush: Begin","Aurora-1",2026-08-16 15:13:55
2026-08-20 15:11:55,"cmd: SitFlush: Begin","Aurora-1",2026-08-16 15:11:55
2026-08-20 15:09:54,"cmd: SitFlush: Begin","Aurora-1",2026-08-16 15:09:54
2026-08-20 15:07:54,"cmd: SitFlush: Begin","Aurora-1",2026-08-16 15:07:54
2026-08-20 15:05:53,"cmd: SitFlush: Begin","Aurora-1",2026-08-16 15:05:53
2026-08-20 15:03:43,"cmd: SitFlush: Begin","Aurora-1",2026-08-16 15:03:43
2026-08-20 13:02:29,"cmd: SitFlush: Begin","Aurora-1",2026-08-16 13:02:29
2026-08-20 13:00:28,"cmd: SitFlush: Begin","Aurora-1",2026-08-16 13:00:28
2026-08-20 12:57:52,"cmd: SitFlush: Begin","Aurora-1",2026-08-16 12:57:52
2026-08-20 12:32:48,"cmd: SitFlush: Begin","Aurora-1",2026-08-16 12:32:48
2026-08-20 12:30:50,"cmd: SitFlush: Begin","Aurora-1",2026-08-16 12:30:50
2026-08-20 12:28:59,"cmd: SitFlush: Begin","Aurora-1",2026-08-16 12:28:59
2026-08-20 12:26:58,"cmd: SitFlush: Begin","Aurora-1",2026-08-16 12:26:58
2026-08-20 12:24:20,"cmd: SitFlush: Begin","Aurora-1",2026-08-16 12:24:20
2026-08-20 12:22:21,"cmd: SitFlush: Begin","Aurora-1",2026-08-16 12:22:21
2026-08-20 12:20:48,"cmd: SitFlush: Begin","Aurora-1",2026-08-16 12:20:48
2026-08-20 12:17:47,"cmd: SitFlush: Begin","Aurora-1",2026-08-16 12:17:47
2026-08-20 12:15:43,"cmd: SitFlush: Begin","Aurora-1",2026-08-16 12:15:43
2026-08-20 12:09:24,"cmd: SitFlush: Begin","Aurora-1",2026-08-16 12:09:24
2026-08-20 11:24:37,"cmd: SitFlush: Begin","Aurora-1",2026-08-16 11:24:37
2026-08-20 11:20:52,"cmd: SitFlush: Begin","Aurora-1",2026-08-16 11:20:52
2026-08-20 11:17:23,"cmd: SitFlush: Begin","Aurora-1",2026-08-16 11:17:23
2026-08-20 11:13:25,"cmd: SitFlush: Begin","Aurora-1",2026-08-16 11:13:25
2026-08-20 11:11:02,"cmd: SitFlush: Begin","Aurora-1",2026-08-16 11:11:02
2026-08-20 11:04:43,"cmd: SitFlush: Begin","Aurora-1",2026-08-16 11:04:43
2026-08-20 11:03:47,"cmd: SitFlush: Begin","Aurora-1",2026-08-16 11:03:47
2026-08-20 11:00:22,"cmd: SitFlush: Begin","Aurora-1",2026-08-16 11:00:22
2026-08-20 10:57:06,"cmd: SitFlush: Begin","Aurora-1",2026-08-16 10:57:06
2026-08-20 10:53:13,"cmd: SitFlush: Begin","Aurora-1",2026-08-16 10:53:13
2026-08-20 10:45:40,"cmd: SitFlush: Begin","Aurora-1",2026-08-16 10:45:40
2026-08-20 10:44:46,"cmd: SitFlush: Begin","Aurora-1",2026-08-16 10:44:46
2026-08-20 10:43:45,"cmd: SitFlush: Begin","Aurora-1",2026-08-16 10:43:45
2026-08-20 10:42:54,"cmd: SitFlush: Begin","Aurora-1",2026-08-16 10:42:54
2026-08-20 10:41:40,"cmd: SitFlush: Begin","Aurora-1",2026-08-16 10:41:40
2026-08-20 10:39:54,"cmd: SitFlush: Begin","Aurora-1",2026-08-16 10:39:54
2026-08-20 10:36:44,"cmd: SitFlush: Begin","Aurora-1",2026-08-16 10:36:44
2026-08-20 10:34:44,"cmd: SitFlush: Begin","Aurora-1",2026-08-16 10:34:44
2026-08-20 10:31:53,"cmd: SitFlush: Begin","Aurora-1",2026-08-16 10:31:53
2026-08-20 10:30:26,"cmd: SitFlush: Begin","Aurora-1",2026-08-16 10:30:26
2026-08-20 08:44:57,"cmd: SitFlush: Begin","Aurora-1",2026-08-16 08:44:57
2026-08-20 08:39:48,"cmd: SitFlush: Begin","Aurora-1",2026-08-16 08:39:48
2026-08-19 17:59:26,"cmd: SitFlush: Begin","Aurora-1",2026-08-16 17:59:26
2026-08-19 17:57:26,"cmd: SitFlush: Begin","Aurora-1",2026-08-16 17:57:26
2026-08-19 17:55:24,"cmd: SitFlush: Begin","Aurora-1",2026-08-16 17:55:24
2026-08-19 17:53:18,"cmd: SitFlush: Begin","Aurora-1",2026-08-16 17:53:18
2026-08-19 17:51:16,"cmd: SitFlush: Begin","Aurora-1",2026-08-16 17:51:16
2026-08-19 17:49:10,"cmd: SitFlush: Begin","Aurora-1",2026-08-16 17:49:10
2026-08-19 17:47:09,"cmd: SitFlush: Begin","Aurora-1",2026-08-16 17:47:09
2026-08-19 17:45:08,"cmd: SitFlush: Begin","Aurora-1",2026-08-16 17:45:08
2026-08-19 17:43:07,"cmd: SitFlush: Begin","Aurora-1",2026-08-16 17:43:07
2026-08-19 17:41:07,"cmd: SitFlush: Begin","Aurora-1",2026-08-16 17:41:07
2026-08-19 17:39:07,"cmd: SitFlush: Begin","Aurora-1",2026-08-16 17:39:07
2026-08-19 17:37:00,"cmd: SitFlush: Begin","Aurora-1",2026-08-16 17:37:00
2026-08-19 17:35:00,"cmd: SitFlush: Begin","Aurora-1",2026-08-16 17:35:00
2026-08-19 17:32:59,"cmd: SitFlush: Begin","Aurora-1",2026-08-16 17:32:59
2026-08-19 17:30:58,"cmd: SitFlush: Begin","Aurora-1",2026-08-16 17:30:58
2026-08-19 17:28:57,"cmd: SitFlush: Begin","Aurora-1",2026-08-16 17:28:57
2026-08-19 17:26:56,"cmd: SitFlush: Begin","Aurora-1",2026-08-16 17:26:56
2026-08-19 17:24:53,"cmd: SitFlush: Begin","Aurora-1",2026-08-16 17:24:53
2026-08-19 17:23:17,"cmd: SitFlush: Begin","Aurora-1",2026-08-16 17:23:17
2026-08-19 17:21:11,"cmd: SitFlush: Begin","Aurora-1",2026-08-16 17:21:11
2026-08-19 17:19:10,"cmd: SitFlush: Begin","Aurora-1",2026-08-16 17:19:10
2026-08-19 17:17:09,"cmd: SitFlush: Begin","Aurora-1",2026-08-16 17:17:09
2026-08-19 17:15:08,"cmd: SitFlush: Begin","Aurora-1",2026-08-16 17:15:08
2026-08-19 17:13:06,"cmd: SitFlush: Begin","Aurora-1",2026-08-16 17:13:06
2026-08-19 17:11:12,"cmd: SitFlush: Begin","Aurora-1",2026-08-16 17:11:12
2026-08-19 17:09:29,"cmd: SitFlush: Begin","Aurora-1",2026-08-16 17:09:29
2026-08-19 17:07:29,"cmd: SitFlush: Begin","Aurora-1",2026-08-16 17:07:29
2026-08-19 17:05:47,"cmd: SitFlush: Begin","Aurora-1",2026-08-16 17:05:47
2026-08-19 17:03:50,"cmd: SitFlush: Begin","Aurora-1",2026-08-16 17:03:50
2026-08-19 17:01:48,"cmd: SitFlush: Begin","Aurora-1",2026-08-16 17:01:48
2026-08-19 16:59:50,"cmd: SitFlush: Begin","Aurora-1",2026-08-16 16:59:50
2026-08-19 16:57:50,"cmd: SitFlush: Begin","Aurora-1",2026-08-16 16:57:50
2026-08-19 16:55:49,"cmd: SitFlush: Begin","Aurora-1",2026-08-16 16:55:49
2026-08-19 16:54:01,"cmd: SitFlush: Begin","Aurora-1",2026-08-16 16:54:01
2026-08-19 16:52:13,"cmd: SitFlush: Begin","Aurora-1",2026-08-16 16:52:13
2026-08-19 16:18:23,"cmd: SitFlush: Begin","Aurora-1",2026-08-16 16:18:23
2026-08-19 16:16:23,"cmd: SitFlush: Begin","Aurora-1",2026-08-16 16:16:23
2026-08-19 16:14:22,"cmd: SitFlush: Begin","Aurora-1",2026-08-16 16:14:22
2026-08-19 16:12:22,"cmd: SitFlush: Begin","Aurora-1",2026-08-16 16:12:22
2026-08-19 16:10:19,"cmd: SitFlush: Begin","Aurora-1",2026-08-16 16:10:19
2026-08-19 16:08:18,"cmd: SitFlush: Begin","Aurora-1",2026-08-16 16:08:18
2026-08-19 16:06:17,"cmd: SitFlush: Begin","Aurora-1",2026-08-16 16:06:17
2026-08-19 16:04:17,"cmd: SitFlush: Begin","Aurora-1",2026-08-16 16:04:17
2026-08-19 16:02:17,"cmd: SitFlush: Begin","Aurora-1",2026-08-16 16:02:17
2026-08-19 16:00:16,"cmd: SitFlush: Begin","Aurora-1",2026-08-16 16:00:16
2026-08-19 15:58:15,"cmd: SitFlush: Begin","Aurora-1",2026-08-16 15:58:15
2026-08-19 15:56:16,"cmd: SitFlush: Begin","Aurora-1",2026-08-16 15:56:16
2026-08-19 15:54:10,"cmd: SitFlush: Begin","Aurora-1",2026-08-16 15:54:10
2026-08-19 15:52:10,"cmd: SitFlush: Begin","Aurora-1",2026-08-16 15:52:10
2026-08-19 15:50:11,"cmd: SitFlush: Begin","Aurora-1",2026-08-16 15:50:11
2026-08-19 15:48:10,"cmd: SitFlush: Begin","Aurora-1",2026-08-16 15:48:10
2026-08-19 15:46:08,"cmd: SitFlush: Begin","Aurora-1",2026-08-16 15:46:08
2026-08-19 15:44:07,"cmd: SitFlush: Begin","Aurora-1",2026-08-16 15:44:07
2026-08-19 15:42:04,"cmd: SitFlush: Begin","Aurora-1",2026-08-16 15:42:04
2026-08-19 15:40:03,"cmd: SitFlush: Begin","Aurora-1",2026-08-16 15:40:03
2026-08-19 15:37:58,"cmd: SitFlush: Begin","Aurora-1",2026-08-16 15:37:58
2026-08-19 15:35:57,"cmd: SitFlush: Begin","Aurora-1",2026-08-16 15:35:57
2026-08-19 15:33:57,"cmd: SitFlush: Begin","Aurora-1",2026-08-16 15:33:57
2026-08-19 15:31:56,"cmd: SitFlush: Begin","Aurora-1",2026-08-16 15:31:56
2026-08-19 15:29:54,"cmd: SitFlush: Begin","Aurora-1",2026-08-16 15:29:54
2026-08-19 15:27:52,"cmd: SitFlush: Begin","Aurora-1",2026-08-16 15:27:52
2026-08-19 15:25:50,"cmd: SitFlush: Begin","Aurora-1",2026-08-16 15:25:50
2026-08-19 15:23:48,"cmd: SitFlush: Begin","Aurora-1",2026-08-16 15:23:48
2026-08-19 15:21:42,"cmd: SitFlush: Begin","Aurora-1",2026-08-16 15:21:42
2026-08-19 15:19:41,"cmd: SitFlush: Begin","Aurora-1",2026-08-16 15:19:41
2026-08-19 15:17:37,"cmd: SitFlush: Begin","Aurora-1",2026-08-16 15:17:37
2026-08-19 15:15:34,"cmd: SitFlush: Begin","Aurora-1",2026-08-16 15:15:34
2026-08-19 15:13:31,"cmd: SitFlush: Begin","Aurora-1",2026-08-16 15:13:31
2026-08-19 15:11:28,"cmd: SitFlush: Begin","Aurora-1",2026-08-16 15:11:28
2026-08-19 15:09:25,"cmd: SitFlush: Begin","Aurora-1",2026-08-16 15:09:25
2026-08-19 15:07:21,"cmd: SitFlush: Begin","Aurora-1",2026-08-16 15:07:21
2026-08-19 15:05:08,"cmd: SitFlush: Begin","Aurora-1",2026-08-16 15:05:08
2026-08-19 14:42:02,"cmd: SitFlush: Begin","Aurora-1",2026-08-16 14:42:02
2026-08-19 14:40:57,"cmd: SitFlush: Begin","Aurora-1",2026-08-16 14:40:57
2026-08-19 14:38:33,"cmd: SitFlush: Begin","Aurora-1",2026-08-16 14:38:33
2026-08-19 14:38:04,"cmd: SitFlush: Begin","Aurora-1",2026-08-16 14:38:04
2026-08-19 14:37:37,"cmd: SitFlush: Begin","Aurora-1",2026-08-16 14:37:37
2026-08-19 14:37:10,"cmd: SitFlush: Begin","Aurora-1",2026-08-16 14:37:10
2026-08-19 14:36:38,"cmd: SitFlush: Begin","Aurora-1",2026-08-16 14:36:38
2026-08-19 14:36:11,"cmd: SitFlush: Begin","Aurora-1",2026-08-16 14:36:11
2026-08-19 14:35:44,"cmd: SitFlush: Begin","Aurora-1",2026-08-16 14:35:44
2026-08-19 14:35:17,"cmd: SitFlush: Begin","Aurora-1",2026-08-16 14:35:17
2026-08-19 14:34:45,"cmd: SitFlush: Begin","Aurora-1",2026-08-16 14:34:45
2026-08-19 14:34:18,"cmd: SitFlush: Begin","Aurora-1",2026-08-16 14:34:18
2026-08-19 14:33:50,"cmd: SitFlush: Begin","Aurora-1",2026-08-16 14:33:50
2026-08-19 14:33:23,"cmd: SitFlush: Begin","Aurora-1",2026-08-16 14:33:23
2026-08-19 14:32:49,"cmd: SitFlush: Begin","Aurora-1",2026-08-16 14:32:49
2026-08-19 14:32:22,"cmd: SitFlush: Begin","Aurora-1",2026-08-16 14:32:22
2026-08-19 14:31:54,"cmd: SitFlush: Begin","Aurora-1",2026-08-16 14:31:54
2026-08-19 14:31:27,"cmd: SitFlush: Begin","Aurora-1",2026-08-16 14:31:27
2026-08-19 14:30:55,"cmd: SitFlush: Begin","Aurora-1",2026-08-16 14:30:55
2026-08-19 14:30:28,"cmd: SitFlush: Begin","Aurora-1",2026-08-16 14:30:28
2026-08-19 14:30:01,"cmd: SitFlush: Begin","Aurora-1",2026-08-16 14:30:01
2026-08-19 14:29:34,"cmd: SitFlush: Begin","Aurora-1",2026-08-16 14:29:34
2026-08-19 14:29:03,"cmd: SitFlush: Begin","Aurora-1",2026-08-16 14:29:03
2026-08-19 14:28:35,"cmd: SitFlush: Begin","Aurora-1",2026-08-16 14:28:35
2026-08-19 14:28:08,"cmd: SitFlush: Begin","Aurora-1",2026-08-16 14:28:08
2026-08-19 14:27:40,"cmd: SitFlush: Begin","Aurora-1",2026-08-16 14:27:40
2026-08-19 13:58:16,"cmd: SitFlush: Begin","Aurora-1",2026-08-16 13:58:16
2026-08-19 13:57:48,"cmd: SitFlush: Begin","Aurora-1",2026-08-16 13:57:48
2026-08-19 13:57:20,"cmd: SitFlush: Begin","Aurora-1",2026-08-16 13:57:20
2026-08-19 13:56:51,"cmd: SitFlush: Begin","Aurora-1",2026-08-16 13:56:51
2026-08-19 13:56:19,"cmd: SitFlush: Begin","Aurora-1",2026-08-16 13:56:19
2026-08-19 13:55:51,"cmd: SitFlush: Begin","Aurora-1",2026-08-16 13:55:51
2026-08-19 13:55:20,"cmd: SitFlush: Begin","Aurora-1",2026-08-16 13:55:20
2026-08-19 13:54:51,"cmd: SitFlush: Begin","Aurora-1",2026-08-16 13:54:51
2026-08-19 13:54:17,"cmd: SitFlush: Begin","Aurora-1",2026-08-16 13:54:17
2026-08-19 13:53:49,"cmd: SitFlush: Begin","Aurora-1",2026-08-16 13:53:49
2026-08-19 13:53:20,"cmd: SitFlush: Begin","Aurora-1",2026-08-16 13:53:20
2026-08-19 13:52:50,"cmd: SitFlush: Begin","Aurora-1",2026-08-16 13:52:50
2026-08-19 13:52:14,"cmd: SitFlush: Begin","Aurora-1",2026-08-16 13:52:14
2026-08-19 13:51:45,"cmd: SitFlush: Begin","Aurora-1",2026-08-16 13:51:45
2026-08-19 13:51:16,"cmd: SitFlush: Begin","Aurora-1",2026-08-16 13:51:16
2026-08-19 13:50:45,"cmd: SitFlush: Begin","Aurora-1",2026-08-16 13:50:45
2026-08-19 13:50:12,"cmd: SitFlush: Begin","Aurora-1",2026-08-16 13:50:12
2026-08-19 13:49:44,"cmd: SitFlush: Begin","Aurora-1",2026-08-16 13:49:44
2026-08-19 13:49:16,"cmd: SitFlush: Begin","Aurora-1",2026-08-16 13:49:16
2026-08-19 13:48:47,"cmd: SitFlush: Begin","Aurora-1",2026-08-16 13:48:47
2026-08-19 13:48:13,"cmd: SitFlush: Begin","Aurora-1",2026-08-16 13:48:13
2026-08-19 13:47:45,"cmd: SitFlush: Begin","Aurora-1",2026-08-16 13:47:45
2026-08-19 13:47:16,"cmd: SitFlush: Begin","Aurora-1",2026-08-16 13:47:16
2026-08-19 13:40:57,"cmd: SitFlush: Begin","Aurora-1",2026-08-16 13:40:57
2026-08-19 12:33:54,"cmd: SitFlush: Begin","Aurora-1",2026-08-16 12:33:54
2026-08-19 12:32:27,"cmd: SitFlush: Begin","Aurora-1",2026-08-16 12:32:27
2026-08-19 12:30:56,"cmd: SitFlush: Begin","Aurora-1",2026-08-16 12:30:56
2026-08-19 12:26:20,"cmd: SitFlush: Begin","Aurora-1",2026-08-16 12:26:20
2026-08-19 12:24:43,"cmd: SitFlush: Begin","Aurora-1",2026-08-16 12:24:43
2026-08-19 12:19:56,"cmd: SitFlush: Begin","Aurora-1",2026-08-16 12:19:56
2026-08-19 12:19:03,"cmd: SitFlush: Begin","Aurora-1",2026-08-16 12:19:03
2026-08-19 12:17:31,"cmd: SitFlush: Begin","Aurora-1",2026-08-16 12:17:31
2026-08-19 12:12:43,"cmd: SitFlush: Begin","Aurora-1",2026-08-16 12:12:43
2026-08-19 12:11:28,"cmd: SitFlush: Begin","Aurora-1",2026-08-16 12:11:28
2026-08-19 12:09:56,"cmd: SitFlush: Begin","Aurora-1",2026-08-16 12:09:56
2026-08-19 12:04:56,"cmd: SitFlush: Begin","Aurora-1",2026-08-16 12:04:56
2026-08-19 11:47:20,"cmd: SitFlush: Begin","Aurora-1",2026-08-16 11:47:20
2026-08-19 11:42:59,"cmd: SitFlush: Begin","Aurora-1",2026-08-16 11:42:59
2026-08-19 11:38:29,"cmd: SitFlush: Begin","Aurora-1",2026-08-16 11:38:29
2026-08-19 11:36:44,"cmd: SitFlush: Begin","Aurora-1",2026-08-16 11:36:44
2026-08-19 11:32:25,"cmd: SitFlush: Begin","Aurora-1",2026-08-16 11:32:25
2026-08-19 11:29:45,"cmd: SitFlush: Begin","Aurora-1",2026-08-16 11:29:45
2026-08-19 11:27:02,"cmd: SitFlush: Begin","Aurora-1",2026-08-16 11:27:02
2026-08-19 11:22:19,"cmd: SitFlush: Begin","Aurora-1",2026-08-16 11:22:19
2026-08-19 11:20:50,"cmd: SitFlush: Begin","Aurora-1",2026-08-16 11:20:50
2026-08-19 11:16:54,"cmd: SitFlush: Begin","Aurora-1",2026-08-16 11:16:54
2026-08-19 11:15:21,"cmd: SitFlush: Begin","Aurora-1",2026-08-16 11:15:21
2026-08-19 11:14:23,"cmd: SitFlush: Begin","Aurora-1",2026-08-16 11:14:23
2026-08-19 11:13:39,"cmd: SitFlush: Begin","Aurora-1",2026-08-16 11:13:39
2026-08-19 11:12:06,"cmd: SitFlush: Begin","Aurora-1",2026-08-16 11:12:06
2026-08-19 11:11:16,"cmd: SitFlush: Begin","Aurora-1",2026-08-16 11:11:16
2026-08-19 11:09:38,"cmd: SitFlush: Begin","Aurora-1",2026-08-16 11:09:38
2026-08-19 11:08:48,"cmd: SitFlush: Begin","Aurora-1",2026-08-16 11:08:48
2026-08-19 11:07:19,"cmd: SitFlush: Begin","Aurora-1",2026-08-16 11:07:19
2026-08-19 11:06:28,"cmd: SitFlush: Begin","Aurora-1",2026-08-16 11:06:28
2026-08-19 11:04:59,"cmd: SitFlush: Begin","Aurora-1",2026-08-16 11:04:59
2026-08-19 11:04:12,"cmd: SitFlush: Begin","Aurora-1",2026-08-16 11:04:12
2026-08-19 11:02:46,"cmd: SitFlush: Begin","Aurora-1",2026-08-16 11:02:46
2026-08-19 11:01:04,"cmd: SitFlush: Begin","Aurora-1",2026-08-16 11:01:04
2026-08-19 11:00:25,"cmd: SitFlush: Begin","Aurora-1",2026-08-16 11:00:25
2026-08-19 10:58:59,"cmd: SitFlush: Begin","Aurora-1",2026-08-16 10:58:59
2026-08-19 10:58:07,"cmd: SitFlush: Begin","Aurora-1",2026-08-16 10:58:07
2026-08-19 10:56:43,"cmd: SitFlush: Begin","Aurora-1",2026-08-16 10:56:43
2026-08-19 10:55:44,"cmd: SitFlush: Begin","Aurora-1",2026-08-16 10:55:44
2026-08-19 10:54:56,"cmd: SitFlush: Begin","Aurora-1",2026-08-16 10:54:56
2026-08-19 10:53:32,"cmd: SitFlush: Begin","Aurora-1",2026-08-16 10:53:32
2026-08-19 10:52:41,"cmd: SitFlush: Begin","Aurora-1",2026-08-16 10:52:41
2026-08-19 10:51:17,"cmd: SitFlush: Begin","Aurora-1",2026-08-16 10:51:17
2026-08-19 10:50:25,"cmd: SitFlush: Begin","Aurora-1",2026-08-16 10:50:25
2026-08-19 10:49:32,"cmd: SitFlush: Begin","Aurora-1",2026-08-16 10:49:32
2026-08-19 10:48:10,"cmd: SitFlush: Begin","Aurora-1",2026-08-16 10:48:10
2026-08-19 10:47:17,"cmd: SitFlush: Begin","Aurora-1",2026-08-16 10:47:17
2026-08-19 10:46:41,"cmd: SitFlush: Begin","Aurora-1",2026-08-16 10:46:41
2026-08-19 10:45:15,"cmd: SitFlush: Begin","Aurora-1",2026-08-16 10:45:15
2026-08-19 10:44:14,"cmd: SitFlush: Begin","Aurora-1",2026-08-16 10:44:14
2026-08-19 10:43:36,"cmd: SitFlush: Begin","Aurora-1",2026-08-16 10:43:36
2026-08-19 10:42:09,"cmd: SitFlush: Begin","Aurora-1",2026-08-16 10:42:09
2026-08-19 10:40:47,"cmd: SitFlush: Begin","Aurora-1",2026-08-16 10:40:47
2026-08-19 10:39:47,"cmd: SitFlush: Begin","Aurora-1",2026-08-16 10:39:47
2026-08-19 10:38:22,"cmd: SitFlush: Begin","Aurora-1",2026-08-16 10:38:22
2026-08-19 10:37:05,"cmd: SitFlush: Begin","Aurora-1",2026-08-16 10:37:05
2026-08-19 10:36:11,"cmd: SitFlush: Begin","Aurora-1",2026-08-16 10:36:11
2026-08-19 10:34:39,"cmd: SitFlush: Begin","Aurora-1",2026-08-16 10:34:39
2026-08-19 10:33:46,"cmd: SitFlush: Begin","Aurora-1",2026-08-16 10:33:46
2026-08-19 10:32:54,"cmd: SitFlush: Begin","Aurora-1",2026-08-16 10:32:54
2026-08-19 10:31:58,"cmd: SitFlush: Begin","Aurora-1",2026-08-16 10:31:58
2026-08-19 10:30:32,"cmd: SitFlush: Begin","Aurora-1",2026-08-16 10:30:32
2026-08-19 10:29:35,"cmd: SitFlush: Begin","Aurora-1",2026-08-16 10:29:35
2026-08-19 10:28:21,"cmd: SitFlush: Begin","Aurora-1",2026-08-16 10:28:21
2026-08-19 10:26:43,"cmd: SitFlush: Begin","Aurora-1",2026-08-16 10:26:43
2026-08-19 10:24:59,"cmd: SitFlush: Begin","Aurora-1",2026-08-16 10:24:59
2026-08-19 10:23:06,"cmd: SitFlush: Begin","Aurora-1",2026-08-16 10:23:06
2026-08-19 10:21:24,"cmd: SitFlush: Begin","Aurora-1",2026-08-16 10:21:24
2026-08-19 10:20:26,"cmd: SitFlush: Begin","Aurora-1",2026-08-16 10:20:26
2026-08-19 10:19:31,"cmd: SitFlush: Begin","Aurora-1",2026-08-16 10:19:31
2026-08-19 10:17:55,"cmd: SitFlush: Begin","Aurora-1",2026-08-16 10:17:55
2026-08-19 10:15:12,"cmd: SitFlush: Begin","Aurora-1",2026-08-16 10:15:12
2026-08-19 10:12:54,"cmd: SitFlush: Begin","Aurora-1",2026-08-16 10:12:54
2026-08-19 10:12:00,"cmd: SitFlush: Begin","Aurora-1",2026-08-16 10:12:00
2026-08-19 10:10:21,"cmd: SitFlush: Begin","Aurora-1",2026-08-16 10:10:21
2026-08-19 10:06:48,"cmd: SitFlush: Begin","Aurora-1",2026-08-16 10:06:48
2026-08-19 09:01:49,"cmd: SitFlush: Begin","Aurora-1",2026-08-16 09:01:49
2026-08-19 08:57:55,"cmd: SitFlush: Begin","Aurora-1",2026-08-16 08:57:55
2026-08-18 18:00:48,"cmd: SitFlush: Begin","Aurora-1",2026-08-16 18:00:48
2026-08-18 17:58:47,"cmd: SitFlush: Begin","Aurora-1",2026-08-16 17:58:47
2026-08-18 17:56:47,"cmd: SitFlush: Begin","Aurora-1",2026-08-16 17:56:47
2026-08-18 17:54:47,"cmd: SitFlush: Begin","Aurora-1",2026-08-16 17:54:47
2026-08-18 17:52:46,"cmd: SitFlush: Begin","Aurora-1",2026-08-16 17:52:46
2026-08-18 17:50:46,"cmd: SitFlush: Begin","Aurora-1",2026-08-16 17:50:46
2026-08-18 17:48:42,"cmd: SitFlush: Begin","Aurora-1",2026-08-16 17:48:42
2026-08-18 17:46:41,"cmd: SitFlush: Begin","Aurora-1",2026-08-16 17:46:41
2026-08-18 17:44:41,"cmd: SitFlush: Begin","Aurora-1",2026-08-16 17:44:41
2026-08-18 17:42:41,"cmd: SitFlush: Begin","Aurora-1",2026-08-16 17:42:41
2026-08-18 17:40:41,"cmd: SitFlush: Begin","Aurora-1",2026-08-16 17:40:41
2026-08-18 17:38:41,"cmd: SitFlush: Begin","Aurora-1",2026-08-16 17:38:41
2026-08-18 17:36:57,"cmd: SitFlush: Begin","Aurora-1",2026-08-16 17:36:57
2026-08-18 17:34:56,"cmd: SitFlush: Begin","Aurora-1",2026-08-16 17:34:56
2026-08-18 17:32:50,"cmd: SitFlush: Begin","Aurora-1",2026-08-16 17:32:50
2026-08-18 17:31:04,"cmd: SitFlush: Begin","Aurora-1",2026-08-16 17:31:04
2026-08-18 17:29:03,"cmd: SitFlush: Begin","Aurora-1",2026-08-16 17:29:03
2026-08-18 17:27:00,"cmd: SitFlush: Begin","Aurora-1",2026-08-16 17:27:00
2026-08-18 17:24:58,"cmd: SitFlush: Begin","Aurora-1",2026-08-16 17:24:58
2026-08-18 17:23:09,"cmd: SitFlush: Begin","Aurora-1",2026-08-16 17:23:09
2026-08-18 17:21:05,"cmd: SitFlush: Begin","Aurora-1",2026-08-16 17:21:05
2026-08-18 17:19:27,"cmd: SitFlush: Begin","Aurora-1",2026-08-16 17:19:27
2026-08-18 16:23:59,"cmd: SitFlush: Begin","Aurora-1",2026-08-16 16:23:59
2026-08-18 16:22:00,"cmd: SitFlush: Begin","Aurora-1",2026-08-16 16:22:00
2026-08-18 16:19:56,"cmd: SitFlush: Begin","Aurora-1",2026-08-16 16:19:56
2026-08-18 16:17:56,"cmd: SitFlush: Begin","Aurora-1",2026-08-16 16:17:56
2026-08-18 16:15:56,"cmd: SitFlush: Begin","Aurora-1",2026-08-16 16:15:56
2026-08-18 16:13:57,"cmd: SitFlush: Begin","Aurora-1",2026-08-16 16:13:57
2026-08-18 16:11:57,"cmd: SitFlush: Begin","Aurora-1",2026-08-16 16:11:57
2026-08-18 16:09:58,"cmd: SitFlush: Begin","Aurora-1",2026-08-16 16:09:58
2026-08-18 16:07:58,"cmd: SitFlush: Begin","Aurora-1",2026-08-16 16:07:58
2026-08-18 16:05:57,"cmd: SitFlush: Begin","Aurora-1",2026-08-16 16:05:57
2026-08-18 16:03:53,"cmd: SitFlush: Begin","Aurora-1",2026-08-16 16:03:53
2026-08-18 16:01:54,"cmd: SitFlush: Begin","Aurora-1",2026-08-16 16:01:54
2026-08-18 15:59:55,"cmd: SitFlush: Begin","Aurora-1",2026-08-16 15:59:55
2026-08-18 15:57:55,"cmd: SitFlush: Begin","Aurora-1",2026-08-16 15:57:55
2026-08-18 15:55:54,"cmd: SitFlush: Begin","Aurora-1",2026-08-16 15:55:54
2026-08-18 15:53:54,"cmd: SitFlush: Begin","Aurora-1",2026-08-16 15:53:54
2026-08-18 15:51:54,"cmd: SitFlush: Begin","Aurora-1",2026-08-16 15:51:54
2026-08-18 15:49:53,"cmd: SitFlush: Begin","Aurora-1",2026-08-16 15:49:53
2026-08-18 15:47:48,"cmd: SitFlush: Begin","Aurora-1",2026-08-16 15:47:48
2026-08-18 15:45:47,"cmd: SitFlush: Begin","Aurora-1",2026-08-16 15:45:47
2026-08-18 15:43:46,"cmd: SitFlush: Begin","Aurora-1",2026-08-16 15:43:46
2026-08-18 15:41:44,"cmd: SitFlush: Begin","Aurora-1",2026-08-16 15:41:44
2026-08-18 15:39:43,"cmd: SitFlush: Begin","Aurora-1",2026-08-16 15:39:43
2026-08-18 15:37:41,"cmd: SitFlush: Begin","Aurora-1",2026-08-16 15:37:41
2026-08-18 15:35:38,"cmd: SitFlush: Begin","Aurora-1",2026-08-16 15:35:38
2026-08-18 15:34:51,"cmd: SitFlush: Begin","Aurora-1",2026-08-16 15:34:51
2026-08-18 14:01:21,"cmd: SitFlush: Begin","Aurora-1",2026-08-16 14:01:21
2026-08-18 13:45:55,"cmd: SitFlush: Begin","Aurora-1",2026-08-16 13:45:55
2026-08-18 13:29:59,"cmd: SitFlush: Begin","Aurora-1",2026-08-16 13:29:59
2026-08-18 13:03:33,"cmd: SitFlush: Begin","Aurora-1",2026-08-16 13:03:33
2026-08-18 12:51:45,"cmd: SitFlush: Begin","Aurora-1",2026-08-16 12:51:45
2026-08-18 12:37:58,"cmd: SitFlush: Begin","Aurora-1",2026-08-16 12:37:58
2026-08-18 12:31:11,"cmd: SitFlush: Begin","Aurora-1",2026-08-16 12:31:11
2026-08-18 12:18:48,"cmd: SitFlush: Begin","Aurora-1",2026-08-16 12:18:48
2026-08-18 10:59:43,"cmd: SitFlush: Begin","Aurora-1",2026-08-16 10:59:43
2026-08-18 10:58:43,"cmd: SitFlush: Begin","Aurora-1",2026-08-16 10:58:43
2026-08-18 10:57:41,"cmd: SitFlush: Begin","Aurora-1",2026-08-16 10:57:41
2026-08-18 10:56:34,"cmd: SitFlush: Begin","Aurora-1",2026-08-16 10:56:34
2026-08-18 10:55:33,"cmd: SitFlush: Begin","Aurora-1",2026-08-16 10:55:33
2026-08-18 10:54:27,"cmd: SitFlush: Begin","Aurora-1",2026-08-16 10:54:27
2026-08-18 10:53:25,"cmd: SitFlush: Begin","Aurora-1",2026-08-16 10:53:25
2026-08-18 10:52:22,"cmd: SitFlush: Begin","Aurora-1",2026-08-16 10:52:22
2026-08-18 10:50:59,"cmd: SitFlush: Begin","Aurora-1",2026-08-16 10:50:59
2026-08-18 10:50:20,"cmd: SitFlush: Begin","Aurora-1",2026-08-16 10:50:20
2026-08-18 10:49:42,"cmd: SitFlush: Begin","Aurora-1",2026-08-16 10:49:42
2026-08-18 10:49:06,"cmd: SitFlush: Begin","Aurora-1",2026-08-16 10:49:06
2026-08-18 10:48:22,"cmd: SitFlush: Begin","Aurora-1",2026-08-16 10:48:22
2026-08-18 10:44:59,"cmd: SitFlush: Begin","Aurora-1",2026-08-16 10:44:59
2026-08-18 10:40:00,"cmd: SitFlush: Begin","Aurora-1",2026-08-16 10:40:00
2026-08-18 10:38:30,"cmd: SitFlush: Begin","Aurora-1",2026-08-16 10:38:30
2026-08-18 10:37:10,"cmd: SitFlush: Begin","Aurora-1",2026-08-16 10:37:10
2026-08-18 10:35:50,"cmd: SitFlush: Begin","Aurora-1",2026-08-16 10:35:50
2026-08-18 10:34:51,"cmd: SitFlush: Begin","Aurora-1",2026-08-16 10:34:51
2026-08-18 08:50:28,"cmd: SitFlush: Begin","Aurora-1",2026-08-16 08:50:28
2026-08-18 08:31:21,"cmd: SitFlush: Begin","Aurora-1",2026-08-16 08:31:21
2026-08-17 15:52:10,"cmd: SitFlush: Begin","Aurora-1",2026-08-16 15:52:10
2026-08-17 15:50:42,"cmd: SitFlush: Begin","Aurora-1",2026-08-16 15:50:42
2026-08-17 15:49:14,"cmd: SitFlush: Begin","Aurora-1",2026-08-16 15:49:14
2026-08-17 15:47:46,"cmd: SitFlush: Begin","Aurora-1",2026-08-16 15:47:46
2026-08-17 15:46:14,"cmd: SitFlush: Begin","Aurora-1",2026-08-16 15:46:14
2026-08-17 15:44:45,"cmd: SitFlush: Begin","Aurora-1",2026-08-16 15:44:45
2026-08-17 15:43:18,"cmd: SitFlush: Begin","Aurora-1",2026-08-16 15:43:18
2026-08-17 15:41:49,"cmd: SitFlush: Begin","Aurora-1",2026-08-16 15:41:49
2026-08-17 15:40:17,"cmd: SitFlush: Begin","Aurora-1",2026-08-16 15:40:17
2026-08-17 15:38:49,"cmd: SitFlush: Begin","Aurora-1",2026-08-16 15:38:49
2026-08-17 15:37:21,"cmd: SitFlush: Begin","Aurora-1",2026-08-16 15:37:21
2026-08-17 15:35:42,"cmd: SitFlush: Begin","Aurora-1",2026-08-16 15:35:42
2026-08-17 15:32:53,"cmd: SitFlush: Begin","Aurora-1",2026-08-16 15:32:53
2026-08-17 15:31:22,"cmd: SitFlush: Begin","Aurora-1",2026-08-16 15:31:22
2026-08-17 15:29:48,"cmd: SitFlush: Begin","Aurora-1",2026-08-16 15:29:48
2026-08-17 15:28:14,"cmd: SitFlush: Begin","Aurora-1",2026-08-16 15:28:14
2026-08-17 15:27:06,"cmd: SitFlush: Begin","Aurora-1",2026-08-16 15:27:06
2026-08-17 12:21:25,"cmd: SitFlush: Begin","Aurora-1",2026-08-16 12:21:25
2026-08-17 12:18:29,"cmd: SitFlush: Begin","Aurora-1",2026-08-16 12:18:29
2026-08-17 12:15:12,"cmd: SitFlush: Begin","Aurora-1",2026-08-16 12:15:12
2026-08-17 12:12:01,"cmd: SitFlush: Begin","Aurora-1",2026-08-16 12:12:01
2026-08-17 12:07:28,"cmd: SitFlush: Begin","Aurora-1",2026-08-16 12:07:28
2026-08-17 12:04:02,"cmd: SitFlush: Begin","Aurora-1",2026-08-16 12:04:02
2026-08-17 12:00:15,"cmd: SitFlush: Begin","Aurora-1",2026-08-16 12:00:15
2026-08-17 11:56:54,"cmd: SitFlush: Begin","Aurora-1",2026-08-16 11:56:54
2026-08-17 11:53:19,"cmd: SitFlush: Begin","Aurora-1",2026-08-16 11:53:19
2026-08-17 11:49:49,"cmd: SitFlush: Begin","Aurora-1",2026-08-16 11:49:49
2026-08-17 11:45:46,"cmd: SitFlush: Begin","Aurora-1",2026-08-16 11:45:46
2026-08-17 11:42:18,"cmd: SitFlush: Begin","Aurora-1",2026-08-16 11:42:18
2026-08-17 11:35:53,"cmd: SitFlush: Begin","Aurora-1",2026-08-16 11:35:53
2026-08-17 11:32:20,"cmd: SitFlush: Begin","Aurora-1",2026-08-16 11:32:20
2026-08-17 11:25:36,"cmd: SitFlush: Begin","Aurora-1",2026-08-16 11:25:36
2026-08-17 11:18:09,"cmd: SitFlush: Begin","Aurora-1",2026-08-16 11:18:09
2026-08-17 11:13:39,"cmd: SitFlush: Begin","Aurora-1",2026-08-16 11:13:39
2026-08-17 11:10:08,"cmd: SitFlush: Begin","Aurora-1",2026-08-16 11:10:08
2026-08-17 11:06:47,"cmd: SitFlush: Begin","Aurora-1",2026-08-16 11:06:47
2026-08-17 11:03:06,"cmd: SitFlush: Begin","Aurora-1",2026-08-16 11:03:06
2026-08-17 10:57:05,"cmd: SitFlush: Begin","Aurora-1",2026-08-16 10:57:05
2026-08-17 09:37:07,"cmd: SitFlush: Begin","Aurora-1",2026-08-16 09:37:07
2026-08-17 09:35:16,"cmd: SitFlush: Begin","Aurora-1",2026-08-16 09:35:16
2026-08-17 09:27:13,"cmd: SitFlush: Begin","Aurora-1",2026-08-16 09:27:13
2026-08-14 21:49:33,"cmd: SitFlush: Begin","Aurora-1",2026-08-09 21:49:33
2026-08-14 21:45:19,"cmd: SitFlush: Begin","Aurora-1",2026-08-09 21:45:19
2026-08-14 21:41:06,"cmd: SitFlush: Begin","Aurora-1",2026-08-09 21:41:06
2026-08-14 21:36:53,"cmd: SitFlush: Begin","Aurora-1",2026-08-09 21:36:53
2026-08-14 21:32:33,"cmd: SitFlush: Begin","Aurora-1",2026-08-09 21:32:33
2026-08-14 21:28:19,"cmd: SitFlush: Begin","Aurora-1",2026-08-09 21:28:19
2026-08-14 21:24:02,"cmd: SitFlush: Begin","Aurora-1",2026-08-09 21:24:02
2026-08-14 21:19:45,"cmd: SitFlush: Begin","Aurora-1",2026-08-09 21:19:45
2026-08-14 21:15:26,"cmd: SitFlush: Begin","Aurora-1",2026-08-09 21:15:26
2026-08-14 21:11:04,"cmd: SitFlush: Begin","Aurora-1",2026-08-09 21:11:04
2026-08-14 21:06:27,"cmd: SitFlush: Begin","Aurora-1",2026-08-09 21:06:27
2026-08-14 20:58:37,"cmd: SitFlush: Begin","Aurora-1",2026-08-09 20:58:37
2026-08-14 20:58:05,"cmd: SitFlush: Begin","Aurora-1",2026-08-09 20:58:05
2026-08-14 20:56:46,"cmd: SitFlush: Begin","Aurora-1",2026-08-09 20:56:46
2026-08-14 17:55:08,"cmd: SitFlush: Begin","Aurora-1",2026-08-09 17:55:08
2026-08-14 17:53:40,"cmd: SitFlush: Begin","Aurora-1",2026-08-09 17:53:40
2026-08-14 17:52:08,"cmd: SitFlush: Begin","Aurora-1",2026-08-09 17:52:08
2026-08-14 17:50:40,"cmd: SitFlush: Begin","Aurora-1",2026-08-09 17:50:40
2026-08-14 17:49:12,"cmd: SitFlush: Begin","Aurora-1",2026-08-09 17:49:12
2026-08-14 17:47:43,"cmd: SitFlush: Begin","Aurora-1",2026-08-09 17:47:43
2026-08-14 17:46:11,"cmd: SitFlush: Begin","Aurora-1",2026-08-09 17:46:11
2026-08-14 17:44:43,"cmd: SitFlush: Begin","Aurora-1",2026-08-09 17:44:43
2026-08-14 17:43:13,"cmd: SitFlush: Begin","Aurora-1",2026-08-09 17:43:13
2026-08-14 17:41:45,"cmd: SitFlush: Begin","Aurora-1",2026-08-09 17:41:45
2026-08-14 17:40:13,"cmd: SitFlush: Begin","Aurora-1",2026-08-09 17:40:13
2026-08-14 17:38:43,"cmd: SitFlush: Begin","Aurora-1",2026-08-09 17:38:43
2026-08-14 17:37:15,"cmd: SitFlush: Begin","Aurora-1",2026-08-09 17:37:15
2026-08-14 17:29:27,"cmd: SitFlush: Begin","Aurora-1",2026-08-09 17:29:27
2026-08-14 17:27:59,"cmd: SitFlush: Begin","Aurora-1",2026-08-09 17:27:59
2026-08-14 17:26:31,"cmd: SitFlush: Begin","Aurora-1",2026-08-09 17:26:31
2026-08-14 17:25:03,"cmd: SitFlush: Begin","Aurora-1",2026-08-09 17:25:03
2026-08-14 17:23:31,"cmd: SitFlush: Begin","Aurora-1",2026-08-09 17:23:31
2026-08-14 17:22:03,"cmd: SitFlush: Begin","Aurora-1",2026-08-09 17:22:03
2026-08-14 17:20:34,"cmd: SitFlush: Begin","Aurora-1",2026-08-09 17:20:34
2026-08-14 17:19:06,"cmd: SitFlush: Begin","Aurora-1",2026-08-09 17:19:06
2026-08-14 17:17:33,"cmd: SitFlush: Begin","Aurora-1",2026-08-09 17:17:33
2026-08-14 17:16:04,"cmd: SitFlush: Begin","Aurora-1",2026-08-09 17:16:04
2026-08-14 17:14:36,"cmd: SitFlush: Begin","Aurora-1",2026-08-09 17:14:36
2026-08-14 17:13:08,"cmd: SitFlush: Begin","Aurora-1",2026-08-09 17:13:08
2026-08-14 17:11:35,"cmd: SitFlush: Begin","Aurora-1",2026-08-09 17:11:35
2026-08-14 17:10:07,"cmd: SitFlush: Begin","Aurora-1",2026-08-09 17:10:07
2026-08-14 17:08:39,"cmd: SitFlush: Begin","Aurora-1",2026-08-09 17:08:39
2026-08-14 17:07:11,"cmd: SitFlush: Begin","Aurora-1",2026-08-09 17:07:11
2026-08-14 17:05:39,"cmd: SitFlush: Begin","Aurora-1",2026-08-09 17:05:39
2026-08-14 17:04:12,"cmd: SitFlush: Begin","Aurora-1",2026-08-09 17:04:12
2026-08-14 17:02:44,"cmd: SitFlush: Begin","Aurora-1",2026-08-09 17:02:44
2026-08-14 17:01:16,"cmd: SitFlush: Begin","Aurora-1",2026-08-09 17:01:16
2026-08-14 16:59:43,"cmd: SitFlush: Begin","Aurora-1",2026-08-09 16:59:43
2026-08-14 16:58:13,"cmd: SitFlush: Begin","Aurora-1",2026-08-09 16:58:13
2026-08-14 16:56:46,"cmd: SitFlush: Begin","Aurora-1",2026-08-09 16:56:46
2026-08-14 16:55:18,"cmd: SitFlush: Begin","Aurora-1",2026-08-09 16:55:18
2026-08-14 16:53:45,"cmd: SitFlush: Begin","Aurora-1",2026-08-09 16:53:45
2026-08-14 16:52:17,"cmd: SitFlush: Begin","Aurora-1",2026-08-09 16:52:17
2026-08-14 16:50:49,"cmd: SitFlush: Begin","Aurora-1",2026-08-09 16:50:49
2026-08-14 16:49:21,"cmd: SitFlush: Begin","Aurora-1",2026-08-09 16:49:21
2026-08-14 16:47:49,"cmd: SitFlush: Begin","Aurora-1",2026-08-09 16:47:49
2026-08-14 16:46:20,"cmd: SitFlush: Begin","Aurora-1",2026-08-09 16:46:20
2026-08-14 16:44:52,"cmd: SitFlush: Begin","Aurora-1",2026-08-09 16:44:52
2026-08-14 16:43:25,"cmd: SitFlush: Begin","Aurora-1",2026-08-09 16:43:25
2026-08-14 16:41:52,"cmd: SitFlush: Begin","Aurora-1",2026-08-09 16:41:52
2026-08-14 16:40:23,"cmd: SitFlush: Begin","Aurora-1",2026-08-09 16:40:23
2026-08-14 16:38:54,"cmd: SitFlush: Begin","Aurora-1",2026-08-09 16:38:54
2026-08-14 16:37:27,"cmd: SitFlush: Begin","Aurora-1",2026-08-09 16:37:27
2026-08-14 16:35:54,"cmd: SitFlush: Begin","Aurora-1",2026-08-09 16:35:54
2026-08-14 16:34:27,"cmd: SitFlush: Begin","Aurora-1",2026-08-09 16:34:27
2026-08-14 16:32:59,"cmd: SitFlush: Begin","Aurora-1",2026-08-09 16:32:59
2026-08-14 16:31:31,"cmd: SitFlush: Begin","Aurora-1",2026-08-09 16:31:31
2026-08-14 16:29:59,"cmd: SitFlush: Begin","Aurora-1",2026-08-09 16:29:59
2026-08-14 16:28:31,"cmd: SitFlush: Begin","Aurora-1",2026-08-09 16:28:31
2026-08-14 16:27:03,"cmd: SitFlush: Begin","Aurora-1",2026-08-09 16:27:03
2026-08-14 16:25:35,"cmd: SitFlush: Begin","Aurora-1",2026-08-09 16:25:35
2026-08-14 16:24:02,"cmd: SitFlush: Begin","Aurora-1",2026-08-09 16:24:02
2026-08-14 16:22:33,"cmd: SitFlush: Begin","Aurora-1",2026-08-09 16:22:33
2026-08-14 16:21:05,"cmd: SitFlush: Begin","Aurora-1",2026-08-09 16:21:05
2026-08-14 16:19:37,"cmd: SitFlush: Begin","Aurora-1",2026-08-09 16:19:37
2026-08-14 16:18:05,"cmd: SitFlush: Begin","Aurora-1",2026-08-09 16:18:05
2026-08-14 16:16:37,"cmd: SitFlush: Begin","Aurora-1",2026-08-09 16:16:37
2026-08-14 16:15:09,"cmd: SitFlush: Begin","Aurora-1",2026-08-09 16:15:09
2026-08-14 16:13:41,"cmd: SitFlush: Begin","Aurora-1",2026-08-09 16:13:41
2026-08-14 16:12:09,"cmd: SitFlush: Begin","Aurora-1",2026-08-09 16:12:09
2026-08-14 16:10:41,"cmd: SitFlush: Begin","Aurora-1",2026-08-09 16:10:41
2026-08-14 16:09:13,"cmd: SitFlush: Begin","Aurora-1",2026-08-09 16:09:13
2026-08-14 16:04:48,"cmd: SitFlush: Begin","Aurora-1",2026-08-09 16:04:48
2026-08-14 16:03:19,"cmd: SitFlush: Begin","Aurora-1",2026-08-09 16:03:19
2026-08-14 16:01:46,"cmd: SitFlush: Begin","Aurora-1",2026-08-09 16:01:46
2026-08-14 16:00:18,"cmd: SitFlush: Begin","Aurora-1",2026-08-09 16:00:18
2026-08-14 15:58:50,"cmd: SitFlush: Begin","Aurora-1",2026-08-09 15:58:50
2026-08-14 15:57:22,"cmd: SitFlush: Begin","Aurora-1",2026-08-09 15:57:22
2026-08-14 15:55:50,"cmd: SitFlush: Begin","Aurora-1",2026-08-09 15:55:50
2026-08-14 15:54:22,"cmd: SitFlush: Begin","Aurora-1",2026-08-09 15:54:22
2026-08-14 15:52:54,"cmd: SitFlush: Begin","Aurora-1",2026-08-09 15:52:54
2026-08-14 15:51:26,"cmd: SitFlush: Begin","Aurora-1",2026-08-09 15:51:26
2026-08-14 15:49:53,"cmd: SitFlush: Begin","Aurora-1",2026-08-09 15:49:53
2026-08-14 15:48:25,"cmd: SitFlush: Begin","Aurora-1",2026-08-09 15:48:25
2026-08-14 15:46:57,"cmd: SitFlush: Begin","Aurora-1",2026-08-09 15:46:57
2026-08-14 15:45:19,"cmd: SitFlush: Begin","Aurora-1",2026-08-09 15:45:19
2026-08-14 15:41:39,"cmd: SitFlush: Begin","Aurora-1",2026-08-09 15:41:39
2026-08-14 15:39:32,"cmd: SitFlush: Begin","Aurora-1",2026-08-09 15:39:32
2026-08-14 15:37:27,"cmd: SitFlush: Begin","Aurora-1",2026-08-09 15:37:27
2026-08-14 15:35:11,"cmd: SitFlush: Begin","Aurora-1",2026-08-09 15:35:11
2026-08-14 15:33:38,"cmd: SitFlush: Begin","Aurora-1",2026-08-09 15:33:38
2026-08-14 15:33:05,"cmd: SitFlush: Begin","Aurora-1",2026-08-09 15:33:05
2026-08-14 15:32:24,"cmd: SitFlush: Begin","Aurora-1",2026-08-09 15:32:24
2026-08-14 14:05:56,"cmd: SitFlush: Begin","Aurora-1",2026-08-09 14:05:56
2026-08-14 13:50:07,"cmd: SitFlush: Begin","Aurora-1",2026-08-09 13:50:07
2026-08-14 13:40:50,"cmd: SitFlush: Begin","Aurora-1",2026-08-09 13:40:50
2026-08-14 13:40:36,"cmd: SitFlush: Begin","Aurora-1",2026-08-09 13:40:36
2026-08-14 13:29:22,"cmd: SitFlush: Begin","Aurora-1",2026-08-09 13:29:22
2026-08-14 13:28:23,"cmd: SitFlush: Begin","Aurora-1",2026-08-09 13:28:23
2026-08-14 13:27:26,"cmd: SitFlush: Begin","Aurora-1",2026-08-09 13:27:26
2026-08-14 13:26:18,"cmd: SitFlush: Begin","Aurora-1",2026-08-09 13:26:18
2026-08-14 13:25:29,"cmd: SitFlush: Begin","Aurora-1",2026-08-09 13:25:29
2026-08-14 13:24:34,"cmd: SitFlush: Begin","Aurora-1",2026-08-09 13:24:34
2026-08-14 13:23:24,"cmd: SitFlush: Begin","Aurora-1",2026-08-09 13:23:24
2026-08-14 13:22:30,"cmd: SitFlush: Begin","Aurora-1",2026-08-09 13:22:30
2026-08-14 13:21:16,"cmd: SitFlush: Begin","Aurora-1",2026-08-09 13:21:16
2026-08-14 13:19:55,"cmd: SitFlush: Begin","Aurora-1",2026-08-09 13:19:55
2026-08-14 13:18:56,"cmd: SitFlush: Begin","Aurora-1",2026-08-09 13:18:56
2026-08-14 13:18:01,"cmd: SitFlush: Begin","Aurora-1",2026-08-09 13:18:01
2026-08-14 13:16:46,"cmd: SitFlush: Begin","Aurora-1",2026-08-09 13:16:46
2026-08-14 13:13:33,"cmd: SitFlush: Begin","Aurora-1",2026-08-09 13:13:33
2026-08-14 13:10:51,"cmd: SitFlush: Begin","Aurora-1",2026-08-09 13:10:51
2026-08-14 13:09:41,"cmd: SitFlush: Begin","Aurora-1",2026-08-09 13:09:41
2026-08-14 13:08:46,"cmd: SitFlush: Begin","Aurora-1",2026-08-09 13:08:46
2026-08-14 13:07:31,"cmd: SitFlush: Begin","Aurora-1",2026-08-09 13:07:31
2026-08-14 13:06:10,"cmd: SitFlush: Begin","Aurora-1",2026-08-09 13:06:10
2026-08-14 13:05:19,"cmd: SitFlush: Begin","Aurora-1",2026-08-09 13:05:19
2026-08-14 13:04:17,"cmd: SitFlush: Begin","Aurora-1",2026-08-09 13:04:17
2026-08-14 13:03:09,"cmd: SitFlush: Begin","Aurora-1",2026-08-09 13:03:09
2026-08-14 13:02:12,"cmd: SitFlush: Begin","Aurora-1",2026-08-09 13:02:12
2026-08-14 13:01:13,"cmd: SitFlush: Begin","Aurora-1",2026-08-09 13:01:13
2026-08-14 13:00:14,"cmd: SitFlush: Begin","Aurora-1",2026-08-09 13:00:14
2026-08-14 12:58:22,"cmd: SitFlush: Begin","Aurora-1",2026-08-09 12:58:22
2026-08-14 12:56:12,"cmd: SitFlush: Begin","Aurora-1",2026-08-09 12:56:12
2026-08-14 12:54:55,"cmd: SitFlush: Begin","Aurora-1",2026-08-09 12:54:55
2026-08-14 11:42:23,"cmd: SitFlush: Begin","Aurora-1",2026-08-09 11:42:23
2026-08-14 11:41:53,"cmd: SitFlush: Begin","Aurora-1",2026-08-09 11:41:53
2026-08-14 11:41:25,"cmd: SitFlush: Begin","Aurora-1",2026-08-09 11:41:25
2026-08-14 11:40:56,"cmd: SitFlush: Begin","Aurora-1",2026-08-09 11:40:56
2026-08-14 11:40:27,"cmd: SitFlush: Begin","Aurora-1",2026-08-09 11:40:27
2026-08-14 11:39:57,"cmd: SitFlush: Begin","Aurora-1",2026-08-09 11:39:57
2026-08-14 11:39:29,"cmd: SitFlush: Begin","Aurora-1",2026-08-09 11:39:29
2026-08-14 11:39:00,"cmd: SitFlush: Begin","Aurora-1",2026-08-09 11:39:00
2026-08-14 11:38:27,"cmd: SitFlush: Begin","Aurora-1",2026-08-09 11:38:27
2026-08-14 11:37:54,"cmd: SitFlush: Begin","Aurora-1",2026-08-09 11:37:54
2026-08-14 11:37:25,"cmd: SitFlush: Begin","Aurora-1",2026-08-09 11:37:25
2026-08-14 11:36:55,"cmd: SitFlush: Begin","Aurora-1",2026-08-09 11:36:55
2026-08-14 11:36:25,"cmd: SitFlush: Begin","Aurora-1",2026-08-09 11:36:25
2026-08-14 11:35:55,"cmd: SitFlush: Begin","Aurora-1",2026-08-09 11:35:55
2026-08-14 11:35:25,"cmd: SitFlush: Begin","Aurora-1",2026-08-09 11:35:25
2026-08-14 11:34:55,"cmd: SitFlush: Begin","Aurora-1",2026-08-09 11:34:55
2026-08-14 11:34:21,"cmd: SitFlush: Begin","Aurora-1",2026-08-09 11:34:21
2026-08-14 11:33:51,"cmd: SitFlush: Begin","Aurora-1",2026-08-09 11:33:51
2026-08-14 11:33:21,"cmd: SitFlush: Begin","Aurora-1",2026-08-09 11:33:21
2026-08-14 11:32:50,"cmd: SitFlush: Begin","Aurora-1",2026-08-09 11:32:50
2026-08-14 11:32:20,"cmd: SitFlush: Begin","Aurora-1",2026-08-09 11:32:20
2026-08-14 11:31:50,"cmd: SitFlush: Begin","Aurora-1",2026-08-09 11:31:50
2026-08-14 11:31:20,"cmd: SitFlush: Begin","Aurora-1",2026-08-09 11:31:20
2026-08-14 11:30:49,"cmd: SitFlush: Begin","Aurora-1",2026-08-09 11:30:49
2026-08-14 11:30:13,"cmd: SitFlush: Begin","Aurora-1",2026-08-09 11:30:13
2026-08-14 11:29:43,"cmd: SitFlush: Begin","Aurora-1",2026-08-09 11:29:43
2026-08-14 11:29:13,"cmd: SitFlush: Begin","Aurora-1",2026-08-09 11:29:13
2026-08-14 11:28:43,"cmd: SitFlush: Begin","Aurora-1",2026-08-09 11:28:43
2026-08-14 11:28:13,"cmd: SitFlush: Begin","Aurora-1",2026-08-09 11:28:13
2026-08-14 11:27:40,"cmd: SitFlush: Begin","Aurora-1",2026-08-09 11:27:40
2026-08-14 11:27:09,"cmd: SitFlush: Begin","Aurora-1",2026-08-09 11:27:09
2026-08-14 11:26:40,"cmd: SitFlush: Begin","Aurora-1",2026-08-09 11:26:40
2026-08-14 11:26:06,"cmd: SitFlush: Begin","Aurora-1",2026-08-09 11:26:06
2026-08-14 11:25:37,"cmd: SitFlush: Begin","Aurora-1",2026-08-09 11:25:37
2026-08-14 11:25:07,"cmd: SitFlush: Begin","Aurora-1",2026-08-09 11:25:07
2026-08-14 11:24:37,"cmd: SitFlush: Begin","Aurora-1",2026-08-09 11:24:37
2026-08-14 11:24:08,"cmd: SitFlush: Begin","Aurora-1",2026-08-09 11:24:08
2026-08-14 11:23:38,"cmd: SitFlush: Begin","Aurora-1",2026-08-09 11:23:38
2026-08-14 11:23:09,"cmd: SitFlush: Begin","Aurora-1",2026-08-09 11:23:09
2026-08-14 11:22:38,"cmd: SitFlush: Begin","Aurora-1",2026-08-09 11:22:38
2026-08-14 11:22:03,"cmd: SitFlush: Begin","Aurora-1",2026-08-09 11:22:03
2026-08-14 11:21:34,"cmd: SitFlush: Begin","Aurora-1",2026-08-09 11:21:34
2026-08-14 11:21:05,"cmd: SitFlush: Begin","Aurora-1",2026-08-09 11:21:05
2026-08-14 11:20:36,"cmd: SitFlush: Begin","Aurora-1",2026-08-09 11:20:36
2026-08-14 11:20:06,"cmd: SitFlush: Begin","Aurora-1",2026-08-09 11:20:06
2026-08-14 11:19:36,"cmd: SitFlush: Begin","Aurora-1",2026-08-09 11:19:36
2026-08-14 11:19:05,"cmd: SitFlush: Begin","Aurora-1",2026-08-09 11:19:05
2026-08-14 11:18:35,"cmd: SitFlush: Begin","Aurora-1",2026-08-09 11:18:35
2026-08-14 11:18:01,"cmd: SitFlush: Begin","Aurora-1",2026-08-09 11:18:01
2026-08-14 11:17:29,"cmd: SitFlush: Begin","Aurora-1",2026-08-09 11:17:29
2026-08-14 11:16:59,"cmd: SitFlush: Begin","Aurora-1",2026-08-09 11:16:59
2026-08-14 11:16:29,"cmd: SitFlush: Begin","Aurora-1",2026-08-09 11:16:29
2026-08-14 11:16:00,"cmd: SitFlush: Begin","Aurora-1",2026-08-09 11:16:00
2026-08-14 11:15:30,"cmd: SitFlush: Begin","Aurora-1",2026-08-09 11:15:30
2026-08-14 11:15:00,"cmd: SitFlush: Begin","Aurora-1",2026-08-09 11:15:00
2026-08-14 11:14:31,"cmd: SitFlush: Begin","Aurora-1",2026-08-09 11:14:31
2026-08-14 11:13:56,"cmd: SitFlush: Begin","Aurora-1",2026-08-09 11:13:56
2026-08-14 11:13:26,"cmd: SitFlush: Begin","Aurora-1",2026-08-09 11:13:26
2026-08-14 11:12:56,"cmd: SitFlush: Begin","Aurora-1",2026-08-09 11:12:56
2026-08-14 11:12:26,"cmd: SitFlush: Begin","Aurora-1",2026-08-09 11:12:26
2026-08-14 11:11:56,"cmd: SitFlush: Begin","Aurora-1",2026-08-09 11:11:56
2026-08-14 11:11:24,"cmd: SitFlush: Begin","Aurora-1",2026-08-09 11:11:24
2026-08-14 11:10:52,"cmd: SitFlush: Begin","Aurora-1",2026-08-09 11:10:52
2026-08-14 11:10:19,"cmd: SitFlush: Begin","Aurora-1",2026-08-09 11:10:19
2026-08-14 11:09:43,"cmd: SitFlush: Begin","Aurora-1",2026-08-09 11:09:43
2026-08-14 11:09:10,"cmd: SitFlush: Begin","Aurora-1",2026-08-09 11:09:10
2026-08-14 11:08:38,"cmd: SitFlush: Begin","Aurora-1",2026-08-09 11:08:38
2026-08-14 11:08:06,"cmd: SitFlush: Begin","Aurora-1",2026-08-09 11:08:06
2026-08-14 11:07:34,"cmd: SitFlush: Begin","Aurora-1",2026-08-09 11:07:34
2026-08-14 11:07:00,"cmd: SitFlush: Begin","Aurora-1",2026-08-09 11:07:00
2026-08-14 11:06:27,"cmd: SitFlush: Begin","Aurora-1",2026-08-09 11:06:27
2026-08-14 11:05:55,"cmd: SitFlush: Begin","Aurora-1",2026-08-09 11:05:55
2026-08-14 11:05:18,"cmd: SitFlush: Begin","Aurora-1",2026-08-09 11:05:18
2026-08-14 11:04:47,"cmd: SitFlush: Begin","Aurora-1",2026-08-09 11:04:47
2026-08-14 11:04:16,"cmd: SitFlush: Begin","Aurora-1",2026-08-09 11:04:16
2026-08-14 11:03:44,"cmd: SitFlush: Begin","Aurora-1",2026-08-09 11:03:44
2026-08-14 11:03:12,"cmd: SitFlush: Begin","Aurora-1",2026-08-09 11:03:12
2026-08-14 11:02:40,"cmd: SitFlush: Begin","Aurora-1",2026-08-09 11:02:40
2026-08-14 11:02:07,"cmd: SitFlush: Begin","Aurora-1",2026-08-09 11:02:07
2026-08-14 10:59:16,"cmd: SitFlush: Begin","Aurora-1",2026-08-09 10:59:16
2026-08-14 09:43:56,"cmd: SitFlush: Begin","Aurora-1",2026-08-09 09:43:56
2026-08-14 09:42:58,"cmd: SitFlush: Begin","Aurora-1",2026-08-09 09:42:58
2026-08-14 09:41:59,"cmd: SitFlush: Begin","Aurora-1",2026-08-09 09:41:59
2026-08-14 09:40:57,"cmd: SitFlush: Begin","Aurora-1",2026-08-09 09:40:57
2026-08-14 09:40:01,"cmd: SitFlush: Begin","Aurora-1",2026-08-09 09:40:01
2026-08-14 09:39:04,"cmd: SitFlush: Begin","Aurora-1",2026-08-09 09:39:04
2026-08-14 09:38:06,"cmd: SitFlush: Begin","Aurora-1",2026-08-09 09:38:06
2026-08-14 09:32:43,"cmd: SitFlush: Begin","Aurora-1",2026-08-09 09:32:43
2026-08-14 08:44:26,"cmd: SitFlush: Begin","Aurora-1",2026-08-09 08:44:26
2026-08-14 08:39:08,"cmd: SitFlush: Begin","Aurora-1",2026-08-09 08:39:08
2026-08-13 19:56:22,"cmd: SitFlush: Begin","Aurora-1",2026-08-09 19:56:22
2026-08-13 19:54:32,"cmd: SitFlush: Begin","Aurora-1",2026-08-09 19:54:32
2026-08-13 19:49:58,"cmd: SitFlush: Begin","Aurora-1",2026-08-09 19:49:58
2026-08-13 19:49:48,"cmd: SitFlush: Begin","Aurora-1",2026-08-09 19:49:48
2026-08-13 19:48:00,"cmd: SitFlush: Begin","Aurora-1",2026-08-09 19:48:00
2026-08-13 19:47:50,"cmd: SitFlush: Begin","Aurora-1",2026-08-09 19:47:50
2026-08-13 19:41:32,"cmd: SitFlush: Begin","Aurora-1",2026-08-09 19:41:32
2026-08-13 19:39:47,"cmd: SitFlush: Begin","Aurora-1",2026-08-09 19:39:47
2026-08-13 19:33:29,"cmd: SitFlush: Begin","Aurora-1",2026-08-09 19:33:29
2026-08-13 19:27:38,"cmd: SitFlush: Begin","Aurora-1",2026-08-09 19:27:38
2026-08-13 19:21:54,"cmd: SitFlush: Begin","Aurora-1",2026-08-09 19:21:54
2026-08-13 19:16:18,"cmd: SitFlush: Begin","Aurora-1",2026-08-09 19:16:18
2026-08-13 19:10:39,"cmd: SitFlush: Begin","Aurora-1",2026-08-09 19:10:39
2026-08-13 19:10:29,"cmd: SitFlush: Begin","Aurora-1",2026-08-09 19:10:29
2026-08-13 19:05:02,"cmd: SitFlush: Begin","Aurora-1",2026-08-09 19:05:02
2026-08-13 19:04:49,"cmd: SitFlush: Begin","Aurora-1",2026-08-09 19:04:49
2026-08-13 18:58:49,"cmd: SitFlush: Begin","Aurora-1",2026-08-09 18:58:49
2026-08-13 18:53:00,"cmd: SitFlush: Begin","Aurora-1",2026-08-09 18:53:00
2026-08-13 18:47:33,"cmd: SitFlush: Begin","Aurora-1",2026-08-09 18:47:33
2026-08-13 18:47:20,"cmd: SitFlush: Begin","Aurora-1",2026-08-09 18:47:20
2026-08-13 18:41:49,"cmd: SitFlush: Begin","Aurora-1",2026-08-09 18:41:49
2026-08-13 18:35:44,"cmd: SitFlush: Begin","Aurora-1",2026-08-09 18:35:44
2026-08-13 18:30:15,"cmd: SitFlush: Begin","Aurora-1",2026-08-09 18:30:15
2026-08-13 18:30:05,"cmd: SitFlush: Begin","Aurora-1",2026-08-09 18:30:05
2026-08-13 18:24:25,"cmd: SitFlush: Begin","Aurora-1",2026-08-09 18:24:25
2026-08-13 18:24:07,"cmd: SitFlush: Begin","Aurora-1",2026-08-09 18:24:07
2026-08-13 18:18:38,"cmd: SitFlush: Begin","Aurora-1",2026-08-09 18:18:38
2026-08-13 18:18:29,"cmd: SitFlush: Begin","Aurora-1",2026-08-09 18:18:29
2026-08-13 18:12:58,"cmd: SitFlush: Begin","Aurora-1",2026-08-09 18:12:58
2026-08-13 18:12:47,"cmd: SitFlush: Begin","Aurora-1",2026-08-09 18:12:47
2026-08-13 18:01:22,"cmd: SitFlush: Begin","Aurora-1",2026-08-09 18:01:22
2026-08-13 18:00:44,"cmd: SitFlush: Begin","Aurora-1",2026-08-09 18:00:44
2026-08-13 18:00:09,"cmd: SitFlush: Begin","Aurora-1",2026-08-09 18:00:09
2026-08-13 17:59:35,"cmd: SitFlush: Begin","Aurora-1",2026-08-09 17:59:35
2026-08-13 17:58:59,"cmd: SitFlush: Begin","Aurora-1",2026-08-09 17:58:59
2026-08-13 17:58:24,"cmd: SitFlush: Begin","Aurora-1",2026-08-09 17:58:24
2026-08-13 17:57:48,"cmd: SitFlush: Begin","Aurora-1",2026-08-09 17:57:48
2026-08-13 17:57:11,"cmd: SitFlush: Begin","Aurora-1",2026-08-09 17:57:11
2026-08-13 17:56:36,"cmd: SitFlush: Begin","Aurora-1",2026-08-09 17:56:36
2026-08-13 17:55:58,"cmd: SitFlush: Begin","Aurora-1",2026-08-09 17:55:58
2026-08-13 17:55:25,"cmd: SitFlush: Begin","Aurora-1",2026-08-09 17:55:25
2026-08-13 17:54:45,"cmd: SitFlush: Begin","Aurora-1",2026-08-09 17:54:45
2026-08-13 17:54:09,"cmd: SitFlush: Begin","Aurora-1",2026-08-09 17:54:09
2026-08-13 17:53:10,"cmd: SitFlush: Begin","Aurora-1",2026-08-09 17:53:10
2026-08-13 17:51:09,"cmd: SitFlush: Begin","Aurora-1",2026-08-09 17:51:09
2026-08-13 17:50:29,"cmd: SitFlush: Begin","Aurora-1",2026-08-09 17:50:29
2026-08-13 17:50:20,"cmd: SitFlush: Begin","Aurora-1",2026-08-09 17:50:20
2026-08-13 17:48:15,"cmd: SitFlush: Begin","Aurora-1",2026-08-09 17:48:15
2026-08-13 17:47:11,"cmd: SitFlush: Begin","Aurora-1",2026-08-09 17:47:11
2026-08-13 16:49:15,"cmd: SitFlush: Begin","Aurora-1",2026-08-09 16:49:15
2026-08-13 16:47:15,"cmd: SitFlush: Begin","Aurora-1",2026-08-09 16:47:15
2026-08-13 16:45:15,"cmd: SitFlush: Begin","Aurora-1",2026-08-09 16:45:15
2026-08-13 16:43:24,"cmd: SitFlush: Begin","Aurora-1",2026-08-09 16:43:24
2026-08-13 16:41:19,"cmd: SitFlush: Begin","Aurora-1",2026-08-09 16:41:19
2026-08-13 16:39:19,"cmd: SitFlush: Begin","Aurora-1",2026-08-09 16:39:19
2026-08-13 16:37:27,"cmd: SitFlush: Begin","Aurora-1",2026-08-09 16:37:27
2026-08-13 16:35:27,"cmd: SitFlush: Begin","Aurora-1",2026-08-09 16:35:27
2026-08-13 16:33:41,"cmd: SitFlush: Begin","Aurora-1",2026-08-09 16:33:41
2026-08-13 16:31:38,"cmd: SitFlush: Begin","Aurora-1",2026-08-09 16:31:38
2026-08-13 16:30:08,"cmd: SitFlush: Begin","Aurora-1",2026-08-09 16:30:08
2026-08-13 16:28:34,"cmd: SitFlush: Begin","Aurora-1",2026-08-09 16:28:34
2026-08-13 16:26:51,"cmd: SitFlush: Begin","Aurora-1",2026-08-09 16:26:51
2026-08-13 16:25:07,"cmd: SitFlush: Begin","Aurora-1",2026-08-09 16:25:07
2026-08-13 16:23:06,"cmd: SitFlush: Begin","Aurora-1",2026-08-09 16:23:06
2026-08-13 16:21:28,"cmd: SitFlush: Begin","Aurora-1",2026-08-09 16:21:28
2026-08-13 16:19:36,"cmd: SitFlush: Begin","Aurora-1",2026-08-09 16:19:36
2026-08-13 16:17:48,"cmd: SitFlush: Begin","Aurora-1",2026-08-09 16:17:48
2026-08-13 16:15:46,"cmd: SitFlush: Begin","Aurora-1",2026-08-09 16:15:46
2026-08-13 15:56:58,"cmd: SitFlush: Begin","Aurora-1",2026-08-09 15:56:58
2026-08-13 15:54:57,"cmd: SitFlush: Begin","Aurora-1",2026-08-09 15:54:57
2026-08-13 15:52:56,"cmd: SitFlush: Begin","Aurora-1",2026-08-09 15:52:56
2026-08-13 15:50:51,"cmd: SitFlush: Begin","Aurora-1",2026-08-09 15:50:51
2026-08-13 15:48:51,"cmd: SitFlush: Begin","Aurora-1",2026-08-09 15:48:51
2026-08-13 15:46:51,"cmd: SitFlush: Begin","Aurora-1",2026-08-09 15:46:51
2026-08-13 15:44:51,"cmd: SitFlush: Begin","Aurora-1",2026-08-09 15:44:51
2026-08-13 15:42:51,"cmd: SitFlush: Begin","Aurora-1",2026-08-09 15:42:51
2026-08-13 15:40:50,"cmd: SitFlush: Begin","Aurora-1",2026-08-09 15:40:50
2026-08-13 15:38:47,"cmd: SitFlush: Begin","Aurora-1",2026-08-09 15:38:47
2026-08-13 15:36:46,"cmd: SitFlush: Begin","Aurora-1",2026-08-09 15:36:46
2026-08-13 15:34:41,"cmd: SitFlush: Begin","Aurora-1",2026-08-09 15:34:41
2026-08-13 15:32:40,"cmd: SitFlush: Begin","Aurora-1",2026-08-09 15:32:40
2026-08-13 15:30:39,"cmd: SitFlush: Begin","Aurora-1",2026-08-09 15:30:39
2026-08-13 15:28:39,"cmd: SitFlush: Begin","Aurora-1",2026-08-09 15:28:39
2026-08-13 15:26:38,"cmd: SitFlush: Begin","Aurora-1",2026-08-09 15:26:38
2026-08-13 15:24:36,"cmd: SitFlush: Begin","Aurora-1",2026-08-09 15:24:36
2026-08-13 15:22:34,"cmd: SitFlush: Begin","Aurora-1",2026-08-09 15:22:34
2026-08-13 15:20:33,"cmd: SitFlush: Begin","Aurora-1",2026-08-09 15:20:33
2026-08-13 15:15:22,"cmd: SitFlush: Begin","Aurora-1",2026-08-09 15:15:22
2026-08-13 11:16:48,"cmd: SitFlush: Begin","Aurora-1",2026-08-09 11:16:48
2026-08-13 11:15:40,"cmd: SitFlush: Begin","Aurora-1",2026-08-09 11:15:40
2026-08-13 11:13:36,"cmd: SitFlush: Begin","Aurora-1",2026-08-09 11:13:36
2026-08-13 11:08:43,"cmd: SitFlush: Begin","Aurora-1",2026-08-09 11:08:43
2026-08-13 11:06:53,"cmd: SitFlush: Begin","Aurora-1",2026-08-09 11:06:53
2026-08-13 11:04:52,"cmd: SitFlush: Begin","Aurora-1",2026-08-09 11:04:52
2026-08-13 11:02:51,"cmd: SitFlush: Begin","Aurora-1",2026-08-09 11:02:51
2026-08-13 11:00:53,"cmd: SitFlush: Begin","Aurora-1",2026-08-09 11:00:53
2026-08-13 10:59:59,"cmd: SitFlush: Begin","Aurora-1",2026-08-09 10:59:59
2026-08-13 10:57:59,"cmd: SitFlush: Begin","Aurora-1",2026-08-09 10:57:59
2026-08-13 10:55:58,"cmd: SitFlush: Begin","Aurora-1",2026-08-09 10:55:58
2026-08-13 10:53:53,"cmd: SitFlush: Begin","Aurora-1",2026-08-09 10:53:53
2026-08-13 10:51:53,"cmd: SitFlush: Begin","Aurora-1",2026-08-09 10:51:53
2026-08-13 10:49:53,"cmd: SitFlush: Begin","Aurora-1",2026-08-09 10:49:53
2026-08-13 10:47:52,"cmd: SitFlush: Begin","Aurora-1",2026-08-09 10:47:52
2026-08-13 10:47:03,"cmd: SitFlush: Begin","Aurora-1",2026-08-09 10:47:03
2026-08-13 10:46:13,"cmd: SitFlush: Begin","Aurora-1",2026-08-09 10:46:13
2026-08-13 10:45:48,"cmd: SitFlush: Begin","Aurora-1",2026-08-09 10:45:48
2026-08-13 10:45:23,"cmd: SitFlush: Begin","Aurora-1",2026-08-09 10:45:23
2026-08-13 10:44:52,"cmd: SitFlush: Begin","Aurora-1",2026-08-09 10:44:52
2026-08-13 10:44:24,"cmd: SitFlush: Begin","Aurora-1",2026-08-09 10:44:24
2026-08-13 10:43:56,"cmd: SitFlush: Begin","Aurora-1",2026-08-09 10:43:56
2026-08-13 10:43:24,"cmd: SitFlush: Begin","Aurora-1",2026-08-09 10:43:24
2026-08-13 10:42:57,"cmd: SitFlush: Begin","Aurora-1",2026-08-09 10:42:57
2026-08-13 10:42:29,"cmd: SitFlush: Begin","Aurora-1",2026-08-09 10:42:29
2026-08-13 10:42:01,"cmd: SitFlush: Begin","Aurora-1",2026-08-09 10:42:01
2026-08-13 10:39:58,"cmd: SitFlush: Begin","Aurora-1",2026-08-09 10:39:58
2026-08-13 09:36:49,"cmd: SitFlush: Begin","Aurora-1",2026-08-09 09:36:49
2026-08-13 09:36:05,"cmd: SitFlush: Begin","Aurora-1",2026-08-09 09:36:05
2026-08-13 09:26:13,"cmd: SitFlush: Begin","Aurora-1",2026-08-09 09:26:13
2026-08-12 22:05:51,"cmd: SitFlush: Begin","Aurora-1",2026-08-09 22:05:51
2026-08-12 22:04:24,"cmd: SitFlush: Begin","Aurora-1",2026-08-09 22:04:24
2026-08-12 22:03:00,"cmd: SitFlush: Begin","Aurora-1",2026-08-09 22:03:00
2026-08-12 22:01:35,"cmd: SitFlush: Begin","Aurora-1",2026-08-09 22:01:35
2026-08-12 22:00:06,"cmd: SitFlush: Begin","Aurora-1",2026-08-09 22:00:06
2026-08-12 21:58:41,"cmd: SitFlush: Begin","Aurora-1",2026-08-09 21:58:41
2026-08-12 21:57:15,"cmd: SitFlush: Begin","Aurora-1",2026-08-09 21:57:15
2026-08-12 21:55:51,"cmd: SitFlush: Begin","Aurora-1",2026-08-09 21:55:51
2026-08-12 21:54:20,"cmd: SitFlush: Begin","Aurora-1",2026-08-09 21:54:20
2026-08-12 21:52:55,"cmd: SitFlush: Begin","Aurora-1",2026-08-09 21:52:55
2026-08-12 21:51:30,"cmd: SitFlush: Begin","Aurora-1",2026-08-09 21:51:30
2026-08-12 21:50:05,"cmd: SitFlush: Begin","Aurora-1",2026-08-09 21:50:05
2026-08-12 21:48:40,"cmd: SitFlush: Begin","Aurora-1",2026-08-09 21:48:40
2026-08-12 21:47:14,"cmd: SitFlush: Begin","Aurora-1",2026-08-09 21:47:14
2026-08-12 21:45:50,"cmd: SitFlush: Begin","Aurora-1",2026-08-09 21:45:50
2026-08-12 21:44:26,"cmd: SitFlush: Begin","Aurora-1",2026-08-09 21:44:26
2026-08-12 21:43:02,"cmd: SitFlush: Begin","Aurora-1",2026-08-09 21:43:02
2026-08-12 21:41:35,"cmd: SitFlush: Begin","Aurora-1",2026-08-09 21:41:35
2026-08-12 21:40:11,"cmd: SitFlush: Begin","Aurora-1",2026-08-09 21:40:11
2026-08-12 21:38:47,"cmd: SitFlush: Begin","Aurora-1",2026-08-09 21:38:47
2026-08-12 21:37:21,"cmd: SitFlush: Begin","Aurora-1",2026-08-09 21:37:21
2026-08-12 21:35:55,"cmd: SitFlush: Begin","Aurora-1",2026-08-09 21:35:55
2026-08-12 21:34:30,"cmd: SitFlush: Begin","Aurora-1",2026-08-09 21:34:30
2026-08-12 21:33:07,"cmd: SitFlush: Begin","Aurora-1",2026-08-09 21:33:07
2026-08-12 21:31:42,"cmd: SitFlush: Begin","Aurora-1",2026-08-09 21:31:42
2026-08-12 21:30:16,"cmd: SitFlush: Begin","Aurora-1",2026-08-09 21:30:16
2026-08-12 21:28:50,"cmd: SitFlush: Begin","Aurora-1",2026-08-09 21:28:50
2026-08-12 21:27:25,"cmd: SitFlush: Begin","Aurora-1",2026-08-09 21:27:25
2026-08-12 21:26:01,"cmd: SitFlush: Begin","Aurora-1",2026-08-09 21:26:01
2026-08-12 21:24:35,"cmd: SitFlush: Begin","Aurora-1",2026-08-09 21:24:35
2026-08-12 21:23:10,"cmd: SitFlush: Begin","Aurora-1",2026-08-09 21:23:10
2026-08-12 21:21:46,"cmd: SitFlush: Begin","Aurora-1",2026-08-09 21:21:46
2026-08-12 21:20:21,"cmd: SitFlush: Begin","Aurora-1",2026-08-09 21:20:21
2026-08-12 21:18:55,"cmd: SitFlush: Begin","Aurora-1",2026-08-09 21:18:55
2026-08-12 21:17:29,"cmd: SitFlush: Begin","Aurora-1",2026-08-09 21:17:29
2026-08-12 21:16:04,"cmd: SitFlush: Begin","Aurora-1",2026-08-09 21:16:04
2026-08-12 21:14:39,"cmd: SitFlush: Begin","Aurora-1",2026-08-09 21:14:39
2026-08-12 21:13:16,"cmd: SitFlush: Begin","Aurora-1",2026-08-09 21:13:16
2026-08-12 21:11:50,"cmd: SitFlush: Begin","Aurora-1",2026-08-09 21:11:50
2026-08-12 21:10:26,"cmd: SitFlush: Begin","Aurora-1",2026-08-09 21:10:26
2026-08-12 21:09:01,"cmd: SitFlush: Begin","Aurora-1",2026-08-09 21:09:01
2026-08-12 21:07:37,"cmd: SitFlush: Begin","Aurora-1",2026-08-09 21:07:37
2026-08-12 21:06:11,"cmd: SitFlush: Begin","Aurora-1",2026-08-09 21:06:11
2026-08-12 21:04:46,"cmd: SitFlush: Begin","Aurora-1",2026-08-09 21:04:46
2026-08-12 21:03:21,"cmd: SitFlush: Begin","Aurora-1",2026-08-09 21:03:21
2026-08-12 21:01:57,"cmd: SitFlush: Begin","Aurora-1",2026-08-09 21:01:57
2026-08-12 21:00:32,"cmd: SitFlush: Begin","Aurora-1",2026-08-09 21:00:32
2026-08-12 20:59:07,"cmd: SitFlush: Begin","Aurora-1",2026-08-09 20:59:07
2026-08-12 20:57:43,"cmd: SitFlush: Begin","Aurora-1",2026-08-09 20:57:43
2026-08-12 20:56:19,"cmd: SitFlush: Begin","Aurora-1",2026-08-09 20:56:19
2026-08-12 20:54:54,"cmd: SitFlush: Begin","Aurora-1",2026-08-09 20:54:54
2026-08-12 20:53:28,"cmd: SitFlush: Begin","Aurora-1",2026-08-09 20:53:28
2026-08-12 20:52:03,"cmd: SitFlush: Begin","Aurora-1",2026-08-09 20:52:03
2026-08-12 20:50:38,"cmd: SitFlush: Begin","Aurora-1",2026-08-09 20:50:38
2026-08-12 20:48:18,"cmd: SitFlush: Begin","Aurora-1",2026-08-09 20:48:18
2026-08-12 20:46:50,"cmd: SitFlush: Begin","Aurora-1",2026-08-09 20:46:50
2026-08-12 20:45:18,"cmd: SitFlush: Begin","Aurora-1",2026-08-09 20:45:18
2026-08-12 20:43:49,"cmd: SitFlush: Begin","Aurora-1",2026-08-09 20:43:49
2026-08-12 20:41:01,"cmd: SitFlush: Begin","Aurora-1",2026-08-09 20:41:01
2026-08-12 20:39:22,"cmd: SitFlush: Begin","Aurora-1",2026-08-09 20:39:22
2026-08-12 20:37:49,"cmd: SitFlush: Begin","Aurora-1",2026-08-09 20:37:49
2026-08-12 20:36:17,"cmd: SitFlush: Begin","Aurora-1",2026-08-09 20:36:17
2026-08-12 20:34:43,"cmd: SitFlush: Begin","Aurora-1",2026-08-09 20:34:43
2026-08-12 20:33:13,"cmd: SitFlush: Begin","Aurora-1",2026-08-09 20:33:13
2026-08-12 20:31:40,"cmd: SitFlush: Begin","Aurora-1",2026-08-09 20:31:40
2026-08-12 20:30:07,"cmd: SitFlush: Begin","Aurora-1",2026-08-09 20:30:07
2026-08-12 20:28:34,"cmd: SitFlush: Begin","Aurora-1",2026-08-09 20:28:34
2026-08-12 20:25:59,"cmd: SitFlush: Begin","Aurora-1",2026-08-09 20:25:59
2026-08-12 20:24:27,"cmd: SitFlush: Begin","Aurora-1",2026-08-09 20:24:27
2026-08-12 20:16:25,"cmd: SitFlush: Begin","Aurora-1",2026-08-09 20:16:25
2026-08-12 20:14:51,"cmd: SitFlush: Begin","Aurora-1",2026-08-09 20:14:51
2026-08-12 20:13:18,"cmd: SitFlush: Begin","Aurora-1",2026-08-09 20:13:18
2026-08-12 20:11:46,"cmd: SitFlush: Begin","Aurora-1",2026-08-09 20:11:46
2026-08-12 20:10:12,"cmd: SitFlush: Begin","Aurora-1",2026-08-09 20:10:12
2026-08-12 20:08:39,"cmd: SitFlush: Begin","Aurora-1",2026-08-09 20:08:39
2026-08-12 20:07:06,"cmd: SitFlush: Begin","Aurora-1",2026-08-09 20:07:06
2026-08-12 20:05:32,"cmd: SitFlush: Begin","Aurora-1",2026-08-09 20:05:32
2026-08-12 20:03:58,"cmd: SitFlush: Begin","Aurora-1",2026-08-09 20:03:58
2026-08-12 20:02:24,"cmd: SitFlush: Begin","Aurora-1",2026-08-09 20:02:24
2026-08-12 20:00:51,"cmd: SitFlush: Begin","Aurora-1",2026-08-09 20:00:51
2026-08-12 19:59:17,"cmd: SitFlush: Begin","Aurora-1",2026-08-09 19:59:17
2026-08-12 19:57:44,"cmd: SitFlush: Begin","Aurora-1",2026-08-09 19:57:44
2026-08-12 19:54:03,"cmd: SitFlush: Begin","Aurora-1",2026-08-09 19:54:03
2026-08-12 19:52:29,"cmd: SitFlush: Begin","Aurora-1",2026-08-09 19:52:29
2026-08-12 19:50:54,"cmd: SitFlush: Begin","Aurora-1",2026-08-09 19:50:54
2026-08-12 19:49:19,"cmd: SitFlush: Begin","Aurora-1",2026-08-09 19:49:19
2026-08-12 19:47:44,"cmd: SitFlush: Begin","Aurora-1",2026-08-09 19:47:44
2026-08-12 19:44:52,"cmd: SitFlush: Begin","Aurora-1",2026-08-09 19:44:52
2026-08-12 19:39:55,"cmd: SitFlush: Begin","Aurora-1",2026-08-09 19:39:55
2026-08-12 19:29:43,"cmd: SitFlush: Begin","Aurora-1",2026-08-09 19:29:43
2026-08-12 19:28:57,"cmd: SitFlush: Begin","Aurora-1",2026-08-09 19:28:57
2026-08-12 19:28:05,"cmd: SitFlush: Begin","Aurora-1",2026-08-09 19:28:05
2026-08-12 19:27:20,"cmd: SitFlush: Begin","Aurora-1",2026-08-09 19:27:20
2026-08-12 19:26:31,"cmd: SitFlush: Begin","Aurora-1",2026-08-09 19:26:31
2026-08-12 19:25:23,"cmd: SitFlush: Begin","Aurora-1",2026-08-09 19:25:23
2026-08-12 19:23:03,"cmd: SitFlush: Begin","Aurora-1",2026-08-09 19:23:03
2026-08-12 19:20:55,"cmd: SitFlush: Begin","Aurora-1",2026-08-09 19:20:55
2026-08-12 19:19:32,"cmd: SitFlush: Begin","Aurora-1",2026-08-09 19:19:32
2026-08-12 19:18:31,"cmd: SitFlush: Begin","Aurora-1",2026-08-09 19:18:31
2026-08-12 18:28:54,"cmd: SitFlush: Begin","Aurora-1",2026-08-09 18:28:54
2026-08-12 18:27:37,"cmd: SitFlush: Begin","Aurora-1",2026-08-09 18:27:37
2026-08-12 18:26:08,"cmd: SitFlush: Begin","Aurora-1",2026-08-09 18:26:08
2026-08-12 18:24:56,"cmd: SitFlush: Begin","Aurora-1",2026-08-09 18:24:56
2026-08-12 18:23:36,"cmd: SitFlush: Begin","Aurora-1",2026-08-09 18:23:36
2026-08-12 18:22:28,"cmd: SitFlush: Begin","Aurora-1",2026-08-09 18:22:28
2026-08-12 18:21:13,"cmd: SitFlush: Begin","Aurora-1",2026-08-09 18:21:13
2026-08-12 18:19:53,"cmd: SitFlush: Begin","Aurora-1",2026-08-09 18:19:53
2026-08-12 18:18:39,"cmd: SitFlush: Begin","Aurora-1",2026-08-09 18:18:39
2026-08-12 18:17:23,"cmd: SitFlush: Begin","Aurora-1",2026-08-09 18:17:23
2026-08-12 18:16:04,"cmd: SitFlush: Begin","Aurora-1",2026-08-09 18:16:04
2026-08-12 18:14:49,"cmd: SitFlush: Begin","Aurora-1",2026-08-09 18:14:49
2026-08-12 18:13:46,"cmd: SitFlush: Begin","Aurora-1",2026-08-09 18:13:46
2026-08-12 18:12:33,"cmd: SitFlush: Begin","Aurora-1",2026-08-09 18:12:33
2026-08-12 18:11:22,"cmd: SitFlush: Begin","Aurora-1",2026-08-09 18:11:22
2026-08-12 18:09:54,"cmd: SitFlush: Begin","Aurora-1",2026-08-09 18:09:54
2026-08-12 18:08:37,"cmd: SitFlush: Begin","Aurora-1",2026-08-09 18:08:37
2026-08-12 18:07:28,"cmd: SitFlush: Begin","Aurora-1",2026-08-09 18:07:28
2026-08-12 18:06:12,"cmd: SitFlush: Begin","Aurora-1",2026-08-09 18:06:12
2026-08-12 18:04:34,"cmd: SitFlush: Begin","Aurora-1",2026-08-09 18:04:34
2026-08-12 18:03:23,"cmd: SitFlush: Begin","Aurora-1",2026-08-09 18:03:23
2026-08-12 18:02:07,"cmd: SitFlush: Begin","Aurora-1",2026-08-09 18:02:07
2026-08-12 18:00:58,"cmd: SitFlush: Begin","Aurora-1",2026-08-09 18:00:58
2026-08-12 17:59:25,"cmd: SitFlush: Begin","Aurora-1",2026-08-09 17:59:25
2026-08-12 17:58:08,"cmd: SitFlush: Begin","Aurora-1",2026-08-09 17:58:08
2026-08-12 17:56:42,"cmd: SitFlush: Begin","Aurora-1",2026-08-09 17:56:42
2026-08-12 17:55:30,"cmd: SitFlush: Begin","Aurora-1",2026-08-09 17:55:30
2026-08-12 17:54:02,"cmd: SitFlush: Begin","Aurora-1",2026-08-09 17:54:02
2026-08-12 17:52:58,"cmd: SitFlush: Begin","Aurora-1",2026-08-09 17:52:58
2026-08-12 17:51:12,"cmd: SitFlush: Begin","Aurora-1",2026-08-09 17:51:12
2026-08-12 17:49:40,"cmd: SitFlush: Begin","Aurora-1",2026-08-09 17:49:40
2026-08-12 17:48:04,"cmd: SitFlush: Begin","Aurora-1",2026-08-09 17:48:04
2026-08-12 17:45:53,"cmd: SitFlush: Begin","Aurora-1",2026-08-09 17:45:53
2026-08-12 17:44:44,"cmd: SitFlush: Begin","Aurora-1",2026-08-09 17:44:44
2026-08-12 17:43:35,"cmd: SitFlush: Begin","Aurora-1",2026-08-09 17:43:35
2026-08-12 17:41:35,"cmd: SitFlush: Begin","Aurora-1",2026-08-09 17:41:35
2026-08-12 17:40:33,"cmd: SitFlush: Begin","Aurora-1",2026-08-09 17:40:33
2026-08-12 17:39:21,"cmd: SitFlush: Begin","Aurora-1",2026-08-09 17:39:21
2026-08-12 17:38:12,"cmd: SitFlush: Begin","Aurora-1",2026-08-09 17:38:12
2026-08-12 17:36:57,"cmd: SitFlush: Begin","Aurora-1",2026-08-09 17:36:57
2026-08-12 17:35:44,"cmd: SitFlush: Begin","Aurora-1",2026-08-09 17:35:44
2026-08-12 17:34:09,"cmd: SitFlush: Begin","Aurora-1",2026-08-09 17:34:09
2026-08-12 17:32:48,"cmd: SitFlush: Begin","Aurora-1",2026-08-09 17:32:48
2026-08-12 17:31:23,"cmd: SitFlush: Begin","Aurora-1",2026-08-09 17:31:23
2026-08-12 17:29:57,"cmd: SitFlush: Begin","Aurora-1",2026-08-09 17:29:57
2026-08-12 17:28:36,"cmd: SitFlush: Begin","Aurora-1",2026-08-09 17:28:36
2026-08-12 17:26:56,"cmd: SitFlush: Begin","Aurora-1",2026-08-09 17:26:56
2026-08-12 17:21:32,"cmd: SitFlush: Begin","Aurora-1",2026-08-09 17:21:32
2026-08-12 17:19:32,"cmd: SitFlush: Begin","Aurora-1",2026-08-09 17:19:32
2026-08-12 17:17:31,"cmd: SitFlush: Begin","Aurora-1",2026-08-09 17:17:31
2026-08-12 17:15:26,"cmd: SitFlush: Begin","Aurora-1",2026-08-09 17:15:26
2026-08-12 17:13:24,"cmd: SitFlush: Begin","Aurora-1",2026-08-09 17:13:24
2026-08-12 17:11:24,"cmd: SitFlush: Begin","Aurora-1",2026-08-09 17:11:24
2026-08-12 17:09:23,"cmd: SitFlush: Begin","Aurora-1",2026-08-09 17:09:23
2026-08-12 17:07:24,"cmd: SitFlush: Begin","Aurora-1",2026-08-09 17:07:24
2026-08-12 17:05:22,"cmd: SitFlush: Begin","Aurora-1",2026-08-09 17:05:22
2026-08-12 17:03:22,"cmd: SitFlush: Begin","Aurora-1",2026-08-09 17:03:22
2026-08-12 17:01:22,"cmd: SitFlush: Begin","Aurora-1",2026-08-09 17:01:22
2026-08-12 16:41:03,"cmd: SitFlush: Begin","Aurora-1",2026-08-09 16:41:03
2026-08-12 16:39:05,"cmd: SitFlush: Begin","Aurora-1",2026-08-09 16:39:05
2026-08-12 16:37:06,"cmd: SitFlush: Begin","Aurora-1",2026-08-09 16:37:06
2026-08-12 16:35:02,"cmd: SitFlush: Begin","Aurora-1",2026-08-09 16:35:02
2026-08-12 16:33:03,"cmd: SitFlush: Begin","Aurora-1",2026-08-09 16:33:03
2026-08-12 16:31:04,"cmd: SitFlush: Begin","Aurora-1",2026-08-09 16:31:04
2026-08-12 16:29:04,"cmd: SitFlush: Begin","Aurora-1",2026-08-09 16:29:04
2026-08-12 16:27:06,"cmd: SitFlush: Begin","Aurora-1",2026-08-09 16:27:06
2026-08-12 16:25:07,"cmd: SitFlush: Begin","Aurora-1",2026-08-09 16:25:07
2026-08-12 16:23:08,"cmd: SitFlush: Begin","Aurora-1",2026-08-09 16:23:08
2026-08-12 16:21:09,"cmd: SitFlush: Begin","Aurora-1",2026-08-09 16:21:09
2026-08-12 16:19:03,"cmd: SitFlush: Begin","Aurora-1",2026-08-09 16:19:03
2026-08-12 16:17:04,"cmd: SitFlush: Begin","Aurora-1",2026-08-09 16:17:04
2026-08-12 16:15:04,"cmd: SitFlush: Begin","Aurora-1",2026-08-09 16:15:04
2026-08-12 16:13:06,"cmd: SitFlush: Begin","Aurora-1",2026-08-09 16:13:06
2026-08-12 16:11:05,"cmd: SitFlush: Begin","Aurora-1",2026-08-09 16:11:05
2026-08-12 16:09:06,"cmd: SitFlush: Begin","Aurora-1",2026-08-09 16:09:06
2026-08-12 16:07:06,"cmd: SitFlush: Begin","Aurora-1",2026-08-09 16:07:06
2026-08-12 16:05:07,"cmd: SitFlush: Begin","Aurora-1",2026-08-09 16:05:07
2026-08-12 16:03:04,"cmd: SitFlush: Begin","Aurora-1",2026-08-09 16:03:04
2026-08-12 16:01:04,"cmd: SitFlush: Begin","Aurora-1",2026-08-09 16:01:04
2026-08-12 15:59:05,"cmd: SitFlush: Begin","Aurora-1",2026-08-09 15:59:05
2026-08-12 15:57:04,"cmd: SitFlush: Begin","Aurora-1",2026-08-09 15:57:04
2026-08-12 15:55:02,"cmd: SitFlush: Begin","Aurora-1",2026-08-09 15:55:02
2026-08-12 15:53:03,"cmd: SitFlush: Begin","Aurora-1",2026-08-09 15:53:03
2026-08-12 15:51:04,"cmd: SitFlush: Begin","Aurora-1",2026-08-09 15:51:04
2026-08-12 15:49:04,"cmd: SitFlush: Begin","Aurora-1",2026-08-09 15:49:04
2026-08-12 15:47:00,"cmd: SitFlush: Begin","Aurora-1",2026-08-09 15:47:00
2026-08-12 15:45:00,"cmd: SitFlush: Begin","Aurora-1",2026-08-09 15:45:00
2026-08-12 15:43:00,"cmd: SitFlush: Begin","Aurora-1",2026-08-09 15:43:00
2026-08-12 15:41:00,"cmd: SitFlush: Begin","Aurora-1",2026-08-09 15:41:00
2026-08-12 15:39:00,"cmd: SitFlush: Begin","Aurora-1",2026-08-09 15:39:00
2026-08-12 15:36:54,"cmd: SitFlush: Begin","Aurora-1",2026-08-09 15:36:54
2026-08-12 15:34:47,"cmd: SitFlush: Begin","Aurora-1",2026-08-09 15:34:47
2026-08-12 15:32:40,"cmd: SitFlush: Begin","Aurora-1",2026-08-09 15:32:40
2026-08-12 15:30:31,"cmd: SitFlush: Begin","Aurora-1",2026-08-09 15:30:31
2026-08-12 14:55:36,"cmd: SitFlush: Begin","Aurora-1",2026-08-09 14:55:36
2026-08-12 14:54:09,"cmd: SitFlush: Begin","Aurora-1",2026-08-09 14:54:09
2026-08-12 14:51:17,"cmd: SitFlush: Begin","Aurora-1",2026-08-09 14:51:17
2026-08-12 14:50:01,"cmd: SitFlush: Begin","Aurora-1",2026-08-09 14:50:01
2026-08-12 14:48:30,"cmd: SitFlush: Begin","Aurora-1",2026-08-09 14:48:30
2026-08-12 14:47:14,"cmd: SitFlush: Begin","Aurora-1",2026-08-09 14:47:14
2026-08-12 14:45:46,"cmd: SitFlush: Begin","Aurora-1",2026-08-09 14:45:46
2026-08-12 14:44:19,"cmd: SitFlush: Begin","Aurora-1",2026-08-09 14:44:19
2026-08-12 14:42:51,"cmd: SitFlush: Begin","Aurora-1",2026-08-09 14:42:51
2026-08-12 14:41:22,"cmd: SitFlush: Begin","Aurora-1",2026-08-09 14:41:22
2026-08-12 14:28:40,"cmd: SitFlush: Begin","Aurora-1",2026-08-09 14:28:40
2026-08-12 13:48:56,"cmd: SitFlush: Begin","Aurora-1",2026-08-09 13:48:56
2026-08-12 13:47:37,"cmd: SitFlush: Begin","Aurora-1",2026-08-09 13:47:37
2026-08-12 13:46:18,"cmd: SitFlush: Begin","Aurora-1",2026-08-09 13:46:18
2026-08-12 13:44:55,"cmd: SitFlush: Begin","Aurora-1",2026-08-09 13:44:55
2026-08-12 13:43:28,"cmd: SitFlush: Begin","Aurora-1",2026-08-09 13:43:28
2026-08-12 13:42:08,"cmd: SitFlush: Begin","Aurora-1",2026-08-09 13:42:08
2026-08-12 13:40:49,"cmd: SitFlush: Begin","Aurora-1",2026-08-09 13:40:49
2026-08-12 13:39:30,"cmd: SitFlush: Begin","Aurora-1",2026-08-09 13:39:30
2026-08-12 13:37:59,"cmd: SitFlush: Begin","Aurora-1",2026-08-09 13:37:59
2026-08-12 13:36:37,"cmd: SitFlush: Begin","Aurora-1",2026-08-09 13:36:37
2026-08-12 13:35:17,"cmd: SitFlush: Begin","Aurora-1",2026-08-09 13:35:17
2026-08-12 13:33:57,"cmd: SitFlush: Begin","Aurora-1",2026-08-09 13:33:57
2026-08-12 13:32:35,"cmd: SitFlush: Begin","Aurora-1",2026-08-09 13:32:35
2026-08-12 13:31:12,"cmd: SitFlush: Begin","Aurora-1",2026-08-09 13:31:12
2026-08-12 13:29:50,"cmd: SitFlush: Begin","Aurora-1",2026-08-09 13:29:50
2026-08-12 13:28:30,"cmd: SitFlush: Begin","Aurora-1",2026-08-09 13:28:30
2026-08-12 13:26:45,"cmd: SitFlush: Begin","Aurora-1",2026-08-09 13:26:45
2026-08-12 13:25:12,"cmd: SitFlush: Begin","Aurora-1",2026-08-09 13:25:12
2026-08-12 13:23:54,"cmd: SitFlush: Begin","Aurora-1",2026-08-09 13:23:54
2026-08-12 13:14:09,"cmd: SitFlush: Begin","Aurora-1",2026-08-09 13:14:09
2026-08-12 12:50:34,"cmd: SitFlush: Begin","Aurora-1",2026-08-09 12:50:34
2026-08-12 12:49:03,"cmd: SitFlush: Begin","Aurora-1",2026-08-09 12:49:03
2026-08-12 12:47:37,"cmd: SitFlush: Begin","Aurora-1",2026-08-09 12:47:37
2026-08-12 12:46:11,"cmd: SitFlush: Begin","Aurora-1",2026-08-09 12:46:11
2026-08-12 12:44:44,"cmd: SitFlush: Begin","Aurora-1",2026-08-09 12:44:44
2026-08-12 12:43:18,"cmd: SitFlush: Begin","Aurora-1",2026-08-09 12:43:18
2026-08-12 12:41:51,"cmd: SitFlush: Begin","Aurora-1",2026-08-09 12:41:51
2026-08-12 12:40:25,"cmd: SitFlush: Begin","Aurora-1",2026-08-09 12:40:25
2026-08-12 12:38:59,"cmd: SitFlush: Begin","Aurora-1",2026-08-09 12:38:59
2026-08-12 12:37:28,"cmd: SitFlush: Begin","Aurora-1",2026-08-09 12:37:28
2026-08-12 12:36:02,"cmd: SitFlush: Begin","Aurora-1",2026-08-09 12:36:02
2026-08-12 12:34:35,"cmd: SitFlush: Begin","Aurora-1",2026-08-09 12:34:35
2026-08-12 12:33:08,"cmd: SitFlush: Begin","Aurora-1",2026-08-09 12:33:08
2026-08-12 12:31:41,"cmd: SitFlush: Begin","Aurora-1",2026-08-09 12:31:41
2026-08-12 12:30:14,"cmd: SitFlush: Begin","Aurora-1",2026-08-09 12:30:14
2026-08-12 12:28:47,"cmd: SitFlush: Begin","Aurora-1",2026-08-09 12:28:47
2026-08-12 12:27:21,"cmd: SitFlush: Begin","Aurora-1",2026-08-09 12:27:21
2026-08-12 12:25:50,"cmd: SitFlush: Begin","Aurora-1",2026-08-09 12:25:50
2026-08-12 12:24:24,"cmd: SitFlush: Begin","Aurora-1",2026-08-09 12:24:24
2026-08-12 12:22:57,"cmd: SitFlush: Begin","Aurora-1",2026-08-09 12:22:57
2026-08-12 12:21:30,"cmd: SitFlush: Begin","Aurora-1",2026-08-09 12:21:30
2026-08-12 12:20:03,"cmd: SitFlush: Begin","Aurora-1",2026-08-09 12:20:03
2026-08-12 12:18:37,"cmd: SitFlush: Begin","Aurora-1",2026-08-09 12:18:37
2026-08-12 12:17:09,"cmd: SitFlush: Begin","Aurora-1",2026-08-09 12:17:09
2026-08-12 12:15:43,"cmd: SitFlush: Begin","Aurora-1",2026-08-09 12:15:43
2026-08-12 12:14:11,"cmd: SitFlush: Begin","Aurora-1",2026-08-09 12:14:11
2026-08-12 12:12:44,"cmd: SitFlush: Begin","Aurora-1",2026-08-09 12:12:44
2026-08-12 12:11:14,"cmd: SitFlush: Begin","Aurora-1",2026-08-09 12:11:14
2026-08-12 12:09:48,"cmd: SitFlush: Begin","Aurora-1",2026-08-09 12:09:48
2026-08-12 12:08:21,"cmd: SitFlush: Begin","Aurora-1",2026-08-09 12:08:21
2026-08-12 12:06:54,"cmd: SitFlush: Begin","Aurora-1",2026-08-09 12:06:54
2026-08-12 12:05:28,"cmd: SitFlush: Begin","Aurora-1",2026-08-09 12:05:28
2026-08-12 12:04:01,"cmd: SitFlush: Begin","Aurora-1",2026-08-09 12:04:01
2026-08-12 11:56:42,"cmd: SitFlush: Begin","Aurora-1",2026-08-09 11:56:42
2026-08-12 11:54:33,"cmd: SitFlush: Begin","Aurora-1",2026-08-09 11:54:33
2026-08-12 11:53:48,"cmd: SitFlush: Begin","Aurora-1",2026-08-09 11:53:48
2026-08-12 11:53:25,"cmd: SitFlush: Begin","Aurora-1",2026-08-09 11:53:25
2026-08-12 11:53:03,"cmd: SitFlush: Begin","Aurora-1",2026-08-09 11:53:03
2026-08-12 11:52:41,"cmd: SitFlush: Begin","Aurora-1",2026-08-09 11:52:41
2026-08-12 11:52:19,"cmd: SitFlush: Begin","Aurora-1",2026-08-09 11:52:19
2026-08-12 11:51:31,"cmd: SitFlush: Begin","Aurora-1",2026-08-09 11:51:31
2026-08-12 11:50:56,"cmd: SitFlush: Begin","Aurora-1",2026-08-09 11:50:56
2026-08-12 11:50:29,"cmd: SitFlush: Begin","Aurora-1",2026-08-09 11:50:29
2026-08-12 11:50:02,"cmd: SitFlush: Begin","Aurora-1",2026-08-09 11:50:02
2026-08-12 11:49:25,"cmd: SitFlush: Begin","Aurora-1",2026-08-09 11:49:25
2026-08-12 11:47:52,"cmd: SitFlush: Begin","Aurora-1",2026-08-09 11:47:52
2026-08-12 11:46:38,"cmd: SitFlush: Begin","Aurora-1",2026-08-09 11:46:38
2026-08-12 11:46:15,"cmd: SitFlush: Begin","Aurora-1",2026-08-09 11:46:15
2026-08-12 11:45:51,"cmd: SitFlush: Begin","Aurora-1",2026-08-09 11:45:51
2026-08-12 11:45:24,"cmd: SitFlush: Begin","Aurora-1",2026-08-09 11:45:24
2026-08-12 11:32:42,"cmd: SitFlush: Begin","Aurora-1",2026-08-09 11:32:42
2026-08-12 11:31:20,"cmd: SitFlush: Begin","Aurora-1",2026-08-09 11:31:20
2026-08-12 11:30:11,"cmd: SitFlush: Begin","Aurora-1",2026-08-09 11:30:11
2026-08-12 11:22:27,"cmd: SitFlush: Begin","Aurora-1",2026-08-09 11:22:27
2026-08-12 11:20:04,"cmd: SitFlush: Begin","Aurora-1",2026-08-09 11:20:04
2026-08-12 11:15:13,"cmd: SitFlush: Begin","Aurora-1",2026-08-09 11:15:13
2026-08-12 11:12:27,"cmd: SitFlush: Begin","Aurora-1",2026-08-09 11:12:27
2026-08-12 11:09:17,"cmd: SitFlush: Begin","Aurora-1",2026-08-09 11:09:17
2026-08-12 11:08:05,"cmd: SitFlush: Begin","Aurora-1",2026-08-09 11:08:05
2026-08-12 11:06:40,"cmd: SitFlush: Begin","Aurora-1",2026-08-09 11:06:40
2026-08-12 08:56:03,"cmd: SitFlush: Begin","Aurora-1",2026-08-09 08:56:03
2026-08-11 18:17:57,"cmd: SitFlush: Begin","Aurora-1",2026-08-09 18:17:57
2026-08-11 18:16:19,"cmd: SitFlush: Begin","Aurora-1",2026-08-09 18:16:19
2026-08-11 18:14:52,"cmd: SitFlush: Begin","Aurora-1",2026-08-09 18:14:52
2026-08-11 18:13:26,"cmd: SitFlush: Begin","Aurora-1",2026-08-09 18:13:26
2026-08-11 18:11:35,"cmd: SitFlush: Begin","Aurora-1",2026-08-09 18:11:35
2026-08-11 18:07:15,"cmd: SitFlush: Begin","Aurora-1",2026-08-09 18:07:15
2026-08-11 18:05:32,"cmd: SitFlush: Begin","Aurora-1",2026-08-09 18:05:32
2026-08-11 18:03:31,"cmd: SitFlush: Begin","Aurora-1",2026-08-09 18:03:31
2026-08-11 18:01:50,"cmd: SitFlush: Begin","Aurora-1",2026-08-09 18:01:50
2026-08-11 18:00:04,"cmd: SitFlush: Begin","Aurora-1",2026-08-09 18:00:04
2026-08-11 17:58:02,"cmd: SitFlush: Begin","Aurora-1",2026-08-09 17:58:02
2026-08-11 17:56:23,"cmd: SitFlush: Begin","Aurora-1",2026-08-09 17:56:23
2026-08-11 17:54:46,"cmd: SitFlush: Begin","Aurora-1",2026-08-09 17:54:46
2026-08-11 17:53:09,"cmd: SitFlush: Begin","Aurora-1",2026-08-09 17:53:09
2026-08-11 17:51:54,"cmd: SitFlush: Begin","Aurora-1",2026-08-09 17:51:54
2026-08-11 17:50:25,"cmd: SitFlush: Begin","Aurora-1",2026-08-09 17:50:25
2026-08-11 17:48:23,"cmd: SitFlush: Begin","Aurora-1",2026-08-09 17:48:23
2026-08-11 17:46:22,"cmd: SitFlush: Begin","Aurora-1",2026-08-09 17:46:22
2026-08-11 17:44:25,"cmd: SitFlush: Begin","Aurora-1",2026-08-09 17:44:25
2026-08-11 17:42:26,"cmd: SitFlush: Begin","Aurora-1",2026-08-09 17:42:26
2026-08-11 17:40:54,"cmd: SitFlush: Begin","Aurora-1",2026-08-09 17:40:54
2026-08-11 17:38:53,"cmd: SitFlush: Begin","Aurora-1",2026-08-09 17:38:53
2026-08-11 17:37:17,"cmd: SitFlush: Begin","Aurora-1",2026-08-09 17:37:17
2026-08-11 17:35:33,"cmd: SitFlush: Begin","Aurora-1",2026-08-09 17:35:33
2026-08-11 17:33:49,"cmd: SitFlush: Begin","Aurora-1",2026-08-09 17:33:49
2026-08-11 17:32:10,"cmd: SitFlush: Begin","Aurora-1",2026-08-09 17:32:10
2026-08-11 17:11:37,"cmd: SitFlush: Begin","Aurora-1",2026-08-09 17:11:37
2026-08-11 17:09:38,"cmd: SitFlush: Begin","Aurora-1",2026-08-09 17:09:38
2026-08-11 17:07:38,"cmd: SitFlush: Begin","Aurora-1",2026-08-09 17:07:38
2026-08-11 17:05:35,"cmd: SitFlush: Begin","Aurora-1",2026-08-09 17:05:35
2026-08-11 17:03:35,"cmd: SitFlush: Begin","Aurora-1",2026-08-09 17:03:35
2026-08-11 17:01:35,"cmd: SitFlush: Begin","Aurora-1",2026-08-09 17:01:35
2026-08-11 16:59:35,"cmd: SitFlush: Begin","Aurora-1",2026-08-09 16:59:35
2026-08-11 16:57:36,"cmd: SitFlush: Begin","Aurora-1",2026-08-09 16:57:36
2026-08-11 16:55:35,"cmd: SitFlush: Begin","Aurora-1",2026-08-09 16:55:35
2026-08-11 16:53:36,"cmd: SitFlush: Begin","Aurora-1",2026-08-09 16:53:36
2026-08-11 16:51:36,"cmd: SitFlush: Begin","Aurora-1",2026-08-09 16:51:36
2026-08-11 16:49:31,"cmd: SitFlush: Begin","Aurora-1",2026-08-09 16:49:31
2026-08-11 16:47:30,"cmd: SitFlush: Begin","Aurora-1",2026-08-09 16:47:30
2026-08-11 16:45:28,"cmd: SitFlush: Begin","Aurora-1",2026-08-09 16:45:28
2026-08-11 16:43:28,"cmd: SitFlush: Begin","Aurora-1",2026-08-09 16:43:28
2026-08-11 16:41:28,"cmd: SitFlush: Begin","Aurora-1",2026-08-09 16:41:28
2026-08-11 16:39:28,"cmd: SitFlush: Begin","Aurora-1",2026-08-09 16:39:28
2026-08-11 16:37:27,"cmd: SitFlush: Begin","Aurora-1",2026-08-09 16:37:27
2026-08-11 16:35:26,"cmd: SitFlush: Begin","Aurora-1",2026-08-09 16:35:26
2026-08-11 16:33:21,"cmd: SitFlush: Begin","Aurora-1",2026-08-09 16:33:21
2026-08-11 16:31:20,"cmd: SitFlush: Begin","Aurora-1",2026-08-09 16:31:20
2026-08-11 16:29:19,"cmd: SitFlush: Begin","Aurora-1",2026-08-09 16:29:19
2026-08-11 16:27:18,"cmd: SitFlush: Begin","Aurora-1",2026-08-09 16:27:18
2026-08-11 16:25:18,"cmd: SitFlush: Begin","Aurora-1",2026-08-09 16:25:18
2026-08-11 16:23:13,"cmd: SitFlush: Begin","Aurora-1",2026-08-09 16:23:13
2026-08-11 16:21:08,"cmd: SitFlush: Begin","Aurora-1",2026-08-09 16:21:08
2026-08-11 16:19:06,"cmd: SitFlush: Begin","Aurora-1",2026-08-09 16:19:06
2026-08-11 16:16:57,"cmd: SitFlush: Begin","Aurora-1",2026-08-09 16:16:57
2026-08-11 15:29:14,"cmd: SitFlush: Begin","Aurora-1",2026-08-09 15:29:14
2026-08-11 15:27:49,"cmd: SitFlush: Begin","Aurora-1",2026-08-09 15:27:49
2026-08-11 15:26:23,"cmd: SitFlush: Begin","Aurora-1",2026-08-09 15:26:23
2026-08-11 15:24:58,"cmd: SitFlush: Begin","Aurora-1",2026-08-09 15:24:58
2026-08-11 15:23:32,"cmd: SitFlush: Begin","Aurora-1",2026-08-09 15:23:32
2026-08-11 15:15:56,"cmd: SitFlush: Begin","Aurora-1",2026-08-09 15:15:56
2026-08-11 15:14:35,"cmd: SitFlush: Begin","Aurora-1",2026-08-09 15:14:35
2026-08-11 15:13:10,"cmd: SitFlush: Begin","Aurora-1",2026-08-09 15:13:10
2026-08-11 15:11:46,"cmd: SitFlush: Begin","Aurora-1",2026-08-09 15:11:46
2026-08-11 15:09:12,"cmd: SitFlush: Begin","Aurora-1",2026-08-09 15:09:12
2026-08-11 15:07:51,"cmd: SitFlush: Begin","Aurora-1",2026-08-09 15:07:51
2026-08-11 15:06:25,"cmd: SitFlush: Begin","Aurora-1",2026-08-09 15:06:25
2026-08-11 15:04:59,"cmd: SitFlush: Begin","Aurora-1",2026-08-09 15:04:59
2026-08-11 15:03:34,"cmd: SitFlush: Begin","Aurora-1",2026-08-09 15:03:34
2026-08-11 15:02:08,"cmd: SitFlush: Begin","Aurora-1",2026-08-09 15:02:08
2026-08-11 15:00:41,"cmd: SitFlush: Begin","Aurora-1",2026-08-09 15:00:41
2026-08-11 14:59:10,"cmd: SitFlush: Begin","Aurora-1",2026-08-09 14:59:10
2026-08-11 14:57:43,"cmd: SitFlush: Begin","Aurora-1",2026-08-09 14:57:43
2026-08-11 14:57:06,"cmd: SitFlush: Begin","Aurora-1",2026-08-09 14:57:06
2026-08-11 14:55:41,"cmd: SitFlush: Begin","Aurora-1",2026-08-09 14:55:41
2026-08-11 14:54:13,"cmd: SitFlush: Begin","Aurora-1",2026-08-09 14:54:13
2026-08-11 14:52:47,"cmd: SitFlush: Begin","Aurora-1",2026-08-09 14:52:47
2026-08-11 14:51:21,"cmd: SitFlush: Begin","Aurora-1",2026-08-09 14:51:21
2026-08-11 14:49:56,"cmd: SitFlush: Begin","Aurora-1",2026-08-09 14:49:56
2026-08-11 14:43:44,"cmd: SitFlush: Begin","Aurora-1",2026-08-09 14:43:44
2026-08-11 14:42:29,"cmd: SitFlush: Begin","Aurora-1",2026-08-09 14:42:29
2026-08-11 14:41:01,"cmd: SitFlush: Begin","Aurora-1",2026-08-09 14:41:01
2026-08-11 14:39:34,"cmd: SitFlush: Begin","Aurora-1",2026-08-09 14:39:34
2026-08-11 14:38:07,"cmd: SitFlush: Begin","Aurora-1",2026-08-09 14:38:07
2026-08-11 14:36:39,"cmd: SitFlush: Begin","Aurora-1",2026-08-09 14:36:39
2026-08-11 14:35:09,"cmd: SitFlush: Begin","Aurora-1",2026-08-09 14:35:09
2026-08-11 14:33:43,"cmd: SitFlush: Begin","Aurora-1",2026-08-09 14:33:43
2026-08-11 14:32:15,"cmd: SitFlush: Begin","Aurora-1",2026-08-09 14:32:15
2026-08-11 14:30:48,"cmd: SitFlush: Begin","Aurora-1",2026-08-09 14:30:48
2026-08-11 14:29:22,"cmd: SitFlush: Begin","Aurora-1",2026-08-09 14:29:22
2026-08-11 14:27:54,"cmd: SitFlush: Begin","Aurora-1",2026-08-09 14:27:54
2026-08-11 14:26:26,"cmd: SitFlush: Begin","Aurora-1",2026-08-09 14:26:26
2026-08-11 14:24:59,"cmd: SitFlush: Begin","Aurora-1",2026-08-09 14:24:59
2026-08-11 14:19:39,"cmd: SitFlush: Begin","Aurora-1",2026-08-09 14:19:39
2026-08-11 14:13:36,"cmd: SitFlush: Begin","Aurora-1",2026-08-09 14:13:36
2026-08-11 14:09:52,"cmd: SitFlush: Begin","Aurora-1",2026-08-09 14:09:52
2026-08-11 14:06:17,"cmd: SitFlush: Begin","Aurora-1",2026-08-09 14:06:17
2026-08-11 14:02:30,"cmd: SitFlush: Begin","Aurora-1",2026-08-09 14:02:30
2026-08-11 13:59:16,"cmd: SitFlush: Begin","Aurora-1",2026-08-09 13:59:16
2026-08-11 13:39:14,"cmd: SitFlush: Begin","Aurora-1",2026-08-09 13:39:14
2026-08-11 13:38:35,"cmd: SitFlush: Begin","Aurora-1",2026-08-09 13:38:35
2026-08-11 13:37:55,"cmd: SitFlush: Begin","Aurora-1",2026-08-09 13:37:55
2026-08-11 13:37:17,"cmd: SitFlush: Begin","Aurora-1",2026-08-09 13:37:17
2026-08-11 13:36:41,"cmd: SitFlush: Begin","Aurora-1",2026-08-09 13:36:41
2026-08-11 13:36:06,"cmd: SitFlush: Begin","Aurora-1",2026-08-09 13:36:06
2026-08-11 13:35:23,"cmd: SitFlush: Begin","Aurora-1",2026-08-09 13:35:23
2026-08-11 13:34:38,"cmd: SitFlush: Begin","Aurora-1",2026-08-09 13:34:38
2026-08-11 13:33:55,"cmd: SitFlush: Begin","Aurora-1",2026-08-09 13:33:55
2026-08-11 13:33:03,"cmd: SitFlush: Begin","Aurora-1",2026-08-09 13:33:03
2026-08-11 13:32:18,"cmd: SitFlush: Begin","Aurora-1",2026-08-09 13:32:18
2026-08-11 13:31:32,"cmd: SitFlush: Begin","Aurora-1",2026-08-09 13:31:32
2026-08-11 13:30:24,"cmd: SitFlush: Begin","Aurora-1",2026-08-09 13:30:24
2026-08-11 13:30:16,"cmd: SitFlush: Begin","Aurora-1",2026-08-09 13:30:16
2026-08-11 13:28:53,"cmd: SitFlush: Begin","Aurora-1",2026-08-09 13:28:53
2026-08-11 13:28:06,"cmd: SitFlush: Begin","Aurora-1",2026-08-09 13:28:06
2026-08-11 13:19:33,"cmd: SitFlush: Begin","Aurora-1",2026-08-09 13:19:33
2026-08-11 13:18:57,"cmd: SitFlush: Begin","Aurora-1",2026-08-09 13:18:57
2026-08-11 13:18:14,"cmd: SitFlush: Begin","Aurora-1",2026-08-09 13:18:14
2026-08-11 13:17:36,"cmd: SitFlush: Begin","Aurora-1",2026-08-09 13:17:36
2026-08-11 13:16:59,"cmd: SitFlush: Begin","Aurora-1",2026-08-09 13:16:59
2026-08-11 13:16:20,"cmd: SitFlush: Begin","Aurora-1",2026-08-09 13:16:20
2026-08-11 13:15:40,"cmd: SitFlush: Begin","Aurora-1",2026-08-09 13:15:40
2026-08-11 13:14:54,"cmd: SitFlush: Begin","Aurora-1",2026-08-09 13:14:54
2026-08-11 13:14:13,"cmd: SitFlush: Begin","Aurora-1",2026-08-09 13:14:13
2026-08-11 13:12:57,"cmd: SitFlush: Begin","Aurora-1",2026-08-09 13:12:57
2026-08-11 13:12:12,"cmd: SitFlush: Begin","Aurora-1",2026-08-09 13:12:12
2026-08-11 13:11:20,"cmd: SitFlush: Begin","Aurora-1",2026-08-09 13:11:20
2026-08-11 13:10:27,"cmd: SitFlush: Begin","Aurora-1",2026-08-09 13:10:27
2026-08-11 13:09:00,"cmd: SitFlush: Begin","Aurora-1",2026-08-09 13:09:00
2026-08-11 13:08:18,"cmd: SitFlush: Begin","Aurora-1",2026-08-09 13:08:18
2026-08-11 13:07:41,"cmd: SitFlush: Begin","Aurora-1",2026-08-09 13:07:41
2026-08-11 13:04:33,"cmd: SitFlush: Begin","Aurora-1",2026-08-09 13:04:33
2026-08-11 13:00:14,"cmd: SitFlush: Begin","Aurora-1",2026-08-09 13:00:14
2026-08-11 12:58:52,"cmd: SitFlush: Begin","Aurora-1",2026-08-09 12:58:52
2026-08-11 12:40:02,"cmd: SitFlush: Begin","Aurora-1",2026-08-09 12:40:02
2026-08-11 12:37:59,"cmd: SitFlush: Begin","Aurora-1",2026-08-09 12:37:59
2026-08-11 12:35:29,"cmd: SitFlush: Begin","Aurora-1",2026-08-09 12:35:29
2026-08-11 12:33:00,"cmd: SitFlush: Begin","Aurora-1",2026-08-09 12:33:00
2026-08-11 12:31:32,"cmd: SitFlush: Begin","Aurora-1",2026-08-09 12:31:32
2026-08-11 12:30:17,"cmd: SitFlush: Begin","Aurora-1",2026-08-09 12:30:17
2026-08-11 12:24:08,"cmd: SitFlush: Begin","Aurora-1",2026-08-09 12:24:08
2026-08-11 12:22:26,"cmd: SitFlush: Begin","Aurora-1",2026-08-09 12:22:26
2026-08-11 12:20:23,"cmd: SitFlush: Begin","Aurora-1",2026-08-09 12:20:23
2026-08-11 08:36:05,"cmd: SitFlush: Begin","Aurora-1",2026-08-09 08:36:05
2026-08-11 08:29:38,"cmd: SitFlush: Begin","Aurora-1",2026-08-09 08:29:38
2026-08-10 16:43:42,"cmd: SitFlush: Begin","Aurora-1",2026-08-09 16:43:42
2026-08-10 16:42:44,"cmd: SitFlush: Begin","Aurora-1",2026-08-09 16:42:44
2026-08-10 16:41:46,"cmd: SitFlush: Begin","Aurora-1",2026-08-09 16:41:46
2026-08-10 16:40:39,"cmd: SitFlush: Begin","Aurora-1",2026-08-09 16:40:39
2026-08-10 16:39:28,"cmd: SitFlush: Begin","Aurora-1",2026-08-09 16:39:28
2026-08-10 16:38:19,"cmd: SitFlush: Begin","Aurora-1",2026-08-09 16:38:19
2026-08-10 16:37:04,"cmd: SitFlush: Begin","Aurora-1",2026-08-09 16:37:04
2026-08-10 16:35:49,"cmd: SitFlush: Begin","Aurora-1",2026-08-09 16:35:49
2026-08-10 16:29:43,"cmd: SitFlush: Begin","Aurora-1",2026-08-09 16:29:43
2026-08-10 16:29:11,"cmd: SitFlush: Begin","Aurora-1",2026-08-09 16:29:11
2026-08-10 16:28:39,"cmd: SitFlush: Begin","Aurora-1",2026-08-09 16:28:39
2026-08-10 16:28:06,"cmd: SitFlush: Begin","Aurora-1",2026-08-09 16:28:06
2026-08-10 16:27:30,"cmd: SitFlush: Begin","Aurora-1",2026-08-09 16:27:30
2026-08-10 16:26:58,"cmd: SitFlush: Begin","Aurora-1",2026-08-09 16:26:58
2026-08-10 16:26:25,"cmd: SitFlush: Begin","Aurora-1",2026-08-09 16:26:25
2026-08-10 16:18:03,"cmd: SitFlush: Begin","Aurora-1",2026-08-09 16:18:03
2026-08-10 15:46:37,"cmd: SitFlush: Begin","Aurora-1",2026-08-09 15:46:37
2026-08-10 15:30:01,"cmd: SitFlush: Begin","Aurora-1",2026-08-09 15:30:01
2026-08-10 14:52:07,"cmd: SitFlush: Begin","Aurora-1",2026-08-09 14:52:07
2026-08-10 14:51:19,"cmd: SitFlush: Begin","Aurora-1",2026-08-09 14:51:19
2026-08-10 14:50:05,"cmd: SitFlush: Begin","Aurora-1",2026-08-09 14:50:05
2026-08-10 14:30:46,"cmd: SitFlush: Begin","Aurora-1",2026-08-09 14:30:46
2026-08-10 14:14:07,"cmd: SitFlush: Begin","Aurora-1",2026-08-09 14:14:07
2026-08-10 13:57:37,"cmd: SitFlush: Begin","Aurora-1",2026-08-09 13:57:37
2026-08-10 13:56:39,"cmd: SitFlush: Begin","Aurora-1",2026-08-09 13:56:39
2026-08-10 13:44:00,"cmd: SitFlush: Begin","Aurora-1",2026-08-09 13:44:00
2026-08-10 13:32:54,"cmd: SitFlush: Begin","Aurora-1",2026-08-09 13:32:54
2026-08-10 13:21:30,"cmd: SitFlush: Begin","Aurora-1",2026-08-09 13:21:30
2026-08-10 13:18:26,"cmd: SitFlush: Begin","Aurora-1",2026-08-09 13:18:26
2026-08-10 13:14:52,"cmd: SitFlush: Begin","Aurora-1",2026-08-09 13:14:52
2026-08-10 13:10:57,"cmd: SitFlush: Begin","Aurora-1",2026-08-09 13:10:57
2026-08-10 13:07:05,"cmd: SitFlush: Begin","Aurora-1",2026-08-09 13:07:05
2026-08-10 13:06:01,"cmd: SitFlush: Begin","Aurora-1",2026-08-09 13:06:01
2026-08-10 13:04:57,"cmd: SitFlush: Begin","Aurora-1",2026-08-09 13:04:57
2026-08-10 13:04:01,"cmd: SitFlush: Begin","Aurora-1",2026-08-09 13:04:01
2026-08-10 13:03:07,"cmd: SitFlush: Begin","Aurora-1",2026-08-09 13:03:07
2026-08-10 12:10:42,"cmd: SitFlush: Begin","Aurora-1",2026-08-09 12:10:42
2026-08-10 11:38:10,"cmd: SitFlush: Begin","Aurora-1",2026-08-09 11:38:10
2026-08-10 11:35:39,"cmd: SitFlush: Begin","Aurora-1",2026-08-09 11:35:39
2026-08-10 11:33:33,"cmd: SitFlush: Begin","Aurora-1",2026-08-09 11:33:33
2026-08-10 11:31:46,"cmd: SitFlush: Begin","Aurora-1",2026-08-09 11:31:46
2026-08-10 11:18:54,"cmd: SitFlush: Begin","Aurora-1",2026-08-09 11:18:54
2026-08-10 11:18:05,"cmd: SitFlush: Begin","Aurora-1",2026-08-09 11:18:05
2026-08-10 11:17:09,"cmd: SitFlush: Begin","Aurora-1",2026-08-09 11:17:09
2026-08-10 11:16:01,"cmd: SitFlush: Begin","Aurora-1",2026-08-09 11:16:01
2026-08-10 11:14:41,"cmd: SitFlush: Begin","Aurora-1",2026-08-09 11:14:41
2026-08-10 09:35:27,"cmd: SitFlush: Begin","Aurora-1",2026-08-09 09:35:27
2026-08-10 09:29:09,"cmd: SitFlush: Begin","Aurora-1",2026-08-09 09:29:09
2026-08-07 20:28:04,"cmd: SitFlush: Begin","Aurora-1",2026-08-02 20:28:04
2026-08-07 20:23:54,"cmd: SitFlush: Begin","Aurora-1",2026-08-02 20:23:54
2026-08-07 20:19:43,"cmd: SitFlush: Begin","Aurora-1",2026-08-02 20:19:43
2026-08-07 20:15:31,"cmd: SitFlush: Begin","Aurora-1",2026-08-02 20:15:31
2026-08-07 20:11:18,"cmd: SitFlush: Begin","Aurora-1",2026-08-02 20:11:18
2026-08-07 20:07:07,"cmd: SitFlush: Begin","Aurora-1",2026-08-02 20:07:07
2026-08-07 20:02:49,"cmd: SitFlush: Begin","Aurora-1",2026-08-02 20:02:49
2026-08-07 19:58:28,"cmd: SitFlush: Begin","Aurora-1",2026-08-02 19:58:28
2026-08-07 19:54:09,"cmd: SitFlush: Begin","Aurora-1",2026-08-02 19:54:09
2026-08-07 19:49:21,"cmd: SitFlush: Begin","Aurora-1",2026-08-02 19:49:21
2026-08-07 19:45:13,"cmd: SitFlush: Begin","Aurora-1",2026-08-02 19:45:13
2026-08-07 15:17:02,"cmd: SitFlush: Begin","Aurora-1",2026-08-02 15:17:02
2026-08-07 15:15:16,"cmd: SitFlush: Begin","Aurora-1",2026-08-02 15:15:16
2026-08-07 15:13:08,"cmd: SitFlush: Begin","Aurora-1",2026-08-02 15:13:08
2026-08-07 15:11:36,"cmd: SitFlush: Begin","Aurora-1",2026-08-02 15:11:36
2026-08-07 15:08:55,"cmd: SitFlush: Begin","Aurora-1",2026-08-02 15:08:55
2026-08-07 15:06:46,"cmd: SitFlush: Begin","Aurora-1",2026-08-02 15:06:46
2026-08-07 15:04:23,"cmd: SitFlush: Begin","Aurora-1",2026-08-02 15:04:23
2026-08-07 15:02:55,"cmd: SitFlush: Begin","Aurora-1",2026-08-02 15:02:55
2026-08-07 15:00:45,"cmd: SitFlush: Begin","Aurora-1",2026-08-02 15:00:45
2026-08-07 14:58:31,"cmd: SitFlush: Begin","Aurora-1",2026-08-02 14:58:31
2026-08-07 14:56:34,"cmd: SitFlush: Begin","Aurora-1",2026-08-02 14:56:34
2026-08-07 14:54:34,"cmd: SitFlush: Begin","Aurora-1",2026-08-02 14:54:34
2026-08-07 14:51:57,"cmd: SitFlush: Begin","Aurora-1",2026-08-02 14:51:57
2026-08-07 14:48:01,"cmd: SitFlush: Begin","Aurora-1",2026-08-02 14:48:01
2026-08-07 14:45:27,"cmd: SitFlush: Begin","Aurora-1",2026-08-02 14:45:27
2026-08-07 14:42:38,"cmd: SitFlush: Begin","Aurora-1",2026-08-02 14:42:38
2026-08-07 14:39:05,"cmd: SitFlush: Begin","Aurora-1",2026-08-02 14:39:05
2026-08-07 14:36:54,"cmd: SitFlush: Begin","Aurora-1",2026-08-02 14:36:54
2026-08-07 14:27:49,"cmd: SitFlush: Begin","Aurora-1",2026-08-02 14:27:49
2026-08-07 14:25:33,"cmd: SitFlush: Begin","Aurora-1",2026-08-02 14:25:33
2026-08-07 14:20:04,"cmd: SitFlush: Begin","Aurora-1",2026-08-02 14:20:04
2026-08-07 14:17:29,"cmd: SitFlush: Begin","Aurora-1",2026-08-02 14:17:29
2026-08-07 14:15:10,"cmd: SitFlush: Begin","Aurora-1",2026-08-02 14:15:10
2026-08-07 14:12:28,"cmd: SitFlush: Begin","Aurora-1",2026-08-02 14:12:28
2026-08-07 14:10:19,"cmd: SitFlush: Begin","Aurora-1",2026-08-02 14:10:19
2026-08-07 14:05:54,"cmd: SitFlush: Begin","Aurora-1",2026-08-02 14:05:54
2026-08-07 14:03:30,"cmd: SitFlush: Begin","Aurora-1",2026-08-02 14:03:30
2026-08-07 14:00:04,"cmd: SitFlush: Begin","Aurora-1",2026-08-02 14:00:04
2026-08-07 13:55:00,"cmd: SitFlush: Begin","Aurora-1",2026-08-02 13:55:00
2026-08-07 13:52:15,"cmd: SitFlush: Begin","Aurora-1",2026-08-02 13:52:15
2026-08-07 13:49:07,"cmd: SitFlush: Begin","Aurora-1",2026-08-02 13:49:07
2026-08-07 13:45:48,"cmd: SitFlush: Begin","Aurora-1",2026-08-02 13:45:48
2026-08-07 13:42:59,"cmd: SitFlush: Begin","Aurora-1",2026-08-02 13:42:59
2026-08-07 13:39:27,"cmd: SitFlush: Begin","Aurora-1",2026-08-02 13:39:27
2026-08-07 13:36:06,"cmd: SitFlush: Begin","Aurora-1",2026-08-02 13:36:06
2026-08-07 13:31:53,"cmd: SitFlush: Begin","Aurora-1",2026-08-02 13:31:53
2026-08-07 13:22:38,"cmd: SitFlush: Begin","Aurora-1",2026-08-02 13:22:38
2026-08-07 13:21:39,"cmd: SitFlush: Begin","Aurora-1",2026-08-02 13:21:39
2026-08-07 13:19:41,"cmd: SitFlush: Begin","Aurora-1",2026-08-02 13:19:41
2026-08-07 13:18:34,"cmd: SitFlush: Begin","Aurora-1",2026-08-02 13:18:34
2026-08-07 13:17:59,"cmd: SitFlush: Begin","Aurora-1",2026-08-02 13:17:59
2026-08-07 13:17:17,"cmd: SitFlush: Begin","Aurora-1",2026-08-02 13:17:17
2026-08-07 13:16:07,"cmd: SitFlush: Begin","Aurora-1",2026-08-02 13:16:07
2026-08-07 13:15:24,"cmd: SitFlush: Begin","Aurora-1",2026-08-02 13:15:24
2026-08-07 10:35:58,"cmd: SitFlush: Begin","Aurora-1",2026-08-02 10:35:58
2026-08-07 08:18:50,"cmd: SitFlush: Begin","Aurora-1",2026-08-02 08:18:50
2026-08-06 18:19:41,"cmd: SitFlush: Begin","Aurora-1",2026-08-02 18:19:41
2026-08-06 18:18:45,"cmd: SitFlush: Begin","Aurora-1",2026-08-02 18:18:45
2026-08-06 18:17:49,"cmd: SitFlush: Begin","Aurora-1",2026-08-02 18:17:49
2026-08-06 18:13:40,"cmd: SitFlush: Begin","Aurora-1",2026-08-02 18:13:40
2026-08-06 18:11:26,"cmd: SitFlush: Begin","Aurora-1",2026-08-02 18:11:26
2026-08-06 18:09:40,"cmd: SitFlush: Begin","Aurora-1",2026-08-02 18:09:40
2026-08-06 18:06:06,"cmd: SitFlush: Begin","Aurora-1",2026-08-02 18:06:06
2026-08-06 18:02:53,"cmd: SitFlush: Begin","Aurora-1",2026-08-02 18:02:53
2026-08-06 18:00:04,"cmd: SitFlush: Begin","Aurora-1",2026-08-02 18:00:04
2026-08-06 17:57:50,"cmd: SitFlush: Begin","Aurora-1",2026-08-02 17:57:50
2026-08-06 17:50:05,"cmd: SitFlush: Begin","Aurora-1",2026-08-02 17:50:05
2026-08-06 17:25:05,"cmd: SitFlush: Begin","Aurora-1",2026-08-02 17:25:05
2026-08-06 17:23:53,"cmd: SitFlush: Begin","Aurora-1",2026-08-02 17:23:53
2026-08-06 17:21:21,"cmd: SitFlush: Begin","Aurora-1",2026-08-02 17:21:21
2026-08-06 17:19:32,"cmd: SitFlush: Begin","Aurora-1",2026-08-02 17:19:32
2026-08-06 17:18:10,"cmd: SitFlush: Begin","Aurora-1",2026-08-02 17:18:10
2026-08-06 17:17:13,"cmd: SitFlush: Begin","Aurora-1",2026-08-02 17:17:13
2026-08-06 17:11:11,"cmd: SitFlush: Begin","Aurora-1",2026-08-02 17:11:11
2026-08-06 17:07:52,"cmd: SitFlush: Begin","Aurora-1",2026-08-02 17:07:52
2026-08-06 17:06:55,"cmd: SitFlush: Begin","Aurora-1",2026-08-02 17:06:55
2026-08-06 17:05:16,"cmd: SitFlush: Begin","Aurora-1",2026-08-02 17:05:16
2026-08-06 16:59:07,"cmd: SitFlush: Begin","Aurora-1",2026-08-02 16:59:07
2026-08-06 16:56:24,"cmd: SitFlush: Begin","Aurora-1",2026-08-02 16:56:24
2026-08-06 16:50:56,"cmd: SitFlush: Begin","Aurora-1",2026-08-02 16:50:56
2026-08-06 16:48:11,"cmd: SitFlush: Begin","Aurora-1",2026-08-02 16:48:11
2026-08-06 16:04:45,"cmd: SitFlush: Begin","Aurora-1",2026-08-02 16:04:45
2026-08-06 16:03:11,"cmd: SitFlush: Begin","Aurora-1",2026-08-02 16:03:11
2026-08-06 16:01:21,"cmd: SitFlush: Begin","Aurora-1",2026-08-02 16:01:21
2026-08-06 15:58:43,"cmd: SitFlush: Begin","Aurora-1",2026-08-02 15:58:43
2026-08-06 15:55:08,"cmd: SitFlush: Begin","Aurora-1",2026-08-02 15:55:08
2026-08-06 15:51:57,"cmd: SitFlush: Begin","Aurora-1",2026-08-02 15:51:57
2026-08-06 15:48:50,"cmd: SitFlush: Begin","Aurora-1",2026-08-02 15:48:50
2026-08-06 15:41:02,"cmd: SitFlush: Begin","Aurora-1",2026-08-02 15:41:02
2026-08-06 15:38:17,"cmd: SitFlush: Begin","Aurora-1",2026-08-02 15:38:17
2026-08-06 15:35:40,"cmd: SitFlush: Begin","Aurora-1",2026-08-02 15:35:40
2026-08-06 15:33:23,"cmd: SitFlush: Begin","Aurora-1",2026-08-02 15:33:23
2026-08-06 15:29:52,"cmd: SitFlush: Begin","Aurora-1",2026-08-02 15:29:52
2026-08-06 15:25:07,"cmd: SitFlush: Begin","Aurora-1",2026-08-02 15:25:07
2026-08-06 15:20:07,"cmd: SitFlush: Begin","Aurora-1",2026-08-02 15:20:07
2026-08-06 15:13:39,"cmd: SitFlush: Begin","Aurora-1",2026-08-02 15:13:39
2026-08-06 15:09:13,"cmd: SitFlush: Begin","Aurora-1",2026-08-02 15:09:13
2026-08-06 15:05:44,"cmd: SitFlush: Begin","Aurora-1",2026-08-02 15:05:44
2026-08-06 15:02:10,"cmd: SitFlush: Begin","Aurora-1",2026-08-02 15:02:10
2026-08-06 14:47:53,"cmd: SitFlush: Begin","Aurora-1",2026-08-02 14:47:53
2026-08-06 14:44:52,"cmd: SitFlush: Begin","Aurora-1",2026-08-02 14:44:52
2026-08-06 14:41:43,"cmd: SitFlush: Begin","Aurora-1",2026-08-02 14:41:43
2026-08-06 14:37:45,"cmd: SitFlush: Begin","Aurora-1",2026-08-02 14:37:45
2026-08-06 14:34:52,"cmd: SitFlush: Begin","Aurora-1",2026-08-02 14:34:52
2026-08-06 14:30:46,"cmd: SitFlush: Begin","Aurora-1",2026-08-02 14:30:46
2026-08-06 14:28:39,"cmd: SitFlush: Begin","Aurora-1",2026-08-02 14:28:39
2026-08-06 14:22:47,"cmd: SitFlush: Begin","Aurora-1",2026-08-02 14:22:47
2026-08-06 14:19:20,"cmd: SitFlush: Begin","Aurora-1",2026-08-02 14:19:20
2026-08-06 14:16:00,"cmd: SitFlush: Begin","Aurora-1",2026-08-02 14:16:00
2026-08-06 14:11:49,"cmd: SitFlush: Begin","Aurora-1",2026-08-02 14:11:49
2026-08-06 14:08:34,"cmd: SitFlush: Begin","Aurora-1",2026-08-02 14:08:34
2026-08-06 14:05:48,"cmd: SitFlush: Begin","Aurora-1",2026-08-02 14:05:48
2026-08-06 14:00:38,"cmd: SitFlush: Begin","Aurora-1",2026-08-02 14:00:38
2026-08-06 13:56:33,"cmd: SitFlush: Begin","Aurora-1",2026-08-02 13:56:33
2026-08-06 13:50:46,"cmd: SitFlush: Begin","Aurora-1",2026-08-02 13:50:46
2026-08-06 13:47:04,"cmd: SitFlush: Begin","Aurora-1",2026-08-02 13:47:04
2026-08-06 13:41:28,"cmd: SitFlush: Begin","Aurora-1",2026-08-02 13:41:28
2026-08-06 13:33:48,"cmd: SitFlush: Begin","Aurora-1",2026-08-02 13:33:48
2026-08-06 13:32:55,"cmd: SitFlush: Begin","Aurora-1",2026-08-02 13:32:55
2026-08-06 13:32:06,"cmd: SitFlush: Begin","Aurora-1",2026-08-02 13:32:06
2026-08-06 13:31:02,"cmd: SitFlush: Begin","Aurora-1",2026-08-02 13:31:02
2026-08-06 13:30:09,"cmd: SitFlush: Begin","Aurora-1",2026-08-02 13:30:09
2026-08-06 13:29:15,"cmd: SitFlush: Begin","Aurora-1",2026-08-02 13:29:15
2026-08-06 13:27:39,"cmd: SitFlush: Begin","Aurora-1",2026-08-02 13:27:39
2026-08-06 12:16:25,"cmd: SitFlush: Begin","Aurora-1",2026-08-02 12:16:25
2026-08-06 12:14:22,"cmd: SitFlush: Begin","Aurora-1",2026-08-02 12:14:22
2026-08-06 12:12:23,"cmd: SitFlush: Begin","Aurora-1",2026-08-02 12:12:23
2026-08-06 12:10:24,"cmd: SitFlush: Begin","Aurora-1",2026-08-02 12:10:24
2026-08-06 12:08:26,"cmd: SitFlush: Begin","Aurora-1",2026-08-02 12:08:26
2026-08-06 12:06:27,"cmd: SitFlush: Begin","Aurora-1",2026-08-02 12:06:27
2026-08-06 12:04:28,"cmd: SitFlush: Begin","Aurora-1",2026-08-02 12:04:28
2026-08-06 12:02:29,"cmd: SitFlush: Begin","Aurora-1",2026-08-02 12:02:29
2026-08-06 12:00:28,"cmd: SitFlush: Begin","Aurora-1",2026-08-02 12:00:28
2026-08-06 11:58:25,"cmd: SitFlush: Begin","Aurora-1",2026-08-02 11:58:25
2026-08-06 11:56:25,"cmd: SitFlush: Begin","Aurora-1",2026-08-02 11:56:25
2026-08-06 11:54:26,"cmd: SitFlush: Begin","Aurora-1",2026-08-02 11:54:26
2026-08-06 11:52:28,"cmd: SitFlush: Begin","Aurora-1",2026-08-02 11:52:28
2026-08-06 11:50:28,"cmd: SitFlush: Begin","Aurora-1",2026-08-02 11:50:28
2026-08-06 11:48:30,"cmd: SitFlush: Begin","Aurora-1",2026-08-02 11:48:30
2026-08-06 11:46:30,"cmd: SitFlush: Begin","Aurora-1",2026-08-02 11:46:30
2026-08-06 11:44:31,"cmd: SitFlush: Begin","Aurora-1",2026-08-02 11:44:31
2026-08-06 11:42:28,"cmd: SitFlush: Begin","Aurora-1",2026-08-02 11:42:28
2026-08-06 11:40:30,"cmd: SitFlush: Begin","Aurora-1",2026-08-02 11:40:30
2026-08-06 11:38:31,"cmd: SitFlush: Begin","Aurora-1",2026-08-02 11:38:31
2026-08-06 11:36:32,"cmd: SitFlush: Begin","Aurora-1",2026-08-02 11:36:32
2026-08-06 11:34:33,"cmd: SitFlush: Begin","Aurora-1",2026-08-02 11:34:33
2026-08-06 11:32:34,"cmd: SitFlush: Begin","Aurora-1",2026-08-02 11:32:34
2026-08-06 11:30:33,"cmd: SitFlush: Begin","Aurora-1",2026-08-02 11:30:33
2026-08-06 11:28:33,"cmd: SitFlush: Begin","Aurora-1",2026-08-02 11:28:33
2026-08-06 11:26:29,"cmd: SitFlush: Begin","Aurora-1",2026-08-02 11:26:29
2026-08-06 11:24:29,"cmd: SitFlush: Begin","Aurora-1",2026-08-02 11:24:29
2026-08-06 11:22:29,"cmd: SitFlush: Begin","Aurora-1",2026-08-02 11:22:29
2026-08-06 11:20:29,"cmd: SitFlush: Begin","Aurora-1",2026-08-02 11:20:29
2026-08-06 11:18:30,"cmd: SitFlush: Begin","Aurora-1",2026-08-02 11:18:30
2026-08-06 11:16:30,"cmd: SitFlush: Begin","Aurora-1",2026-08-02 11:16:30
2026-08-06 11:14:31,"cmd: SitFlush: Begin","Aurora-1",2026-08-02 11:14:31
2026-08-06 11:12:31,"cmd: SitFlush: Begin","Aurora-1",2026-08-02 11:12:31
2026-08-06 11:10:26,"cmd: SitFlush: Begin","Aurora-1",2026-08-02 11:10:26
2026-08-06 11:08:27,"cmd: SitFlush: Begin","Aurora-1",2026-08-02 11:08:27
2026-08-06 11:06:28,"cmd: SitFlush: Begin","Aurora-1",2026-08-02 11:06:28
2026-08-06 11:04:28,"cmd: SitFlush: Begin","Aurora-1",2026-08-02 11:04:28
2026-08-06 11:02:28,"cmd: SitFlush: Begin","Aurora-1",2026-08-02 11:02:28
2026-08-06 11:00:29,"cmd: SitFlush: Begin","Aurora-1",2026-08-02 11:00:29
2026-08-06 10:58:29,"cmd: SitFlush: Begin","Aurora-1",2026-08-02 10:58:29
2026-08-06 10:56:28,"cmd: SitFlush: Begin","Aurora-1",2026-08-02 10:56:28
2026-08-06 10:54:22,"cmd: SitFlush: Begin","Aurora-1",2026-08-02 10:54:22
2026-08-06 10:52:22,"cmd: SitFlush: Begin","Aurora-1",2026-08-02 10:52:22
2026-08-06 10:50:22,"cmd: SitFlush: Begin","Aurora-1",2026-08-02 10:50:22
2026-08-06 10:48:21,"cmd: SitFlush: Begin","Aurora-1",2026-08-02 10:48:21
2026-08-06 10:46:21,"cmd: SitFlush: Begin","Aurora-1",2026-08-02 10:46:21
2026-08-06 10:44:21,"cmd: SitFlush: Begin","Aurora-1",2026-08-02 10:44:21
2026-08-06 10:42:21,"cmd: SitFlush: Begin","Aurora-1",2026-08-02 10:42:21
2026-08-06 10:40:21,"cmd: SitFlush: Begin","Aurora-1",2026-08-02 10:40:21
2026-08-06 10:30:46,"cmd: SitFlush: Begin","Aurora-1",2026-08-02 10:30:46
2026-08-06 10:29:22,"cmd: SitFlush: Begin","Aurora-1",2026-08-02 10:29:22
2026-08-06 10:28:04,"cmd: SitFlush: Begin","Aurora-1",2026-08-02 10:28:04
2026-08-06 10:26:50,"cmd: SitFlush: Begin","Aurora-1",2026-08-02 10:26:50
2026-08-06 10:25:37,"cmd: SitFlush: Begin","Aurora-1",2026-08-02 10:25:37
2026-08-06 10:24:21,"cmd: SitFlush: Begin","Aurora-1",2026-08-02 10:24:21
2026-08-06 10:23:09,"cmd: SitFlush: Begin","Aurora-1",2026-08-02 10:23:09
2026-08-06 10:21:56,"cmd: SitFlush: Begin","Aurora-1",2026-08-02 10:21:56
2026-08-06 10:20:41,"cmd: SitFlush: Begin","Aurora-1",2026-08-02 10:20:41
2026-08-06 10:19:18,"cmd: SitFlush: Begin","Aurora-1",2026-08-02 10:19:18
2026-08-06 10:17:55,"cmd: SitFlush: Begin","Aurora-1",2026-08-02 10:17:55
2026-08-06 10:16:50,"cmd: SitFlush: Begin","Aurora-1",2026-08-02 10:16:50
2026-08-06 10:15:37,"cmd: SitFlush: Begin","Aurora-1",2026-08-02 10:15:37
2026-08-06 10:14:26,"cmd: SitFlush: Begin","Aurora-1",2026-08-02 10:14:26
2026-08-06 10:13:06,"cmd: SitFlush: Begin","Aurora-1",2026-08-02 10:13:06
2026-08-06 10:11:56,"cmd: SitFlush: Begin","Aurora-1",2026-08-02 10:11:56
2026-08-06 10:10:38,"cmd: SitFlush: Begin","Aurora-1",2026-08-02 10:10:38
2026-08-06 10:09:19,"cmd: SitFlush: Begin","Aurora-1",2026-08-02 10:09:19
2026-08-06 10:08:05,"cmd: SitFlush: Begin","Aurora-1",2026-08-02 10:08:05
2026-08-06 10:06:46,"cmd: SitFlush: Begin","Aurora-1",2026-08-02 10:06:46
2026-08-06 10:05:29,"cmd: SitFlush: Begin","Aurora-1",2026-08-02 10:05:29
2026-08-06 10:04:05,"cmd: SitFlush: Begin","Aurora-1",2026-08-02 10:04:05
2026-08-06 10:02:50,"cmd: SitFlush: Begin","Aurora-1",2026-08-02 10:02:50
2026-08-06 10:01:40,"cmd: SitFlush: Begin","Aurora-1",2026-08-02 10:01:40
2026-08-06 10:00:23,"cmd: SitFlush: Begin","Aurora-1",2026-08-02 10:00:23
2026-08-06 09:58:58,"cmd: SitFlush: Begin","Aurora-1",2026-08-02 09:58:58
2026-08-06 09:57:43,"cmd: SitFlush: Begin","Aurora-1",2026-08-02 09:57:43
2026-08-06 09:56:26,"cmd: SitFlush: Begin","Aurora-1",2026-08-02 09:56:26
2026-08-06 09:55:07,"cmd: SitFlush: Begin","Aurora-1",2026-08-02 09:55:07
2026-08-06 09:53:28,"cmd: SitFlush: Begin","Aurora-1",2026-08-02 09:53:28
2026-08-06 09:52:06,"cmd: SitFlush: Begin","Aurora-1",2026-08-02 09:52:06
2026-08-06 09:50:49,"cmd: SitFlush: Begin","Aurora-1",2026-08-02 09:50:49
2026-08-06 09:49:18,"cmd: SitFlush: Begin","Aurora-1",2026-08-02 09:49:18
2026-08-06 09:47:53,"cmd: SitFlush: Begin","Aurora-1",2026-08-02 09:47:53
2026-08-06 09:46:33,"cmd: SitFlush: Begin","Aurora-1",2026-08-02 09:46:33
2026-08-06 09:45:17,"cmd: SitFlush: Begin","Aurora-1",2026-08-02 09:45:17
2026-08-06 09:44:02,"cmd: SitFlush: Begin","Aurora-1",2026-08-02 09:44:02
2026-08-06 09:42:53,"cmd: SitFlush: Begin","Aurora-1",2026-08-02 09:42:53
2026-08-06 09:41:23,"cmd: SitFlush: Begin","Aurora-1",2026-08-02 09:41:23
2026-08-06 09:39:58,"cmd: SitFlush: Begin","Aurora-1",2026-08-02 09:39:58
2026-08-06 09:38:48,"cmd: SitFlush: Begin","Aurora-1",2026-08-02 09:38:48
2026-08-06 09:37:26,"cmd: SitFlush: Begin","Aurora-1",2026-08-02 09:37:26
2026-08-06 09:36:02,"cmd: SitFlush: Begin","Aurora-1",2026-08-02 09:36:02
2026-08-06 09:34:49,"cmd: SitFlush: Begin","Aurora-1",2026-08-02 09:34:49
2026-08-06 09:33:29,"cmd: SitFlush: Begin","Aurora-1",2026-08-02 09:33:29
2026-08-06 09:31:57,"cmd: SitFlush: Begin","Aurora-1",2026-08-02 09:31:57
2026-08-06 09:30:31,"cmd: SitFlush: Begin","Aurora-1",2026-08-02 09:30:31
2026-08-06 09:28:50,"cmd: SitFlush: Begin","Aurora-1",2026-08-02 09:28:50
2026-08-06 09:27:26,"cmd: SitFlush: Begin","Aurora-1",2026-08-02 09:27:26
2026-08-06 09:25:56,"cmd: SitFlush: Begin","Aurora-1",2026-08-02 09:25:56
2026-08-06 08:57:58,"cmd: SitFlush: Begin","Aurora-1",2026-08-02 08:57:58
2026-08-06 08:40:06,"cmd: SitFlush: Begin","Aurora-1",2026-08-02 08:40:06
2026-08-05 16:02:49,"cmd: SitFlush: Begin","Aurora-1",2026-08-02 16:02:49
2026-08-05 15:56:53,"cmd: SitFlush: Begin","Aurora-1",2026-08-02 15:56:53
2026-08-05 15:51:42,"cmd: SitFlush: Begin","Aurora-1",2026-08-02 15:51:42
2026-08-05 15:44:18,"cmd: SitFlush: Begin","Aurora-1",2026-08-02 15:44:18
2026-08-05 15:43:29,"cmd: SitFlush: Begin","Aurora-1",2026-08-02 15:43:29
2026-08-05 15:42:36,"cmd: SitFlush: Begin","Aurora-1",2026-08-02 15:42:36
2026-08-05 15:41:44,"cmd: SitFlush: Begin","Aurora-1",2026-08-02 15:41:44
2026-08-05 15:40:48,"cmd: SitFlush: Begin","Aurora-1",2026-08-02 15:40:48
2026-08-05 15:34:59,"cmd: SitFlush: Begin","Aurora-1",2026-08-02 15:34:59
2026-08-05 15:33:03,"cmd: SitFlush: Begin","Aurora-1",2026-08-02 15:33:03
2026-08-05 15:27:39,"cmd: SitFlush: Begin","Aurora-1",2026-08-02 15:27:39
2026-08-05 15:26:06,"cmd: SitFlush: Begin","Aurora-1",2026-08-02 15:26:06
2026-08-05 15:24:44,"cmd: SitFlush: Begin","Aurora-1",2026-08-02 15:24:44
2026-08-05 14:29:13,"cmd: SitFlush: Begin","Aurora-1",2026-08-02 14:29:13
2026-08-05 14:27:53,"cmd: SitFlush: Begin","Aurora-1",2026-08-02 14:27:53
2026-08-05 14:26:24,"cmd: SitFlush: Begin","Aurora-1",2026-08-02 14:26:24
2026-08-05 14:25:00,"cmd: SitFlush: Begin","Aurora-1",2026-08-02 14:25:00
2026-08-05 14:23:34,"cmd: SitFlush: Begin","Aurora-1",2026-08-02 14:23:34
2026-08-05 14:22:22,"cmd: SitFlush: Begin","Aurora-1",2026-08-02 14:22:22
2026-08-05 14:05:24,"cmd: SitFlush: Begin","Aurora-1",2026-08-02 14:05:24
2026-08-05 14:04:11,"cmd: SitFlush: Begin","Aurora-1",2026-08-02 14:04:11
2026-08-05 14:02:45,"cmd: SitFlush: Begin","Aurora-1",2026-08-02 14:02:45
2026-08-05 14:01:37,"cmd: SitFlush: Begin","Aurora-1",2026-08-02 14:01:37
2026-08-05 14:00:22,"cmd: SitFlush: Begin","Aurora-1",2026-08-02 14:00:22
2026-08-05 13:59:08,"cmd: SitFlush: Begin","Aurora-1",2026-08-02 13:59:08
2026-08-05 13:56:24,"cmd: SitFlush: Begin","Aurora-1",2026-08-02 13:56:24
2026-08-05 13:55:48,"cmd: SitFlush: Begin","Aurora-1",2026-08-02 13:55:48
2026-08-05 13:54:51,"cmd: SitFlush: Begin","Aurora-1",2026-08-02 13:54:51
2026-08-05 13:54:11,"cmd: SitFlush: Begin","Aurora-1",2026-08-02 13:54:11
2026-08-05 13:52:33,"cmd: SitFlush: Begin","Aurora-1",2026-08-02 13:52:33
2026-08-05 13:51:45,"cmd: SitFlush: Begin","Aurora-1",2026-08-02 13:51:45
2026-08-05 09:57:10,"cmd: SitFlush: Begin","Aurora-1",2026-08-02 09:57:10
2026-08-05 09:54:48,"cmd: SitFlush: Begin","Aurora-1",2026-08-02 09:54:48
2026-08-05 08:38:34,"cmd: SitFlush: Begin","Aurora-1",2026-08-02 08:38:34
2026-08-04 16:03:10,"cmd: SitFlush: Begin","Aurora-1",2026-08-02 16:03:10
2026-08-04 16:02:32,"cmd: SitFlush: Begin","Aurora-1",2026-08-02 16:02:32
2026-08-04 16:01:54,"cmd: SitFlush: Begin","Aurora-1",2026-08-02 16:01:54
2026-08-04 16:01:16,"cmd: SitFlush: Begin","Aurora-1",2026-08-02 16:01:16
2026-08-04 15:58:06,"cmd: SitFlush: Begin","Aurora-1",2026-08-02 15:58:06
2026-08-04 15:57:27,"cmd: SitFlush: Begin","Aurora-1",2026-08-02 15:57:27
2026-08-04 15:56:49,"cmd: SitFlush: Begin","Aurora-1",2026-08-02 15:56:49
2026-08-04 15:56:10,"cmd: SitFlush: Begin","Aurora-1",2026-08-02 15:56:10
2026-08-04 15:52:59,"cmd: SitFlush: Begin","Aurora-1",2026-08-02 15:52:59
2026-08-04 15:52:20,"cmd: SitFlush: Begin","Aurora-1",2026-08-02 15:52:20
2026-08-04 15:51:41,"cmd: SitFlush: Begin","Aurora-1",2026-08-02 15:51:41
2026-08-04 15:51:02,"cmd: SitFlush: Begin","Aurora-1",2026-08-02 15:51:02
2026-08-04 15:48:14,"cmd: SitFlush: Begin","Aurora-1",2026-08-02 15:48:14
2026-08-04 15:47:36,"cmd: SitFlush: Begin","Aurora-1",2026-08-02 15:47:36
2026-08-04 15:46:59,"cmd: SitFlush: Begin","Aurora-1",2026-08-02 15:46:59
2026-08-04 15:46:20,"cmd: SitFlush: Begin","Aurora-1",2026-08-02 15:46:20
2026-08-04 15:45:37,"cmd: SitFlush: Begin","Aurora-1",2026-08-02 15:45:37
2026-08-04 15:44:59,"cmd: SitFlush: Begin","Aurora-1",2026-08-02 15:44:59
2026-08-04 15:44:22,"cmd: SitFlush: Begin","Aurora-1",2026-08-02 15:44:22
2026-08-04 15:43:44,"cmd: SitFlush: Begin","Aurora-1",2026-08-02 15:43:44
2026-08-04 15:43:05,"cmd: SitFlush: Begin","Aurora-1",2026-08-02 15:43:05
2026-08-04 15:42:27,"cmd: SitFlush: Begin","Aurora-1",2026-08-02 15:42:27
2026-08-04 15:41:45,"cmd: SitFlush: Begin","Aurora-1",2026-08-02 15:41:45
2026-08-04 15:41:05,"cmd: SitFlush: Begin","Aurora-1",2026-08-02 15:41:05
2026-08-04 15:40:27,"cmd: SitFlush: Begin","Aurora-1",2026-08-02 15:40:27
2026-08-04 15:39:50,"cmd: SitFlush: Begin","Aurora-1",2026-08-02 15:39:50
2026-08-04 15:39:12,"cmd: SitFlush: Begin","Aurora-1",2026-08-02 15:39:12
2026-08-04 15:38:34,"cmd: SitFlush: Begin","Aurora-1",2026-08-02 15:38:34
2026-08-04 15:37:51,"cmd: SitFlush: Begin","Aurora-1",2026-08-02 15:37:51
2026-08-04 15:37:13,"cmd: SitFlush: Begin","Aurora-1",2026-08-02 15:37:13
2026-08-04 15:36:34,"cmd: SitFlush: Begin","Aurora-1",2026-08-02 15:36:34
2026-08-04 15:35:56,"cmd: SitFlush: Begin","Aurora-1",2026-08-02 15:35:56
2026-08-04 15:35:18,"cmd: SitFlush: Begin","Aurora-1",2026-08-02 15:35:18
2026-08-04 15:34:40,"cmd: SitFlush: Begin","Aurora-1",2026-08-02 15:34:40
2026-08-04 15:33:56,"cmd: SitFlush: Begin","Aurora-1",2026-08-02 15:33:56
2026-08-04 15:33:18,"cmd: SitFlush: Begin","Aurora-1",2026-08-02 15:33:18
2026-08-04 15:32:40,"cmd: SitFlush: Begin","Aurora-1",2026-08-02 15:32:40
2026-08-04 15:32:01,"cmd: SitFlush: Begin","Aurora-1",2026-08-02 15:32:01
2026-08-04 15:31:23,"cmd: SitFlush: Begin","Aurora-1",2026-08-02 15:31:23
2026-08-04 15:30:44,"cmd: SitFlush: Begin","Aurora-1",2026-08-02 15:30:44
2026-08-04 15:29:10,"cmd: SitFlush: Begin","Aurora-1",2026-08-02 15:29:10
2026-08-04 15:28:29,"cmd: SitFlush: Begin","Aurora-1",2026-08-02 15:28:29
2026-08-04 15:27:46,"cmd: SitFlush: Begin","Aurora-1",2026-08-02 15:27:46
2026-08-04 15:27:05,"cmd: SitFlush: Begin","Aurora-1",2026-08-02 15:27:05
2026-08-04 15:26:19,"cmd: SitFlush: Begin","Aurora-1",2026-08-02 15:26:19
2026-08-04 15:25:36,"cmd: SitFlush: Begin","Aurora-1",2026-08-02 15:25:36
2026-08-04 15:24:54,"cmd: SitFlush: Begin","Aurora-1",2026-08-02 15:24:54
2026-08-04 15:24:13,"cmd: SitFlush: Begin","Aurora-1",2026-08-02 15:24:13
2026-08-04 15:23:32,"cmd: SitFlush: Begin","Aurora-1",2026-08-02 15:23:32
2026-08-04 15:22:50,"cmd: SitFlush: Begin","Aurora-1",2026-08-02 15:22:50
2026-08-04 15:20:31,"cmd: SitFlush: Begin","Aurora-1",2026-08-02 15:20:31
2026-08-04 15:19:42,"cmd: SitFlush: Begin","Aurora-1",2026-08-02 15:19:42
2026-08-04 15:18:53,"cmd: SitFlush: Begin","Aurora-1",2026-08-02 15:18:53
2026-08-04 15:17:08,"cmd: SitFlush: Begin","Aurora-1",2026-08-02 15:17:08
2026-08-04 15:16:12,"cmd: SitFlush: Begin","Aurora-1",2026-08-02 15:16:12
2026-08-04 15:13:27,"cmd: SitFlush: Begin","Aurora-1",2026-08-02 15:13:27
2026-08-04 15:08:55,"cmd: SitFlush: Begin","Aurora-1",2026-08-02 15:08:55
2026-08-04 15:08:24,"cmd: SitFlush: Begin","Aurora-1",2026-08-02 15:08:24
2026-08-04 15:07:30,"cmd: SitFlush: Begin","Aurora-1",2026-08-02 15:07:30
2026-08-04 15:05:35,"cmd: SitFlush: Begin","Aurora-1",2026-08-02 15:05:35
2026-08-04 15:04:34,"cmd: SitFlush: Begin","Aurora-1",2026-08-02 15:04:34
2026-08-04 15:03:33,"cmd: SitFlush: Begin","Aurora-1",2026-08-02 15:03:33
2026-08-04 15:02:32,"cmd: SitFlush: Begin","Aurora-1",2026-08-02 15:02:32
2026-08-04 15:01:32,"cmd: SitFlush: Begin","Aurora-1",2026-08-02 15:01:32
2026-08-04 15:00:29,"cmd: SitFlush: Begin","Aurora-1",2026-08-02 15:00:29
2026-08-04 14:59:29,"cmd: SitFlush: Begin","Aurora-1",2026-08-02 14:59:29
2026-08-04 14:58:28,"cmd: SitFlush: Begin","Aurora-1",2026-08-02 14:58:28
2026-08-04 14:56:27,"cmd: SitFlush: Begin","Aurora-1",2026-08-02 14:56:27
2026-08-04 14:55:19,"cmd: SitFlush: Begin","Aurora-1",2026-08-02 14:55:19
2026-08-04 14:49:19,"cmd: SitFlush: Begin","Aurora-1",2026-08-02 14:49:19
2026-08-04 14:48:07,"cmd: SitFlush: Begin","Aurora-1",2026-08-02 14:48:07
2026-08-04 14:46:53,"cmd: SitFlush: Begin","Aurora-1",2026-08-02 14:46:53
2026-08-04 14:45:40,"cmd: SitFlush: Begin","Aurora-1",2026-08-02 14:45:40
2026-08-04 14:43:25,"cmd: SitFlush: Begin","Aurora-1",2026-08-02 14:43:25
2026-08-04 14:42:05,"cmd: SitFlush: Begin","Aurora-1",2026-08-02 14:42:05
2026-08-04 14:40:43,"cmd: SitFlush: Begin","Aurora-1",2026-08-02 14:40:43
2026-08-04 14:39:24,"cmd: SitFlush: Begin","Aurora-1",2026-08-02 14:39:24
2026-08-04 14:38:03,"cmd: SitFlush: Begin","Aurora-1",2026-08-02 14:38:03
2026-08-04 14:36:43,"cmd: SitFlush: Begin","Aurora-1",2026-08-02 14:36:43
2026-08-04 14:35:24,"cmd: SitFlush: Begin","Aurora-1",2026-08-02 14:35:24
2026-08-04 14:34:05,"cmd: SitFlush: Begin","Aurora-1",2026-08-02 14:34:05
2026-08-04 14:31:49,"cmd: SitFlush: Begin","Aurora-1",2026-08-02 14:31:49
2026-08-04 14:30:23,"cmd: SitFlush: Begin","Aurora-1",2026-08-02 14:30:23
2026-08-04 14:28:57,"cmd: SitFlush: Begin","Aurora-1",2026-08-02 14:28:57
2026-08-04 14:27:31,"cmd: SitFlush: Begin","Aurora-1",2026-08-02 14:27:31
2026-08-04 14:26:05,"cmd: SitFlush: Begin","Aurora-1",2026-08-02 14:26:05
2026-08-04 14:24:32,"cmd: SitFlush: Begin","Aurora-1",2026-08-02 14:24:32
2026-08-04 14:23:06,"cmd: SitFlush: Begin","Aurora-1",2026-08-02 14:23:06
2026-08-04 14:21:40,"cmd: SitFlush: Begin","Aurora-1",2026-08-02 14:21:40
2026-08-04 14:20:14,"cmd: SitFlush: Begin","Aurora-1",2026-08-02 14:20:14
2026-08-04 14:18:48,"cmd: SitFlush: Begin","Aurora-1",2026-08-02 14:18:48
2026-08-04 14:17:22,"cmd: SitFlush: Begin","Aurora-1",2026-08-02 14:17:22
2026-08-04 14:15:56,"cmd: SitFlush: Begin","Aurora-1",2026-08-02 14:15:56
2026-08-04 14:14:29,"cmd: SitFlush: Begin","Aurora-1",2026-08-02 14:14:29
2026-08-04 14:12:59,"cmd: SitFlush: Begin","Aurora-1",2026-08-02 14:12:59
2026-08-04 14:11:33,"cmd: SitFlush: Begin","Aurora-1",2026-08-02 14:11:33
2026-08-04 14:10:05,"cmd: SitFlush: Begin","Aurora-1",2026-08-02 14:10:05
2026-08-04 14:08:39,"cmd: SitFlush: Begin","Aurora-1",2026-08-02 14:08:39
2026-08-04 14:07:12,"cmd: SitFlush: Begin","Aurora-1",2026-08-02 14:07:12
2026-08-04 14:05:47,"cmd: SitFlush: Begin","Aurora-1",2026-08-02 14:05:47
2026-08-04 14:04:21,"cmd: SitFlush: Begin","Aurora-1",2026-08-02 14:04:21
2026-08-04 14:02:55,"cmd: SitFlush: Begin","Aurora-1",2026-08-02 14:02:55
2026-08-04 14:00:21,"cmd: SitFlush: Begin","Aurora-1",2026-08-02 14:00:21
2026-08-04 13:57:28,"cmd: SitFlush: Begin","Aurora-1",2026-08-02 13:57:28
2026-08-04 13:55:48,"cmd: SitFlush: Begin","Aurora-1",2026-08-02 13:55:48
2026-08-04 13:27:21,"cmd: SitFlush: Begin","Aurora-1",2026-08-02 13:27:21
2026-08-04 13:16:45,"cmd: SitFlush: Begin","Aurora-1",2026-08-02 13:16:45
2026-08-04 12:42:19,"cmd: SitFlush: Begin","Aurora-1",2026-08-02 12:42:19
2026-08-04 12:40:23,"cmd: SitFlush: Begin","Aurora-1",2026-08-02 12:40:23
2026-08-04 12:38:26,"cmd: SitFlush: Begin","Aurora-1",2026-08-02 12:38:26
2026-08-04 12:36:31,"cmd: SitFlush: Begin","Aurora-1",2026-08-02 12:36:31
2026-08-04 12:34:33,"cmd: SitFlush: Begin","Aurora-1",2026-08-02 12:34:33
2026-08-04 12:32:36,"cmd: SitFlush: Begin","Aurora-1",2026-08-02 12:32:36
2026-08-04 12:30:40,"cmd: SitFlush: Begin","Aurora-1",2026-08-02 12:30:40
2026-08-04 12:28:38,"cmd: SitFlush: Begin","Aurora-1",2026-08-02 12:28:38
2026-08-04 12:26:42,"cmd: SitFlush: Begin","Aurora-1",2026-08-02 12:26:42
2026-08-04 12:24:44,"cmd: SitFlush: Begin","Aurora-1",2026-08-02 12:24:44
2026-08-04 12:22:47,"cmd: SitFlush: Begin","Aurora-1",2026-08-02 12:22:47
2026-08-04 12:20:50,"cmd: SitFlush: Begin","Aurora-1",2026-08-02 12:20:50
2026-08-04 12:18:54,"cmd: SitFlush: Begin","Aurora-1",2026-08-02 12:18:54
2026-08-04 12:16:58,"cmd: SitFlush: Begin","Aurora-1",2026-08-02 12:16:58
2026-08-04 12:15:02,"cmd: SitFlush: Begin","Aurora-1",2026-08-02 12:15:02
2026-08-04 12:13:01,"cmd: SitFlush: Begin","Aurora-1",2026-08-02 12:13:01
2026-08-04 12:11:02,"cmd: SitFlush: Begin","Aurora-1",2026-08-02 12:11:02
2026-08-04 12:09:06,"cmd: SitFlush: Begin","Aurora-1",2026-08-02 12:09:06
2026-08-04 12:07:09,"cmd: SitFlush: Begin","Aurora-1",2026-08-02 12:07:09
2026-08-04 12:05:12,"cmd: SitFlush: Begin","Aurora-1",2026-08-02 12:05:12
2026-08-04 12:03:15,"cmd: SitFlush: Begin","Aurora-1",2026-08-02 12:03:15
2026-08-04 12:01:18,"cmd: SitFlush: Begin","Aurora-1",2026-08-02 12:01:18
2026-08-04 11:59:21,"cmd: SitFlush: Begin","Aurora-1",2026-08-02 11:59:21
2026-08-04 11:57:21,"cmd: SitFlush: Begin","Aurora-1",2026-08-02 11:57:21
2026-08-04 11:55:23,"cmd: SitFlush: Begin","Aurora-1",2026-08-02 11:55:23
2026-08-04 11:53:26,"cmd: SitFlush: Begin","Aurora-1",2026-08-02 11:53:26
2026-08-04 11:51:30,"cmd: SitFlush: Begin","Aurora-1",2026-08-02 11:51:30
2026-08-04 11:51:05,"cmd: SitFlush: Begin","Aurora-1",2026-08-02 11:51:05
2026-08-04 11:49:08,"cmd: SitFlush: Begin","Aurora-1",2026-08-02 11:49:08
2026-08-04 11:47:11,"cmd: SitFlush: Begin","Aurora-1",2026-08-02 11:47:11
2026-08-04 11:45:15,"cmd: SitFlush: Begin","Aurora-1",2026-08-02 11:45:15
2026-08-04 11:43:13,"cmd: SitFlush: Begin","Aurora-1",2026-08-02 11:43:13
2026-08-04 11:41:16,"cmd: SitFlush: Begin","Aurora-1",2026-08-02 11:41:16
2026-08-04 11:39:18,"cmd: SitFlush: Begin","Aurora-1",2026-08-02 11:39:18
2026-08-04 11:37:20,"cmd: SitFlush: Begin","Aurora-1",2026-08-02 11:37:20
2026-08-04 11:35:22,"cmd: SitFlush: Begin","Aurora-1",2026-08-02 11:35:22
2026-08-04 11:33:23,"cmd: SitFlush: Begin","Aurora-1",2026-08-02 11:33:23
2026-08-04 11:31:25,"cmd: SitFlush: Begin","Aurora-1",2026-08-02 11:31:25
2026-08-04 11:29:27,"cmd: SitFlush: Begin","Aurora-1",2026-08-02 11:29:27
2026-08-04 11:27:26,"cmd: SitFlush: Begin","Aurora-1",2026-08-02 11:27:26
2026-08-04 11:25:28,"cmd: SitFlush: Begin","Aurora-1",2026-08-02 11:25:28
2026-08-04 11:23:31,"cmd: SitFlush: Begin","Aurora-1",2026-08-02 11:23:31
2026-08-04 11:21:34,"cmd: SitFlush: Begin","Aurora-1",2026-08-02 11:21:34
2026-08-04 11:19:37,"cmd: SitFlush: Begin","Aurora-1",2026-08-02 11:19:37
2026-08-04 11:17:38,"cmd: SitFlush: Begin","Aurora-1",2026-08-02 11:17:38
2026-08-04 11:15:40,"cmd: SitFlush: Begin","Aurora-1",2026-08-02 11:15:40
2026-08-04 11:13:43,"cmd: SitFlush: Begin","Aurora-1",2026-08-02 11:13:43
2026-08-04 11:11:40,"cmd: SitFlush: Begin","Aurora-1",2026-08-02 11:11:40
2026-08-04 11:09:42,"cmd: SitFlush: Begin","Aurora-1",2026-08-02 11:09:42
2026-08-04 11:07:44,"cmd: SitFlush: Begin","Aurora-1",2026-08-02 11:07:44
2026-08-04 11:05:44,"cmd: SitFlush: Begin","Aurora-1",2026-08-02 11:05:44
2026-08-04 11:03:46,"cmd: SitFlush: Begin","Aurora-1",2026-08-02 11:03:46
2026-08-04 11:01:46,"cmd: SitFlush: Begin","Aurora-1",2026-08-02 11:01:46
2026-08-04 10:59:47,"cmd: SitFlush: Begin","Aurora-1",2026-08-02 10:59:47
2026-08-04 10:57:49,"cmd: SitFlush: Begin","Aurora-1",2026-08-02 10:57:49
2026-08-04 10:34:39,"cmd: SitFlush: Begin","Aurora-1",2026-08-02 10:34:39
2026-08-04 10:28:20,"cmd: SitFlush: Begin","Aurora-1",2026-08-02 10:28:20
2026-08-04 10:27:02,"cmd: SitFlush: Begin","Aurora-1",2026-08-02 10:27:02
2026-08-04 10:25:45,"cmd: SitFlush: Begin","Aurora-1",2026-08-02 10:25:45
2026-08-04 10:24:27,"cmd: SitFlush: Begin","Aurora-1",2026-08-02 10:24:27
2026-08-04 10:23:06,"cmd: SitFlush: Begin","Aurora-1",2026-08-02 10:23:06
2026-08-04 10:21:44,"cmd: SitFlush: Begin","Aurora-1",2026-08-02 10:21:44
2026-08-04 10:20:31,"cmd: SitFlush: Begin","Aurora-1",2026-08-02 10:20:31
2026-08-04 10:19:13,"cmd: SitFlush: Begin","Aurora-1",2026-08-02 10:19:13
2026-08-04 10:17:50,"cmd: SitFlush: Begin","Aurora-1",2026-08-02 10:17:50
2026-08-04 10:16:30,"cmd: SitFlush: Begin","Aurora-1",2026-08-02 10:16:30
2026-08-04 10:15:15,"cmd: SitFlush: Begin","Aurora-1",2026-08-02 10:15:15
2026-08-04 10:13:56,"cmd: SitFlush: Begin","Aurora-1",2026-08-02 10:13:56
2026-08-04 10:12:37,"cmd: SitFlush: Begin","Aurora-1",2026-08-02 10:12:37
2026-08-04 10:11:15,"cmd: SitFlush: Begin","Aurora-1",2026-08-02 10:11:15
2026-08-04 10:09:59,"cmd: SitFlush: Begin","Aurora-1",2026-08-02 10:09:59
2026-08-04 10:08:37,"cmd: SitFlush: Begin","Aurora-1",2026-08-02 10:08:37
2026-08-04 10:07:20,"cmd: SitFlush: Begin","Aurora-1",2026-08-02 10:07:20
2026-08-04 10:05:59,"cmd: SitFlush: Begin","Aurora-1",2026-08-02 10:05:59
2026-08-04 10:04:46,"cmd: SitFlush: Begin","Aurora-1",2026-08-02 10:04:46
2026-08-04 10:03:32,"cmd: SitFlush: Begin","Aurora-1",2026-08-02 10:03:32
2026-08-04 10:02:11,"cmd: SitFlush: Begin","Aurora-1",2026-08-02 10:02:11
2026-08-04 10:00:44,"cmd: SitFlush: Begin","Aurora-1",2026-08-02 10:00:44
2026-08-04 09:59:25,"cmd: SitFlush: Begin","Aurora-1",2026-08-02 09:59:25
2026-08-04 09:58:12,"cmd: SitFlush: Begin","Aurora-1",2026-08-02 09:58:12
2026-08-04 09:56:53,"cmd: SitFlush: Begin","Aurora-1",2026-08-02 09:56:53
2026-08-04 09:55:34,"cmd: SitFlush: Begin","Aurora-1",2026-08-02 09:55:34
2026-08-04 09:54:17,"cmd: SitFlush: Begin","Aurora-1",2026-08-02 09:54:17
2026-08-04 09:53:04,"cmd: SitFlush: Begin","Aurora-1",2026-08-02 09:53:04
2026-08-04 09:51:12,"cmd: SitFlush: Begin","Aurora-1",2026-08-02 09:51:12
2026-08-04 09:49:40,"cmd: SitFlush: Begin","Aurora-1",2026-08-02 09:49:40
2026-08-04 09:48:10,"cmd: SitFlush: Begin","Aurora-1",2026-08-02 09:48:10
2026-08-04 09:46:53,"cmd: SitFlush: Begin","Aurora-1",2026-08-02 09:46:53
2026-08-04 09:45:18,"cmd: SitFlush: Begin","Aurora-1",2026-08-02 09:45:18
2026-08-04 09:43:33,"cmd: SitFlush: Begin","Aurora-1",2026-08-02 09:43:33
2026-08-04 09:42:13,"cmd: SitFlush: Begin","Aurora-1",2026-08-02 09:42:13
2026-08-04 09:40:37,"cmd: SitFlush: Begin","Aurora-1",2026-08-02 09:40:37
2026-08-04 09:38:57,"cmd: SitFlush: Begin","Aurora-1",2026-08-02 09:38:57
2026-08-04 09:37:12,"cmd: SitFlush: Begin","Aurora-1",2026-08-02 09:37:12
2026-08-04 09:35:46,"cmd: SitFlush: Begin","Aurora-1",2026-08-02 09:35:46
2026-08-04 09:33:47,"cmd: SitFlush: Begin","Aurora-1",2026-08-02 09:33:47
2026-08-04 09:32:29,"cmd: SitFlush: Begin","Aurora-1",2026-08-02 09:32:29
2026-08-04 09:31:08,"cmd: SitFlush: Begin","Aurora-1",2026-08-02 09:31:08
2026-08-04 09:29:45,"cmd: SitFlush: Begin","Aurora-1",2026-08-02 09:29:45
2026-08-04 09:28:18,"cmd: SitFlush: Begin","Aurora-1",2026-08-02 09:28:18
2026-08-04 09:26:59,"cmd: SitFlush: Begin","Aurora-1",2026-08-02 09:26:59
2026-08-04 09:25:40,"cmd: SitFlush: Begin","Aurora-1",2026-08-02 09:25:40
2026-08-04 09:24:15,"cmd: SitFlush: Begin","Aurora-1",2026-08-02 09:24:15
2026-08-04 09:22:16,"cmd: SitFlush: Begin","Aurora-1",2026-08-02 09:22:16
2026-08-04 09:20:34,"cmd: SitFlush: Begin","Aurora-1",2026-08-02 09:20:34
2026-08-04 09:19:17,"cmd: SitFlush: Begin","Aurora-1",2026-08-02 09:19:17
2026-08-04 09:17:24,"cmd: SitFlush: Begin","Aurora-1",2026-08-02 09:17:24
2026-08-04 09:15:42,"cmd: SitFlush: Begin","Aurora-1",2026-08-02 09:15:42
2026-08-04 09:13:47,"cmd: SitFlush: Begin","Aurora-1",2026-08-02 09:13:47
2026-08-04 09:11:38,"cmd: SitFlush: Begin","Aurora-1",2026-08-02 09:11:38
2026-08-04 08:41:26,"cmd: SitFlush: Begin","Aurora-1",2026-08-02 08:41:26
2026-08-03 17:17:24,"cmd: SitFlush: Begin","Aurora-1",2026-08-02 17:17:24
2026-08-03 17:14:35,"cmd: SitFlush: Begin","Aurora-1",2026-08-02 17:14:35
2026-08-03 17:12:26,"cmd: SitFlush: Begin","Aurora-1",2026-08-02 17:12:26
2026-08-03 17:06:02,"cmd: SitFlush: Begin","Aurora-1",2026-08-02 17:06:02
2026-08-03 17:04:07,"cmd: SitFlush: Begin","Aurora-1",2026-08-02 17:04:07
2026-08-03 16:53:43,"cmd: SitFlush: Begin","Aurora-1",2026-08-02 16:53:43
2026-08-03 16:52:34,"cmd: SitFlush: Begin","Aurora-1",2026-08-02 16:52:34
2026-08-03 16:49:59,"cmd: SitFlush: Begin","Aurora-1",2026-08-02 16:49:59
2026-08-03 16:46:30,"cmd: SitFlush: Begin","Aurora-1",2026-08-02 16:46:30
2026-08-03 16:45:02,"cmd: SitFlush: Begin","Aurora-1",2026-08-02 16:45:02
2026-08-03 16:43:35,"cmd: SitFlush: Begin","Aurora-1",2026-08-02 16:43:35
2026-08-03 16:42:45,"cmd: SitFlush: Begin","Aurora-1",2026-08-02 16:42:45
2026-08-03 16:41:01,"cmd: SitFlush: Begin","Aurora-1",2026-08-02 16:41:01
2026-08-03 16:37:31,"cmd: SitFlush: Begin","Aurora-1",2026-08-02 16:37:31
2026-08-03 09:37:08,"cmd: SitFlush: Begin","Aurora-1",2026-08-02 09:37:08
2026-08-03 09:35:42,"cmd: SitFlush: Begin","Aurora-1",2026-08-02 09:35:42
2026-08-03 09:24:20,"cmd: SitFlush: Begin","Aurora-1",2026-08-02 09:24:20
2026-07-23 14:06:55,"cmd: SitFlush: Begin","Aurora-1",2026-07-19 14:06:55
2026-07-23 14:04:18,"cmd: SitFlush: Begin","Aurora-1",2026-07-19 14:04:18
2026-07-23 14:03:10,"cmd: SitFlush: Begin","Aurora-1",2026-07-19 14:03:10
2026-07-23 14:01:40,"cmd: SitFlush: Begin","Aurora-1",2026-07-19 14:01:40
2026-07-23 13:59:17,"cmd: SitFlush: Begin","Aurora-1",2026-07-19 13:59:17
2026-07-23 13:56:57,"cmd: SitFlush: Begin","Aurora-1",2026-07-19 13:56:57
2026-07-23 13:55:08,"cmd: SitFlush: Begin","Aurora-1",2026-07-19 13:55:08
2026-07-23 13:47:30,"cmd: SitFlush: Begin","Aurora-1",2026-07-19 13:47:30
2026-07-23 13:43:25,"cmd: SitFlush: Begin","Aurora-1",2026-07-19 13:43:25
2026-07-23 13:39:57,"cmd: SitFlush: Begin","Aurora-1",2026-07-19 13:39:57
2026-07-23 13:38:13,"cmd: SitFlush: Begin","Aurora-1",2026-07-19 13:38:13
2026-07-23 13:36:43,"cmd: SitFlush: Begin","Aurora-1",2026-07-19 13:36:43
2026-07-23 13:34:48,"cmd: SitFlush: Begin","Aurora-1",2026-07-19 13:34:48
2026-07-23 13:30:55,"cmd: SitFlush: Begin","Aurora-1",2026-07-19 13:30:55
2026-07-23 13:26:49,"cmd: SitFlush: Begin","Aurora-1",2026-07-19 13:26:49
2026-07-23 13:18:08,"cmd: SitFlush: Begin","Aurora-1",2026-07-19 13:18:08
2026-07-23 13:12:26,"cmd: SitFlush: Begin","Aurora-1",2026-07-19 13:12:26
2026-07-23 12:42:04,"cmd: SitFlush: Begin","Aurora-1",2026-07-19 12:42:04
2026-07-23 12:34:50,"cmd: SitFlush: Begin","Aurora-1",2026-07-19 12:34:50
2026-07-23 12:33:45,"cmd: SitFlush: Begin","Aurora-1",2026-07-19 12:33:45
2026-07-23 12:26:22,"cmd: SitFlush: Begin","Aurora-1",2026-07-19 12:26:22
2026-07-23 12:25:59,"cmd: SitFlush: Begin","Aurora-1",2026-07-19 12:25:59
2026-07-23 12:25:29,"cmd: SitFlush: Begin","Aurora-1",2026-07-19 12:25:29
2026-07-23 12:24:10,"cmd: SitFlush: Begin","Aurora-1",2026-07-19 12:24:10
2026-07-23 12:19:24,"cmd: SitFlush: Begin","Aurora-1",2026-07-19 12:19:24
2026-07-23 12:17:59,"cmd: SitFlush: Begin","Aurora-1",2026-07-19 12:17:59
2026-07-23 12:17:21,"cmd: SitFlush: Begin","Aurora-1",2026-07-19 12:17:21
2026-07-23 12:16:45,"cmd: SitFlush: Begin","Aurora-1",2026-07-19 12:16:45
2026-07-23 12:16:20,"cmd: SitFlush: Begin","Aurora-1",2026-07-19 12:16:20
2026-07-23 12:14:19,"cmd: SitFlush: Begin","Aurora-1",2026-07-19 12:14:19
2026-07-23 12:12:22,"cmd: SitFlush: Begin","Aurora-1",2026-07-19 12:12:22
2026-07-23 12:09:44,"cmd: SitFlush: Begin","Aurora-1",2026-07-19 12:09:44
2026-07-23 12:09:09,"cmd: SitFlush: Begin","Aurora-1",2026-07-19 12:09:09
2026-07-23 12:05:28,"cmd: SitFlush: Begin","Aurora-1",2026-07-19 12:05:28
2026-07-23 10:50:58,"cmd: SitFlush: Begin","Aurora-1",2026-07-19 10:50:58
2026-07-23 10:49:30,"cmd: SitFlush: Begin","Aurora-1",2026-07-19 10:49:30
2026-07-23 10:48:03,"cmd: SitFlush: Begin","Aurora-1",2026-07-19 10:48:03
2026-07-23 10:46:24,"cmd: SitFlush: Begin","Aurora-1",2026-07-19 10:46:24
2026-07-23 10:44:26,"cmd: SitFlush: Begin","Aurora-1",2026-07-19 10:44:26
2026-07-23 10:42:55,"cmd: SitFlush: Begin","Aurora-1",2026-07-19 10:42:55
2026-07-23 10:41:21,"cmd: SitFlush: Begin","Aurora-1",2026-07-19 10:41:21
2026-07-23 08:53:24,"cmd: SitFlush: Begin","Aurora-1",2026-07-19 08:53:24
2026-07-23 08:42:37,"cmd: SitFlush: Begin","Aurora-1",2026-07-19 08:42:37
2026-07-22 15:33:50,"cmd: SitFlush: Begin","Aurora-1",2026-07-19 15:33:50
2026-07-22 15:32:41,"cmd: SitFlush: Begin","Aurora-1",2026-07-19 15:32:41
2026-07-22 15:25:48,"cmd: SitFlush: Begin","Aurora-1",2026-07-19 15:25:48
2026-07-22 15:24:35,"cmd: SitFlush: Begin","Aurora-1",2026-07-19 15:24:35
2026-07-22 10:55:28,"cmd: SitFlush: Begin","Aurora-1",2026-07-19 10:55:28
2026-07-22 08:46:08,"cmd: SitFlush: Begin","Aurora-1",2026-07-19 08:46:08
2026-07-21 18:25:41,"cmd: SitFlush: Begin","Aurora-1",2026-07-19 18:25:41
2026-07-21 18:25:00,"cmd: SitFlush: Begin","Aurora-1",2026-07-19 18:25:00
2026-07-21 18:24:19,"cmd: SitFlush: Begin","Aurora-1",2026-07-19 18:24:19
2026-07-21 18:23:41,"cmd: SitFlush: Begin","Aurora-1",2026-07-19 18:23:41
2026-07-21 18:23:02,"cmd: SitFlush: Begin","Aurora-1",2026-07-19 18:23:02
2026-07-21 18:22:23,"cmd: SitFlush: Begin","Aurora-1",2026-07-19 18:22:23
2026-07-21 18:21:45,"cmd: SitFlush: Begin","Aurora-1",2026-07-19 18:21:45
2026-07-21 18:21:08,"cmd: SitFlush: Begin","Aurora-1",2026-07-19 18:21:08
2026-07-21 18:20:28,"cmd: SitFlush: Begin","Aurora-1",2026-07-19 18:20:28
2026-07-21 18:19:44,"cmd: SitFlush: Begin","Aurora-1",2026-07-19 18:19:44
2026-07-21 18:19:06,"cmd: SitFlush: Begin","Aurora-1",2026-07-19 18:19:06
2026-07-21 18:18:25,"cmd: SitFlush: Begin","Aurora-1",2026-07-19 18:18:25
2026-07-21 18:17:40,"cmd: SitFlush: Begin","Aurora-1",2026-07-19 18:17:40
2026-07-21 18:16:54,"cmd: SitFlush: Begin","Aurora-1",2026-07-19 18:16:54
2026-07-21 18:16:14,"cmd: SitFlush: Begin","Aurora-1",2026-07-19 18:16:14
2026-07-21 18:15:33,"cmd: SitFlush: Begin","Aurora-1",2026-07-19 18:15:33
2026-07-21 18:14:56,"cmd: SitFlush: Begin","Aurora-1",2026-07-19 18:14:56
2026-07-21 18:12:46,"cmd: SitFlush: Begin","Aurora-1",2026-07-19 18:12:46
2026-07-21 18:08:14,"cmd: SitFlush: Begin","Aurora-1",2026-07-19 18:08:14
2026-07-21 18:06:27,"cmd: SitFlush: Begin","Aurora-1",2026-07-19 18:06:27
2026-07-21 18:04:28,"cmd: SitFlush: Begin","Aurora-1",2026-07-19 18:04:28
2026-07-21 18:02:46,"cmd: SitFlush: Begin","Aurora-1",2026-07-19 18:02:46
2026-07-21 18:00:16,"cmd: SitFlush: Begin","Aurora-1",2026-07-19 18:00:16
2026-07-21 17:57:14,"cmd: SitFlush: Begin","Aurora-1",2026-07-19 17:57:14
2026-07-21 17:53:14,"cmd: SitFlush: Begin","Aurora-1",2026-07-19 17:53:14
2026-07-21 17:49:31,"cmd: SitFlush: Begin","Aurora-1",2026-07-19 17:49:31
2026-07-21 17:47:26,"cmd: SitFlush: Begin","Aurora-1",2026-07-19 17:47:26
2026-07-21 17:44:40,"cmd: SitFlush: Begin","Aurora-1",2026-07-19 17:44:40
2026-07-21 17:42:12,"cmd: SitFlush: Begin","Aurora-1",2026-07-19 17:42:12
2026-07-21 17:38:43,"cmd: SitFlush: Begin","Aurora-1",2026-07-19 17:38:43
2026-07-21 17:34:28,"cmd: SitFlush: Begin","Aurora-1",2026-07-19 17:34:28
2026-07-21 17:29:19,"cmd: SitFlush: Begin","Aurora-1",2026-07-19 17:29:19
2026-07-21 17:26:10,"cmd: SitFlush: Begin","Aurora-1",2026-07-19 17:26:10
2026-07-21 17:21:35,"cmd: SitFlush: Begin","Aurora-1",2026-07-19 17:21:35
2026-07-21 17:16:18,"cmd: SitFlush: Begin","Aurora-1",2026-07-19 17:16:18
2026-07-21 17:12:47,"cmd: SitFlush: Begin","Aurora-1",2026-07-19 17:12:47
2026-07-21 17:07:47,"cmd: SitFlush: Begin","Aurora-1",2026-07-19 17:07:47
2026-07-21 17:04:05,"cmd: SitFlush: Begin","Aurora-1",2026-07-19 17:04:05
2026-07-21 17:01:21,"cmd: SitFlush: Begin","Aurora-1",2026-07-19 17:01:21
2026-07-21 16:57:35,"cmd: SitFlush: Begin","Aurora-1",2026-07-19 16:57:35
2026-07-21 16:54:16,"cmd: SitFlush: Begin","Aurora-1",2026-07-19 16:54:16
2026-07-21 16:50:02,"cmd: SitFlush: Begin","Aurora-1",2026-07-19 16:50:02
2026-07-21 16:44:16,"cmd: SitFlush: Begin","Aurora-1",2026-07-19 16:44:16
2026-07-21 16:40:47,"cmd: SitFlush: Begin","Aurora-1",2026-07-19 16:40:47
2026-07-21 15:52:29,"cmd: SitFlush: Begin","Aurora-1",2026-07-19 15:52:29
2026-07-21 15:48:27,"cmd: SitFlush: Begin","Aurora-1",2026-07-19 15:48:27
2026-07-21 15:47:32,"cmd: SitFlush: Begin","Aurora-1",2026-07-19 15:47:32
2026-07-21 15:45:53,"cmd: SitFlush: Begin","Aurora-1",2026-07-19 15:45:53
2026-07-21 15:43:58,"cmd: SitFlush: Begin","Aurora-1",2026-07-19 15:43:58
2026-07-21 15:43:21,"cmd: SitFlush: Begin","Aurora-1",2026-07-19 15:43:21
2026-07-21 15:42:35,"cmd: SitFlush: Begin","Aurora-1",2026-07-19 15:42:35
2026-07-21 15:41:45,"cmd: SitFlush: Begin","Aurora-1",2026-07-19 15:41:45
2026-07-21 15:40:53,"cmd: SitFlush: Begin","Aurora-1",2026-07-19 15:40:53
2026-07-21 15:39:42,"cmd: SitFlush: Begin","Aurora-1",2026-07-19 15:39:42
2026-07-21 15:38:40,"cmd: SitFlush: Begin","Aurora-1",2026-07-19 15:38:40
2026-07-21 15:35:29,"cmd: SitFlush: Begin","Aurora-1",2026-07-19 15:35:29
2026-07-21 15:34:44,"cmd: SitFlush: Begin","Aurora-1",2026-07-19 15:34:44
2026-07-21 15:31:15,"cmd: SitFlush: Begin","Aurora-1",2026-07-19 15:31:15
2026-07-21 15:28:53,"cmd: SitFlush: Begin","Aurora-1",2026-07-19 15:28:53
2026-07-21 15:26:12,"cmd: SitFlush: Begin","Aurora-1",2026-07-19 15:26:12
2026-07-21 15:26:04,"cmd: SitFlush: Begin","Aurora-1",2026-07-19 15:26:04
2026-07-21 13:35:53,"cmd: SitFlush: Begin","Aurora-1",2026-07-19 13:35:53
2026-07-21 13:32:23,"cmd: SitFlush: Begin","Aurora-1",2026-07-19 13:32:23
2026-07-21 13:31:39,"cmd: SitFlush: Begin","Aurora-1",2026-07-19 13:31:39
2026-07-21 13:30:23,"cmd: SitFlush: Begin","Aurora-1",2026-07-19 13:30:23
2026-07-21 13:28:56,"cmd: SitFlush: Begin","Aurora-1",2026-07-19 13:28:56
2026-07-21 13:27:48,"cmd: SitFlush: Begin","Aurora-1",2026-07-19 13:27:48
2026-07-21 13:26:09,"cmd: SitFlush: Begin","Aurora-1",2026-07-19 13:26:09
2026-07-21 13:25:00,"cmd: SitFlush: Begin","Aurora-1",2026-07-19 13:25:00
2026-07-21 13:24:02,"cmd: SitFlush: Begin","Aurora-1",2026-07-19 13:24:02
2026-07-21 13:22:24,"cmd: SitFlush: Begin","Aurora-1",2026-07-19 13:22:24
2026-07-21 13:21:29,"cmd: SitFlush: Begin","Aurora-1",2026-07-19 13:21:29
2026-07-21 13:19:29,"cmd: SitFlush: Begin","Aurora-1",2026-07-19 13:19:29
2026-07-21 13:17:20,"cmd: SitFlush: Begin","Aurora-1",2026-07-19 13:17:20
2026-07-21 11:58:21,"cmd: SitFlush: Begin","Aurora-1",2026-07-19 11:58:21
2026-07-21 11:56:53,"cmd: SitFlush: Begin","Aurora-1",2026-07-19 11:56:53
2026-07-21 11:55:25,"cmd: SitFlush: Begin","Aurora-1",2026-07-19 11:55:25
2026-07-21 11:53:57,"cmd: SitFlush: Begin","Aurora-1",2026-07-19 11:53:57
2026-07-21 11:52:25,"cmd: SitFlush: Begin","Aurora-1",2026-07-19 11:52:25
2026-07-21 11:50:57,"cmd: SitFlush: Begin","Aurora-1",2026-07-19 11:50:57
2026-07-21 11:49:30,"cmd: SitFlush: Begin","Aurora-1",2026-07-19 11:49:30
2026-07-21 11:48:02,"cmd: SitFlush: Begin","Aurora-1",2026-07-19 11:48:02
2026-07-21 11:46:34,"cmd: SitFlush: Begin","Aurora-1",2026-07-19 11:46:34
2026-07-21 11:45:07,"cmd: SitFlush: Begin","Aurora-1",2026-07-19 11:45:07
2026-07-21 11:43:39,"cmd: SitFlush: Begin","Aurora-1",2026-07-19 11:43:39
2026-07-21 11:41:58,"cmd: SitFlush: Begin","Aurora-1",2026-07-19 11:41:58
2026-07-21 11:41:12,"cmd: SitFlush: Begin","Aurora-1",2026-07-19 11:41:12
2026-07-21 11:38:37,"cmd: SitFlush: Begin","Aurora-1",2026-07-19 11:38:37
2026-07-21 11:37:26,"cmd: SitFlush: Begin","Aurora-1",2026-07-19 11:37:26
2026-07-21 11:31:06,"cmd: SitFlush: Begin","Aurora-1",2026-07-19 11:31:06
2026-07-21 11:29:38,"cmd: SitFlush: Begin","Aurora-1",2026-07-19 11:29:38
2026-07-21 11:28:10,"cmd: SitFlush: Begin","Aurora-1",2026-07-19 11:28:10
2026-07-21 11:26:42,"cmd: SitFlush: Begin","Aurora-1",2026-07-19 11:26:42
2026-07-21 11:25:14,"cmd: SitFlush: Begin","Aurora-1",2026-07-19 11:25:14
2026-07-21 11:23:47,"cmd: SitFlush: Begin","Aurora-1",2026-07-19 11:23:47
2026-07-21 11:17:58,"cmd: SitFlush: Begin","Aurora-1",2026-07-19 11:17:58
2026-07-21 11:16:26,"cmd: SitFlush: Begin","Aurora-1",2026-07-19 11:16:26
2026-07-21 11:14:58,"cmd: SitFlush: Begin","Aurora-1",2026-07-19 11:14:58
2026-07-21 11:13:31,"cmd: SitFlush: Begin","Aurora-1",2026-07-19 11:13:31
2026-07-21 11:12:02,"cmd: SitFlush: Begin","Aurora-1",2026-07-19 11:12:02
2026-07-21 11:10:34,"cmd: SitFlush: Begin","Aurora-1",2026-07-19 11:10:34
2026-07-21 11:09:06,"cmd: SitFlush: Begin","Aurora-1",2026-07-19 11:09:06
2026-07-21 11:07:38,"cmd: SitFlush: Begin","Aurora-1",2026-07-19 11:07:38
2026-07-21 11:06:11,"cmd: SitFlush: Begin","Aurora-1",2026-07-19 11:06:11
2026-07-21 11:04:38,"cmd: SitFlush: Begin","Aurora-1",2026-07-19 11:04:38
2026-07-21 11:03:11,"cmd: SitFlush: Begin","Aurora-1",2026-07-19 11:03:11
2026-07-21 11:01:43,"cmd: SitFlush: Begin","Aurora-1",2026-07-19 11:01:43
2026-07-21 11:00:15,"cmd: SitFlush: Begin","Aurora-1",2026-07-19 11:00:15
2026-07-21 10:58:47,"cmd: SitFlush: Begin","Aurora-1",2026-07-19 10:58:47
2026-07-21 10:57:19,"cmd: SitFlush: Begin","Aurora-1",2026-07-19 10:57:19
2026-07-21 10:55:52,"cmd: SitFlush: Begin","Aurora-1",2026-07-19 10:55:52
2026-07-21 10:54:22,"cmd: SitFlush: Begin","Aurora-1",2026-07-19 10:54:22
2026-07-21 10:52:50,"cmd: SitFlush: Begin","Aurora-1",2026-07-19 10:52:50
2026-07-21 10:51:22,"cmd: SitFlush: Begin","Aurora-1",2026-07-19 10:51:22
2026-07-21 10:49:55,"cmd: SitFlush: Begin","Aurora-1",2026-07-19 10:49:55
2026-07-21 10:48:27,"cmd: SitFlush: Begin","Aurora-1",2026-07-19 10:48:27
2026-07-21 10:46:59,"cmd: SitFlush: Begin","Aurora-1",2026-07-19 10:46:59
2026-07-21 10:45:32,"cmd: SitFlush: Begin","Aurora-1",2026-07-19 10:45:32
2026-07-21 10:44:04,"cmd: SitFlush: Begin","Aurora-1",2026-07-19 10:44:04
2026-07-21 10:42:36,"cmd: SitFlush: Begin","Aurora-1",2026-07-19 10:42:36
2026-07-21 10:41:04,"cmd: SitFlush: Begin","Aurora-1",2026-07-19 10:41:04
2026-07-21 10:39:35,"cmd: SitFlush: Begin","Aurora-1",2026-07-19 10:39:35
2026-07-21 10:38:07,"cmd: SitFlush: Begin","Aurora-1",2026-07-19 10:38:07
2026-07-21 10:36:38,"cmd: SitFlush: Begin","Aurora-1",2026-07-19 10:36:38
2026-07-21 10:35:10,"cmd: SitFlush: Begin","Aurora-1",2026-07-19 10:35:10
2026-07-21 10:33:42,"cmd: SitFlush: Begin","Aurora-1",2026-07-19 10:33:42
2026-07-21 10:32:15,"cmd: SitFlush: Begin","Aurora-1",2026-07-19 10:32:15
2026-07-21 10:30:47,"cmd: SitFlush: Begin","Aurora-1",2026-07-19 10:30:47
2026-07-21 10:29:14,"cmd: SitFlush: Begin","Aurora-1",2026-07-19 10:29:14
2026-07-21 10:27:47,"cmd: SitFlush: Begin","Aurora-1",2026-07-19 10:27:47
2026-07-21 10:26:19,"cmd: SitFlush: Begin","Aurora-1",2026-07-19 10:26:19
2026-07-21 10:24:52,"cmd: SitFlush: Begin","Aurora-1",2026-07-19 10:24:52
2026-07-21 10:23:24,"cmd: SitFlush: Begin","Aurora-1",2026-07-19 10:23:24
2026-07-21 10:21:56,"cmd: SitFlush: Begin","Aurora-1",2026-07-19 10:21:56
2026-07-21 10:20:28,"cmd: SitFlush: Begin","Aurora-1",2026-07-19 10:20:28
2026-07-21 10:15:28,"cmd: SitFlush: Begin","Aurora-1",2026-07-19 10:15:28
2026-07-21 10:14:00,"cmd: SitFlush: Begin","Aurora-1",2026-07-19 10:14:00
2026-07-21 10:12:32,"cmd: SitFlush: Begin","Aurora-1",2026-07-19 10:12:32
2026-07-21 10:11:04,"cmd: SitFlush: Begin","Aurora-1",2026-07-19 10:11:04
2026-07-21 10:09:33,"cmd: SitFlush: Begin","Aurora-1",2026-07-19 10:09:33
2026-07-21 10:08:06,"cmd: SitFlush: Begin","Aurora-1",2026-07-19 10:08:06
2026-07-21 10:06:38,"cmd: SitFlush: Begin","Aurora-1",2026-07-19 10:06:38
2026-07-21 10:05:10,"cmd: SitFlush: Begin","Aurora-1",2026-07-19 10:05:10
2026-07-21 10:03:42,"cmd: SitFlush: Begin","Aurora-1",2026-07-19 10:03:42
2026-07-21 10:02:15,"cmd: SitFlush: Begin","Aurora-1",2026-07-19 10:02:15
2026-07-21 10:00:47,"cmd: SitFlush: Begin","Aurora-1",2026-07-19 10:00:47
2026-07-21 09:59:05,"cmd: SitFlush: Begin","Aurora-1",2026-07-19 09:59:05
2026-07-21 09:57:58,"cmd: SitFlush: Begin","Aurora-1",2026-07-19 09:57:58
2026-07-21 09:53:02,"cmd: SitFlush: Begin","Aurora-1",2026-07-19 09:53:02
2026-07-21 09:50:28,"cmd: SitFlush: Begin","Aurora-1",2026-07-19 09:50:28
2026-07-21 09:48:17,"cmd: SitFlush: Begin","Aurora-1",2026-07-19 09:48:17
2026-07-21 09:46:53,"cmd: SitFlush: Begin","Aurora-1",2026-07-19 09:46:53
2026-07-21 09:45:59,"cmd: SitFlush: Begin","Aurora-1",2026-07-19 09:45:59
2026-07-21 09:41:11,"cmd: SitFlush: Begin","Aurora-1",2026-07-19 09:41:11
2026-07-21 09:40:14,"cmd: SitFlush: Begin","Aurora-1",2026-07-19 09:40:14
2026-07-21 09:38:03,"cmd: SitFlush: Begin","Aurora-1",2026-07-19 09:38:03
2026-07-21 08:32:55,"cmd: SitFlush: Begin","Aurora-1",2026-07-19 08:32:55
2026-07-20 17:06:01,"cmd: SitFlush: Begin","Aurora-1",2026-07-19 17:06:01
2026-07-20 16:57:33,"cmd: SitFlush: Begin","Aurora-1",2026-07-19 16:57:33
2026-07-20 16:56:53,"cmd: SitFlush: Begin","Aurora-1",2026-07-19 16:56:53
2026-07-20 16:55:56,"cmd: SitFlush: Begin","Aurora-1",2026-07-19 16:55:56
2026-07-20 16:55:04,"cmd: SitFlush: Begin","Aurora-1",2026-07-19 16:55:04
2026-07-20 16:54:23,"cmd: SitFlush: Begin","Aurora-1",2026-07-19 16:54:23
2026-07-20 16:53:17,"cmd: SitFlush: Begin","Aurora-1",2026-07-19 16:53:17
2026-07-20 16:52:29,"cmd: SitFlush: Begin","Aurora-1",2026-07-19 16:52:29
2026-07-20 16:30:48,"cmd: SitFlush: Begin","Aurora-1",2026-07-19 16:30:48
2026-07-20 16:30:10,"cmd: SitFlush: Begin","Aurora-1",2026-07-19 16:30:10
2026-07-20 16:29:38,"cmd: SitFlush: Begin","Aurora-1",2026-07-19 16:29:38
2026-07-20 16:29:03,"cmd: SitFlush: Begin","Aurora-1",2026-07-19 16:29:03
2026-07-20 16:28:30,"cmd: SitFlush: Begin","Aurora-1",2026-07-19 16:28:30
2026-07-20 16:27:56,"cmd: SitFlush: Begin","Aurora-1",2026-07-19 16:27:56
2026-07-20 16:27:21,"cmd: SitFlush: Begin","Aurora-1",2026-07-19 16:27:21
2026-07-20 16:26:47,"cmd: SitFlush: Begin","Aurora-1",2026-07-19 16:26:47
2026-07-20 16:26:13,"cmd: SitFlush: Begin","Aurora-1",2026-07-19 16:26:13
2026-07-20 16:25:33,"cmd: SitFlush: Begin","Aurora-1",2026-07-19 16:25:33
2026-07-20 16:24:56,"cmd: SitFlush: Begin","Aurora-1",2026-07-19 16:24:56
2026-07-20 16:24:20,"cmd: SitFlush: Begin","Aurora-1",2026-07-19 16:24:20
2026-07-20 16:23:03,"cmd: SitFlush: Begin","Aurora-1",2026-07-19 16:23:03
2026-07-20 16:22:09,"cmd: SitFlush: Begin","Aurora-1",2026-07-19 16:22:09
2026-07-20 16:21:33,"cmd: SitFlush: Begin","Aurora-1",2026-07-19 16:21:33
2026-07-20 16:21:00,"cmd: SitFlush: Begin","Aurora-1",2026-07-19 16:21:00
2026-07-20 16:19:58,"cmd: SitFlush: Begin","Aurora-1",2026-07-19 16:19:58
2026-07-20 13:49:15,"cmd: SitFlush: Begin","Aurora-1",2026-07-19 13:49:15
2026-07-20 13:45:43,"cmd: SitFlush: Begin","Aurora-1",2026-07-19 13:45:43
2026-07-20 13:43:29,"cmd: SitFlush: Begin","Aurora-1",2026-07-19 13:43:29
2026-07-20 13:42:28,"cmd: SitFlush: Begin","Aurora-1",2026-07-19 13:42:28
2026-07-20 13:40:59,"cmd: SitFlush: Begin","Aurora-1",2026-07-19 13:40:59
2026-07-20 13:39:26,"cmd: SitFlush: Begin","Aurora-1",2026-07-19 13:39:26
2026-07-20 13:37:16,"cmd: SitFlush: Begin","Aurora-1",2026-07-19 13:37:16
2026-07-20 13:35:38,"cmd: SitFlush: Begin","Aurora-1",2026-07-19 13:35:38
2026-07-20 13:33:45,"cmd: SitFlush: Begin","Aurora-1",2026-07-19 13:33:45
2026-07-20 13:32:02,"cmd: SitFlush: Begin","Aurora-1",2026-07-19 13:32:02
2026-07-20 13:26:24,"cmd: SitFlush: Begin","Aurora-1",2026-07-19 13:26:24
2026-07-20 13:25:35,"cmd: SitFlush: Begin","Aurora-1",2026-07-19 13:25:35
2026-07-20 13:24:53,"cmd: SitFlush: Begin","Aurora-1",2026-07-19 13:24:53
2026-07-20 13:23:52,"cmd: SitFlush: Begin","Aurora-1",2026-07-19 13:23:52
2026-07-20 13:21:46,"cmd: SitFlush: Begin","Aurora-1",2026-07-19 13:21:46
2026-07-20 13:16:36,"cmd: SitFlush: Begin","Aurora-1",2026-07-19 13:16:36
2026-07-20 13:16:29,"cmd: SitFlush: Begin","Aurora-1",2026-07-19 13:16:29
2026-07-20 13:15:19,"cmd: SitFlush: Begin","Aurora-1",2026-07-19 13:15:19
2026-07-20 13:13:42,"cmd: SitFlush: Begin","Aurora-1",2026-07-19 13:13:42
2026-07-20 13:12:31,"cmd: SitFlush: Begin","Aurora-1",2026-07-19 13:12:31
2026-07-20 13:11:11,"cmd: SitFlush: Begin","Aurora-1",2026-07-19 13:11:11
2026-07-20 13:09:39,"cmd: SitFlush: Begin","Aurora-1",2026-07-19 13:09:39
2026-07-20 13:08:15,"cmd: SitFlush: Begin","Aurora-1",2026-07-19 13:08:15
2026-07-20 13:06:12,"cmd: SitFlush: Begin","Aurora-1",2026-07-19 13:06:12
2026-07-20 13:04:32,"cmd: SitFlush: Begin","Aurora-1",2026-07-19 13:04:32
2026-07-20 13:02:47,"cmd: SitFlush: Begin","Aurora-1",2026-07-19 13:02:47
2026-07-20 13:00:42,"cmd: SitFlush: Begin","Aurora-1",2026-07-19 13:00:42
2026-07-20 12:58:49,"cmd: SitFlush: Begin","Aurora-1",2026-07-19 12:58:49
2026-07-20 12:57:12,"cmd: SitFlush: Begin","Aurora-1",2026-07-19 12:57:12
2026-07-20 12:55:21,"cmd: SitFlush: Begin","Aurora-1",2026-07-19 12:55:21
2026-07-20 12:53:21,"cmd: SitFlush: Begin","Aurora-1",2026-07-19 12:53:21
2026-07-20 12:51:02,"cmd: SitFlush: Begin","Aurora-1",2026-07-19 12:51:02
2026-07-20 12:49:32,"cmd: SitFlush: Begin","Aurora-1",2026-07-19 12:49:32
2026-07-20 12:46:24,"cmd: SitFlush: Begin","Aurora-1",2026-07-19 12:46:24
2026-07-20 12:45:23,"cmd: SitFlush: Begin","Aurora-1",2026-07-19 12:45:23
2026-07-20 12:44:12,"cmd: SitFlush: Begin","Aurora-1",2026-07-19 12:44:12
2026-07-20 12:39:31,"cmd: SitFlush: Begin","Aurora-1",2026-07-19 12:39:31
2026-07-20 12:37:44,"cmd: SitFlush: Begin","Aurora-1",2026-07-19 12:37:44
2026-07-20 12:35:30,"cmd: SitFlush: Begin","Aurora-1",2026-07-19 12:35:30
2026-07-20 12:33:03,"cmd: SitFlush: Begin","Aurora-1",2026-07-19 12:33:03
2026-07-20 12:29:34,"cmd: SitFlush: Begin","Aurora-1",2026-07-19 12:29:34
2026-07-20 12:27:32,"cmd: SitFlush: Begin","Aurora-1",2026-07-19 12:27:32
2026-07-20 12:25:02,"cmd: SitFlush: Begin","Aurora-1",2026-07-19 12:25:02
2026-07-20 12:22:53,"cmd: SitFlush: Begin","Aurora-1",2026-07-19 12:22:53
2026-07-20 12:20:20,"cmd: SitFlush: Begin","Aurora-1",2026-07-19 12:20:20
2026-07-20 11:56:41,"cmd: SitFlush: Begin","Aurora-1",2026-07-19 11:56:41
2026-07-20 11:48:49,"cmd: SitFlush: Begin","Aurora-1",2026-07-19 11:48:49
2026-07-20 11:45:55,"cmd: SitFlush: Begin","Aurora-1",2026-07-19 11:45:55
2026-07-20 11:42:57,"cmd: SitFlush: Begin","Aurora-1",2026-07-19 11:42:57
2026-07-20 11:41:52,"cmd: SitFlush: Begin","Aurora-1",2026-07-19 11:41:52
2026-07-20 11:39:54,"cmd: SitFlush: Begin","Aurora-1",2026-07-19 11:39:54
2026-07-20 11:37:18,"cmd: SitFlush: Begin","Aurora-1",2026-07-19 11:37:18
2026-07-20 11:35:22,"cmd: SitFlush: Begin","Aurora-1",2026-07-19 11:35:22
2026-07-20 11:32:23,"cmd: SitFlush: Begin","Aurora-1",2026-07-19 11:32:23
2026-07-20 11:26:58,"cmd: SitFlush: Begin","Aurora-1",2026-07-19 11:26:58
2026-07-20 11:22:51,"cmd: SitFlush: Begin","Aurora-1",2026-07-19 11:22:51
2026-07-20 11:14:52,"cmd: SitFlush: Begin","Aurora-1",2026-07-19 11:14:52
2026-07-20 11:14:04,"cmd: SitFlush: Begin","Aurora-1",2026-07-19 11:14:04
2026-07-20 11:13:12,"cmd: SitFlush: Begin","Aurora-1",2026-07-19 11:13:12
2026-07-20 11:12:18,"cmd: SitFlush: Begin","Aurora-1",2026-07-19 11:12:18
2026-07-20 11:11:21,"cmd: SitFlush: Begin","Aurora-1",2026-07-19 11:11:21
2026-07-20 11:10:46,"cmd: SitFlush: Begin","Aurora-1",2026-07-19 11:10:46
2026-07-20 11:10:06,"cmd: SitFlush: Begin","Aurora-1",2026-07-19 11:10:06
2026-07-20 11:08:56,"cmd: SitFlush: Begin","Aurora-1",2026-07-19 11:08:56
2026-07-20 11:08:12,"cmd: SitFlush: Begin","Aurora-1",2026-07-19 11:08:12
2026-07-20 11:07:13,"cmd: SitFlush: Begin","Aurora-1",2026-07-19 11:07:13
2026-07-20 11:05:18,"cmd: SitFlush: Begin","Aurora-1",2026-07-19 11:05:18
2026-07-20 11:04:19,"cmd: SitFlush: Begin","Aurora-1",2026-07-19 11:04:19
2026-07-20 11:03:16,"cmd: SitFlush: Begin","Aurora-1",2026-07-19 11:03:16
2026-07-20 11:02:30,"cmd: SitFlush: Begin","Aurora-1",2026-07-19 11:02:30
2026-07-20 11:01:05,"cmd: SitFlush: Begin","Aurora-1",2026-07-19 11:01:05
2026-07-20 10:55:44,"cmd: SitFlush: Begin","Aurora-1",2026-07-19 10:55:44
2026-07-20 10:54:13,"cmd: SitFlush: Begin","Aurora-1",2026-07-19 10:54:13
2026-07-20 10:52:58,"cmd: SitFlush: Begin","Aurora-1",2026-07-19 10:52:58
2026-07-20 10:51:42,"cmd: SitFlush: Begin","Aurora-1",2026-07-19 10:51:42
2026-07-20 10:50:34,"cmd: SitFlush: Begin","Aurora-1",2026-07-19 10:50:34
2026-07-20 10:49:32,"cmd: SitFlush: Begin","Aurora-1",2026-07-19 10:49:32
2026-07-20 10:48:30,"cmd: SitFlush: Begin","Aurora-1",2026-07-19 10:48:30
2026-07-20 10:47:14,"cmd: SitFlush: Begin","Aurora-1",2026-07-19 10:47:14
2026-07-20 10:43:36,"cmd: SitFlush: Begin","Aurora-1",2026-07-19 10:43:36
2026-07-20 10:42:45,"cmd: SitFlush: Begin","Aurora-1",2026-07-19 10:42:45
2026-07-20 10:41:20,"cmd: SitFlush: Begin","Aurora-1",2026-07-19 10:41:20
2026-07-20 10:39:26,"cmd: SitFlush: Begin","Aurora-1",2026-07-19 10:39:26
2026-07-20 09:18:40,"cmd: SitFlush: Begin","Aurora-1",2026-07-19 09:18:40
2026-07-20 09:02:48,"cmd: SitFlush: Begin","Aurora-1",2026-07-19 09:02:48
2026-07-17 18:54:15,"cmd: SitFlush: Begin","Aurora-1",2026-07-12 18:54:15
2026-07-17 18:53:07,"cmd: SitFlush: Begin","Aurora-1",2026-07-12 18:53:07
2026-07-17 18:52:06,"cmd: SitFlush: Begin","Aurora-1",2026-07-12 18:52:06
2026-07-17 18:51:04,"cmd: SitFlush: Begin","Aurora-1",2026-07-12 18:51:04
2026-07-17 18:49:59,"cmd: SitFlush: Begin","Aurora-1",2026-07-12 18:49:59
2026-07-17 18:48:55,"cmd: SitFlush: Begin","Aurora-1",2026-07-12 18:48:55
2026-07-17 18:47:50,"cmd: SitFlush: Begin","Aurora-1",2026-07-12 18:47:50
2026-07-17 18:46:49,"cmd: SitFlush: Begin","Aurora-1",2026-07-12 18:46:49
2026-07-17 18:45:47,"cmd: SitFlush: Begin","Aurora-1",2026-07-12 18:45:47
2026-07-17 18:43:34,"cmd: SitFlush: Begin","Aurora-1",2026-07-12 18:43:34
2026-07-17 18:42:12,"cmd: SitFlush: Begin","Aurora-1",2026-07-12 18:42:12
2026-07-17 18:39:14,"cmd: SitFlush: Begin","Aurora-1",2026-07-12 18:39:14
2026-07-17 18:31:57,"cmd: SitFlush: Begin","Aurora-1",2026-07-12 18:31:57
2026-07-17 18:28:24,"cmd: SitFlush: Begin","Aurora-1",2026-07-12 18:28:24
2026-07-17 18:24:58,"cmd: SitFlush: Begin","Aurora-1",2026-07-12 18:24:58
2026-07-17 17:30:16,"cmd: SitFlush: Begin","Aurora-1",2026-07-12 17:30:16
2026-07-17 17:28:12,"cmd: SitFlush: Begin","Aurora-1",2026-07-12 17:28:12
2026-07-17 17:25:49,"cmd: SitFlush: Begin","Aurora-1",2026-07-12 17:25:49
2026-07-17 17:21:43,"cmd: SitFlush: Begin","Aurora-1",2026-07-12 17:21:43
2026-07-17 17:19:17,"cmd: SitFlush: Begin","Aurora-1",2026-07-12 17:19:17
2026-07-17 17:17:06,"cmd: SitFlush: Begin","Aurora-1",2026-07-12 17:17:06
2026-07-17 17:09:55,"cmd: SitFlush: Begin","Aurora-1",2026-07-12 17:09:55
2026-07-17 17:00:33,"cmd: SitFlush: Begin","Aurora-1",2026-07-12 17:00:33
2026-07-17 16:54:49,"cmd: SitFlush: Begin","Aurora-1",2026-07-12 16:54:49
2026-07-17 16:47:20,"cmd: SitFlush: Begin","Aurora-1",2026-07-12 16:47:20
2026-07-17 16:39:30,"cmd: SitFlush: Begin","Aurora-1",2026-07-12 16:39:30
2026-07-17 16:36:57,"cmd: SitFlush: Begin","Aurora-1",2026-07-12 16:36:57
2026-07-17 16:33:51,"cmd: SitFlush: Begin","Aurora-1",2026-07-12 16:33:51
2026-07-17 16:30:06,"cmd: SitFlush: Begin","Aurora-1",2026-07-12 16:30:06
2026-07-17 16:27:59,"cmd: SitFlush: Begin","Aurora-1",2026-07-12 16:27:59
2026-07-17 16:25:31,"cmd: SitFlush: Begin","Aurora-1",2026-07-12 16:25:31
2026-07-17 16:21:05,"cmd: SitFlush: Begin","Aurora-1",2026-07-12 16:21:05
2026-07-17 15:59:15,"cmd: SitFlush: Begin","Aurora-1",2026-07-12 15:59:15
2026-07-17 15:42:07,"cmd: SitFlush: Begin","Aurora-1",2026-07-12 15:42:07
2026-07-17 15:37:39,"cmd: SitFlush: Begin","Aurora-1",2026-07-12 15:37:39
2026-07-17 15:31:55,"cmd: SitFlush: Begin","Aurora-1",2026-07-12 15:31:55
2026-07-17 15:25:15,"cmd: SitFlush: Begin","Aurora-1",2026-07-12 15:25:15
2026-07-17 15:21:01,"cmd: SitFlush: Begin","Aurora-1",2026-07-12 15:21:01
2026-07-17 15:19:59,"cmd: SitFlush: Begin","Aurora-1",2026-07-12 15:19:59
2026-07-17 15:17:01,"cmd: SitFlush: Begin","Aurora-1",2026-07-12 15:17:01
2026-07-17 15:03:20,"cmd: SitFlush: Begin","Aurora-1",2026-07-12 15:03:20
2026-07-17 14:57:41,"cmd: SitFlush: Begin","Aurora-1",2026-07-12 14:57:41
2026-07-17 14:53:29,"cmd: SitFlush: Begin","Aurora-1",2026-07-12 14:53:29
2026-07-17 14:50:09,"cmd: SitFlush: Begin","Aurora-1",2026-07-12 14:50:09
2026-07-17 14:29:35,"cmd: SitFlush: Begin","Aurora-1",2026-07-12 14:29:35
2026-07-17 14:28:43,"cmd: SitFlush: Begin","Aurora-1",2026-07-12 14:28:43
2026-07-17 14:27:10,"cmd: SitFlush: Begin","Aurora-1",2026-07-12 14:27:10
2026-07-17 14:26:14,"cmd: SitFlush: Begin","Aurora-1",2026-07-12 14:26:14
2026-07-17 14:22:35,"cmd: SitFlush: Begin","Aurora-1",2026-07-12 14:22:35
2026-07-17 14:13:32,"cmd: SitFlush: Begin","Aurora-1",2026-07-12 14:13:32
2026-07-17 14:12:38,"cmd: SitFlush: Begin","Aurora-1",2026-07-12 14:12:38
2026-07-17 14:07:12,"cmd: SitFlush: Begin","Aurora-1",2026-07-12 14:07:12
2026-07-17 14:00:02,"cmd: SitFlush: Begin","Aurora-1",2026-07-12 14:00:02
2026-07-17 13:59:31,"cmd: SitFlush: Begin","Aurora-1",2026-07-12 13:59:31
2026-07-17 13:54:05,"cmd: SitFlush: Begin","Aurora-1",2026-07-12 13:54:05
2026-07-17 13:48:05,"cmd: SitFlush: Begin","Aurora-1",2026-07-12 13:48:05
2026-07-17 13:41:51,"cmd: SitFlush: Begin","Aurora-1",2026-07-12 13:41:51
2026-07-17 13:36:51,"cmd: SitFlush: Begin","Aurora-1",2026-07-12 13:36:51
2026-07-17 13:28:24,"cmd: SitFlush: Begin","Aurora-1",2026-07-12 13:28:24
2026-07-17 13:20:22,"cmd: SitFlush: Begin","Aurora-1",2026-07-12 13:20:22
2026-07-17 13:12:06,"cmd: SitFlush: Begin","Aurora-1",2026-07-12 13:12:06
2026-07-17 13:03:06,"cmd: SitFlush: Begin","Aurora-1",2026-07-12 13:03:06
2026-07-17 12:55:07,"cmd: SitFlush: Begin","Aurora-1",2026-07-12 12:55:07
2026-07-17 12:47:58,"cmd: SitFlush: Begin","Aurora-1",2026-07-12 12:47:58
2026-07-17 12:41:45,"cmd: SitFlush: Begin","Aurora-1",2026-07-12 12:41:45
2026-07-17 12:29:16,"cmd: SitFlush: Begin","Aurora-1",2026-07-12 12:29:16
2026-07-17 12:17:43,"cmd: SitFlush: Begin","Aurora-1",2026-07-12 12:17:43
2026-07-17 12:10:45,"cmd: SitFlush: Begin","Aurora-1",2026-07-12 12:10:45
2026-07-17 12:02:22,"cmd: SitFlush: Begin","Aurora-1",2026-07-12 12:02:22
2026-07-17 11:48:06,"cmd: SitFlush: Begin","Aurora-1",2026-07-12 11:48:06
2026-07-17 11:47:17,"cmd: SitFlush: Begin","Aurora-1",2026-07-12 11:47:17
2026-07-17 11:46:40,"cmd: SitFlush: Begin","Aurora-1",2026-07-12 11:46:40
2026-07-17 11:45:11,"cmd: SitFlush: Begin","Aurora-1",2026-07-12 11:45:11
2026-07-17 11:44:21,"cmd: SitFlush: Begin","Aurora-1",2026-07-12 11:44:21
2026-07-17 11:42:18,"cmd: SitFlush: Begin","Aurora-1",2026-07-12 11:42:18
2026-07-17 11:41:20,"cmd: SitFlush: Begin","Aurora-1",2026-07-12 11:41:20
2026-07-17 11:40:41,"cmd: SitFlush: Begin","Aurora-1",2026-07-12 11:40:41
2026-07-17 10:31:36,"cmd: SitFlush: Begin","Aurora-1",2026-07-12 10:31:36
2026-07-17 10:27:29,"cmd: SitFlush: Begin","Aurora-1",2026-07-12 10:27:29
2026-07-17 10:24:22,"cmd: SitFlush: Begin","Aurora-1",2026-07-12 10:24:22
2026-07-17 10:21:02,"cmd: SitFlush: Begin","Aurora-1",2026-07-12 10:21:02
2026-07-17 10:17:42,"cmd: SitFlush: Begin","Aurora-1",2026-07-12 10:17:42
2026-07-17 10:14:15,"cmd: SitFlush: Begin","Aurora-1",2026-07-12 10:14:15
2026-07-17 10:10:45,"cmd: SitFlush: Begin","Aurora-1",2026-07-12 10:10:45
2026-07-17 10:07:29,"cmd: SitFlush: Begin","Aurora-1",2026-07-12 10:07:29
2026-07-17 10:04:10,"cmd: SitFlush: Begin","Aurora-1",2026-07-12 10:04:10
2026-07-17 10:00:54,"cmd: SitFlush: Begin","Aurora-1",2026-07-12 10:00:54
2026-07-17 09:57:39,"cmd: SitFlush: Begin","Aurora-1",2026-07-12 09:57:39
2026-07-17 09:54:03,"cmd: SitFlush: Begin","Aurora-1",2026-07-12 09:54:03
2026-07-17 09:50:26,"cmd: SitFlush: Begin","Aurora-1",2026-07-12 09:50:26
2026-07-17 09:47:23,"cmd: SitFlush: Begin","Aurora-1",2026-07-12 09:47:23
2026-07-17 09:43:55,"cmd: SitFlush: Begin","Aurora-1",2026-07-12 09:43:55
2026-07-17 09:40:32,"cmd: SitFlush: Begin","Aurora-1",2026-07-12 09:40:32
2026-07-17 09:37:12,"cmd: SitFlush: Begin","Aurora-1",2026-07-12 09:37:12
2026-07-17 09:33:55,"cmd: SitFlush: Begin","Aurora-1",2026-07-12 09:33:55
2026-07-17 09:24:52,"cmd: SitFlush: Begin","Aurora-1",2026-07-12 09:24:52
2026-07-17 09:23:45,"cmd: SitFlush: Begin","Aurora-1",2026-07-12 09:23:45
2026-07-17 09:22:34,"cmd: SitFlush: Begin","Aurora-1",2026-07-12 09:22:34
2026-07-17 09:21:19,"cmd: SitFlush: Begin","Aurora-1",2026-07-12 09:21:19
2026-07-17 09:20:14,"cmd: SitFlush: Begin","Aurora-1",2026-07-12 09:20:14
2026-07-17 09:18:59,"cmd: SitFlush: Begin","Aurora-1",2026-07-12 09:18:59
2026-07-17 09:17:56,"cmd: SitFlush: Begin","Aurora-1",2026-07-12 09:17:56
2026-07-17 09:17:00,"cmd: SitFlush: Begin","Aurora-1",2026-07-12 09:17:00
2026-07-17 09:16:11,"cmd: SitFlush: Begin","Aurora-1",2026-07-12 09:16:11
2026-07-17 09:15:20,"cmd: SitFlush: Begin","Aurora-1",2026-07-12 09:15:20
2026-07-17 08:48:40,"cmd: SitFlush: Begin","Aurora-1",2026-07-12 08:48:40
2026-07-17 08:34:12,"cmd: SitFlush: Begin","Aurora-1",2026-07-12 08:34:12
2026-07-16 19:07:20,"cmd: SitFlush: Begin","Aurora-1",2026-07-12 19:07:20
2026-07-16 19:06:43,"cmd: SitFlush: Begin","Aurora-1",2026-07-12 19:06:43
2026-07-16 19:04:56,"cmd: SitFlush: Begin","Aurora-1",2026-07-12 19:04:56
2026-07-16 19:03:23,"cmd: SitFlush: Begin","Aurora-1",2026-07-12 19:03:23
2026-07-16 19:02:00,"cmd: SitFlush: Begin","Aurora-1",2026-07-12 19:02:00
2026-07-16 19:00:49,"cmd: SitFlush: Begin","Aurora-1",2026-07-12 19:00:49
2026-07-16 18:59:35,"cmd: SitFlush: Begin","Aurora-1",2026-07-12 18:59:35
2026-07-16 18:56:17,"cmd: SitFlush: Begin","Aurora-1",2026-07-12 18:56:17
2026-07-16 18:55:38,"cmd: SitFlush: Begin","Aurora-1",2026-07-12 18:55:38
2026-07-16 18:54:55,"cmd: SitFlush: Begin","Aurora-1",2026-07-12 18:54:55
2026-07-16 18:54:16,"cmd: SitFlush: Begin","Aurora-1",2026-07-12 18:54:16
2026-07-16 18:53:32,"cmd: SitFlush: Begin","Aurora-1",2026-07-12 18:53:32
2026-07-16 18:52:50,"cmd: SitFlush: Begin","Aurora-1",2026-07-12 18:52:50
2026-07-16 18:50:33,"cmd: SitFlush: Begin","Aurora-1",2026-07-12 18:50:33
2026-07-16 18:50:06,"cmd: SitFlush: Begin","Aurora-1",2026-07-12 18:50:06
2026-07-16 18:49:14,"cmd: SitFlush: Begin","Aurora-1",2026-07-12 18:49:14
2026-07-16 18:47:58,"cmd: SitFlush: Begin","Aurora-1",2026-07-12 18:47:58
2026-07-16 18:46:57,"cmd: SitFlush: Begin","Aurora-1",2026-07-12 18:46:57
2026-07-16 18:46:09,"cmd: SitFlush: Begin","Aurora-1",2026-07-12 18:46:09
2026-07-16 18:45:24,"cmd: SitFlush: Begin","Aurora-1",2026-07-12 18:45:24
2026-07-16 18:44:40,"cmd: SitFlush: Begin","Aurora-1",2026-07-12 18:44:40
2026-07-16 18:43:51,"cmd: SitFlush: Begin","Aurora-1",2026-07-12 18:43:51
2026-07-16 18:42:09,"cmd: SitFlush: Begin","Aurora-1",2026-07-12 18:42:09
2026-07-16 18:41:27,"cmd: SitFlush: Begin","Aurora-1",2026-07-12 18:41:27
2026-07-16 18:40:43,"cmd: SitFlush: Begin","Aurora-1",2026-07-12 18:40:43
2026-07-16 18:31:17,"cmd: SitFlush: Begin","Aurora-1",2026-07-12 18:31:17
2026-07-16 18:30:09,"cmd: SitFlush: Begin","Aurora-1",2026-07-12 18:30:09
2026-07-16 18:29:02,"cmd: SitFlush: Begin","Aurora-1",2026-07-12 18:29:02
2026-07-16 18:27:57,"cmd: SitFlush: Begin","Aurora-1",2026-07-12 18:27:57
2026-07-16 18:26:49,"cmd: SitFlush: Begin","Aurora-1",2026-07-12 18:26:49
2026-07-16 18:25:41,"cmd: SitFlush: Begin","Aurora-1",2026-07-12 18:25:41
2026-07-16 18:24:34,"cmd: SitFlush: Begin","Aurora-1",2026-07-12 18:24:34
2026-07-16 18:23:26,"cmd: SitFlush: Begin","Aurora-1",2026-07-12 18:23:26
2026-07-16 18:22:19,"cmd: SitFlush: Begin","Aurora-1",2026-07-12 18:22:19
2026-07-16 18:21:16,"cmd: SitFlush: Begin","Aurora-1",2026-07-12 18:21:16
2026-07-16 18:20:08,"cmd: SitFlush: Begin","Aurora-1",2026-07-12 18:20:08
2026-07-16 18:19:02,"cmd: SitFlush: Begin","Aurora-1",2026-07-12 18:19:02
2026-07-16 18:17:55,"cmd: SitFlush: Begin","Aurora-1",2026-07-12 18:17:55
2026-07-16 18:16:48,"cmd: SitFlush: Begin","Aurora-1",2026-07-12 18:16:48
2026-07-16 18:15:41,"cmd: SitFlush: Begin","Aurora-1",2026-07-12 18:15:41
2026-07-16 18:14:34,"cmd: SitFlush: Begin","Aurora-1",2026-07-12 18:14:34
2026-07-16 18:13:26,"cmd: SitFlush: Begin","Aurora-1",2026-07-12 18:13:26
2026-07-16 18:12:20,"cmd: SitFlush: Begin","Aurora-1",2026-07-12 18:12:20
2026-07-16 18:11:13,"cmd: SitFlush: Begin","Aurora-1",2026-07-12 18:11:13
2026-07-16 18:10:14,"cmd: SitFlush: Begin","Aurora-1",2026-07-12 18:10:14
2026-07-16 18:09:07,"cmd: SitFlush: Begin","Aurora-1",2026-07-12 18:09:07
2026-07-16 18:08:00,"cmd: SitFlush: Begin","Aurora-1",2026-07-12 18:08:00
2026-07-16 18:06:52,"cmd: SitFlush: Begin","Aurora-1",2026-07-12 18:06:52
2026-07-16 18:05:45,"cmd: SitFlush: Begin","Aurora-1",2026-07-12 18:05:45
2026-07-16 18:04:37,"cmd: SitFlush: Begin","Aurora-1",2026-07-12 18:04:37
2026-07-16 18:03:30,"cmd: SitFlush: Begin","Aurora-1",2026-07-12 18:03:30
2026-07-16 18:02:22,"cmd: SitFlush: Begin","Aurora-1",2026-07-12 18:02:22
2026-07-16 18:01:15,"cmd: SitFlush: Begin","Aurora-1",2026-07-12 18:01:15
2026-07-16 18:00:08,"cmd: SitFlush: Begin","Aurora-1",2026-07-12 18:00:08
2026-07-16 17:59:05,"cmd: SitFlush: Begin","Aurora-1",2026-07-12 17:59:05
2026-07-16 17:57:58,"cmd: SitFlush: Begin","Aurora-1",2026-07-12 17:57:58
2026-07-16 17:56:51,"cmd: SitFlush: Begin","Aurora-1",2026-07-12 17:56:51
2026-07-16 17:55:43,"cmd: SitFlush: Begin","Aurora-1",2026-07-12 17:55:43
2026-07-16 17:54:36,"cmd: SitFlush: Begin","Aurora-1",2026-07-12 17:54:36
2026-07-16 17:53:29,"cmd: SitFlush: Begin","Aurora-1",2026-07-12 17:53:29
2026-07-16 17:52:21,"cmd: SitFlush: Begin","Aurora-1",2026-07-12 17:52:21
2026-07-16 17:51:14,"cmd: SitFlush: Begin","Aurora-1",2026-07-12 17:51:14
2026-07-16 17:50:06,"cmd: SitFlush: Begin","Aurora-1",2026-07-12 17:50:06
2026-07-16 17:49:20,"cmd: SitFlush: Begin","Aurora-1",2026-07-12 17:49:20
2026-07-16 17:48:41,"cmd: SitFlush: Begin","Aurora-1",2026-07-12 17:48:41
2026-07-16 17:47:33,"cmd: SitFlush: Begin","Aurora-1",2026-07-12 17:47:33
2026-07-16 17:46:26,"cmd: SitFlush: Begin","Aurora-1",2026-07-12 17:46:26
2026-07-16 17:45:19,"cmd: SitFlush: Begin","Aurora-1",2026-07-12 17:45:19
2026-07-16 17:44:11,"cmd: SitFlush: Begin","Aurora-1",2026-07-12 17:44:11
2026-07-16 17:43:04,"cmd: SitFlush: Begin","Aurora-1",2026-07-12 17:43:04
2026-07-16 17:41:56,"cmd: SitFlush: Begin","Aurora-1",2026-07-12 17:41:56
2026-07-16 17:40:47,"cmd: SitFlush: Begin","Aurora-1",2026-07-12 17:40:47
2026-07-16 17:39:40,"cmd: SitFlush: Begin","Aurora-1",2026-07-12 17:39:40
2026-07-16 17:38:53,"cmd: SitFlush: Begin","Aurora-1",2026-07-12 17:38:53
2026-07-16 17:38:15,"cmd: SitFlush: Begin","Aurora-1",2026-07-12 17:38:15
2026-07-16 17:37:07,"cmd: SitFlush: Begin","Aurora-1",2026-07-12 17:37:07
2026-07-16 17:35:59,"cmd: SitFlush: Begin","Aurora-1",2026-07-12 17:35:59
2026-07-16 17:34:50,"cmd: SitFlush: Begin","Aurora-1",2026-07-12 17:34:50
2026-07-16 17:33:41,"cmd: SitFlush: Begin","Aurora-1",2026-07-12 17:33:41
2026-07-16 17:32:32,"cmd: SitFlush: Begin","Aurora-1",2026-07-12 17:32:32
2026-07-16 17:31:24,"cmd: SitFlush: Begin","Aurora-1",2026-07-12 17:31:24
2026-07-16 17:30:14,"cmd: SitFlush: Begin","Aurora-1",2026-07-12 17:30:14
2026-07-16 17:29:05,"cmd: SitFlush: Begin","Aurora-1",2026-07-12 17:29:05
2026-07-16 17:28:17,"cmd: SitFlush: Begin","Aurora-1",2026-07-12 17:28:17
2026-07-16 17:24:32,"cmd: SitFlush: Begin","Aurora-1",2026-07-12 17:24:32
2026-07-16 17:23:25,"cmd: SitFlush: Begin","Aurora-1",2026-07-12 17:23:25
2026-07-16 17:22:17,"cmd: SitFlush: Begin","Aurora-1",2026-07-12 17:22:17
2026-07-16 17:21:10,"cmd: SitFlush: Begin","Aurora-1",2026-07-12 17:21:10
2026-07-16 17:16:32,"cmd: SitFlush: Begin","Aurora-1",2026-07-12 17:16:32
2026-07-16 17:15:24,"cmd: SitFlush: Begin","Aurora-1",2026-07-12 17:15:24
2026-07-16 17:14:13,"cmd: SitFlush: Begin","Aurora-1",2026-07-12 17:14:13
2026-07-16 17:13:06,"cmd: SitFlush: Begin","Aurora-1",2026-07-12 17:13:06
2026-07-16 17:11:58,"cmd: SitFlush: Begin","Aurora-1",2026-07-12 17:11:58
2026-07-16 17:10:51,"cmd: SitFlush: Begin","Aurora-1",2026-07-12 17:10:51
2026-07-16 17:09:44,"cmd: SitFlush: Begin","Aurora-1",2026-07-12 17:09:44
2026-07-16 17:08:34,"cmd: SitFlush: Begin","Aurora-1",2026-07-12 17:08:34
2026-07-16 17:07:26,"cmd: SitFlush: Begin","Aurora-1",2026-07-12 17:07:26
2026-07-16 17:06:18,"cmd: SitFlush: Begin","Aurora-1",2026-07-12 17:06:18
2026-07-16 17:05:11,"cmd: SitFlush: Begin","Aurora-1",2026-07-12 17:05:11
2026-07-16 17:04:05,"cmd: SitFlush: Begin","Aurora-1",2026-07-12 17:04:05
2026-07-16 17:02:57,"cmd: SitFlush: Begin","Aurora-1",2026-07-12 17:02:57
2026-07-16 17:01:49,"cmd: SitFlush: Begin","Aurora-1",2026-07-12 17:01:49
2026-07-16 17:00:41,"cmd: SitFlush: Begin","Aurora-1",2026-07-12 17:00:41
2026-07-16 16:59:33,"cmd: SitFlush: Begin","Aurora-1",2026-07-12 16:59:33
2026-07-16 16:58:25,"cmd: SitFlush: Begin","Aurora-1",2026-07-12 16:58:25
2026-07-16 16:57:19,"cmd: SitFlush: Begin","Aurora-1",2026-07-12 16:57:19
2026-07-16 16:56:11,"cmd: SitFlush: Begin","Aurora-1",2026-07-12 16:56:11
2026-07-16 16:55:02,"cmd: SitFlush: Begin","Aurora-1",2026-07-12 16:55:02
2026-07-16 16:53:55,"cmd: SitFlush: Begin","Aurora-1",2026-07-12 16:53:55
2026-07-16 16:52:48,"cmd: SitFlush: Begin","Aurora-1",2026-07-12 16:52:48
2026-07-16 16:51:41,"cmd: SitFlush: Begin","Aurora-1",2026-07-12 16:51:41
2026-07-16 16:50:33,"cmd: SitFlush: Begin","Aurora-1",2026-07-12 16:50:33
2026-07-16 16:49:26,"cmd: SitFlush: Begin","Aurora-1",2026-07-12 16:49:26
2026-07-16 16:48:19,"cmd: SitFlush: Begin","Aurora-1",2026-07-12 16:48:19
2026-07-16 16:47:11,"cmd: SitFlush: Begin","Aurora-1",2026-07-12 16:47:11
2026-07-16 16:46:03,"cmd: SitFlush: Begin","Aurora-1",2026-07-12 16:46:03
2026-07-16 16:44:57,"cmd: SitFlush: Begin","Aurora-1",2026-07-12 16:44:57
2026-07-16 16:43:49,"cmd: SitFlush: Begin","Aurora-1",2026-07-12 16:43:49
2026-07-16 16:42:42,"cmd: SitFlush: Begin","Aurora-1",2026-07-12 16:42:42
2026-07-16 16:41:34,"cmd: SitFlush: Begin","Aurora-1",2026-07-12 16:41:34
2026-07-16 16:40:27,"cmd: SitFlush: Begin","Aurora-1",2026-07-12 16:40:27
2026-07-16 16:39:20,"cmd: SitFlush: Begin","Aurora-1",2026-07-12 16:39:20
2026-07-16 16:38:13,"cmd: SitFlush: Begin","Aurora-1",2026-07-12 16:38:13
2026-07-16 16:37:06,"cmd: SitFlush: Begin","Aurora-1",2026-07-12 16:37:06
2026-07-16 16:35:59,"cmd: SitFlush: Begin","Aurora-1",2026-07-12 16:35:59
2026-07-16 16:34:52,"cmd: SitFlush: Begin","Aurora-1",2026-07-12 16:34:52
2026-07-16 16:33:44,"cmd: SitFlush: Begin","Aurora-1",2026-07-12 16:33:44
2026-07-16 16:32:37,"cmd: SitFlush: Begin","Aurora-1",2026-07-12 16:32:37
2026-07-16 16:31:30,"cmd: SitFlush: Begin","Aurora-1",2026-07-12 16:31:30
2026-07-16 16:30:22,"cmd: SitFlush: Begin","Aurora-1",2026-07-12 16:30:22
2026-07-16 16:29:15,"cmd: SitFlush: Begin","Aurora-1",2026-07-12 16:29:15
2026-07-16 16:28:06,"cmd: SitFlush: Begin","Aurora-1",2026-07-12 16:28:06
2026-07-16 16:27:00,"cmd: SitFlush: Begin","Aurora-1",2026-07-12 16:27:00
2026-07-16 16:25:53,"cmd: SitFlush: Begin","Aurora-1",2026-07-12 16:25:53
2026-07-16 16:24:45,"cmd: SitFlush: Begin","Aurora-1",2026-07-12 16:24:45
2026-07-16 16:23:38,"cmd: SitFlush: Begin","Aurora-1",2026-07-12 16:23:38
2026-07-16 16:22:31,"cmd: SitFlush: Begin","Aurora-1",2026-07-12 16:22:31
2026-07-16 16:21:24,"cmd: SitFlush: Begin","Aurora-1",2026-07-12 16:21:24
2026-07-16 16:18:54,"cmd: SitFlush: Begin","Aurora-1",2026-07-12 16:18:54
2026-07-16 16:17:44,"cmd: SitFlush: Begin","Aurora-1",2026-07-12 16:17:44
2026-07-16 16:16:33,"cmd: SitFlush: Begin","Aurora-1",2026-07-12 16:16:33
2026-07-16 16:15:23,"cmd: SitFlush: Begin","Aurora-1",2026-07-12 16:15:23
2026-07-16 16:14:20,"cmd: SitFlush: Begin","Aurora-1",2026-07-12 16:14:20
2026-07-16 16:13:08,"cmd: SitFlush: Begin","Aurora-1",2026-07-12 16:13:08
2026-07-16 16:11:59,"cmd: SitFlush: Begin","Aurora-1",2026-07-12 16:11:59
2026-07-16 16:10:49,"cmd: SitFlush: Begin","Aurora-1",2026-07-12 16:10:49
2026-07-16 16:09:38,"cmd: SitFlush: Begin","Aurora-1",2026-07-12 16:09:38
2026-07-16 16:08:28,"cmd: SitFlush: Begin","Aurora-1",2026-07-12 16:08:28
2026-07-16 16:07:16,"cmd: SitFlush: Begin","Aurora-1",2026-07-12 16:07:16
2026-07-16 16:06:05,"cmd: SitFlush: Begin","Aurora-1",2026-07-12 16:06:05
2026-07-16 16:04:54,"cmd: SitFlush: Begin","Aurora-1",2026-07-12 16:04:54
2026-07-16 16:02:31,"cmd: SitFlush: Begin","Aurora-1",2026-07-12 16:02:31
2026-07-16 16:01:04,"cmd: SitFlush: Begin","Aurora-1",2026-07-12 16:01:04
2026-07-16 16:00:00,"cmd: SitFlush: Begin","Aurora-1",2026-07-12 16:00:00
2026-07-16 15:57:51,"cmd: SitFlush: Begin","Aurora-1",2026-07-12 15:57:51
2026-07-16 15:54:07,"cmd: SitFlush: Begin","Aurora-1",2026-07-12 15:54:07
2026-07-16 15:40:49,"cmd: SitFlush: Begin","Aurora-1",2026-07-12 15:40:49
2026-07-16 15:29:43,"cmd: SitFlush: Begin","Aurora-1",2026-07-12 15:29:43
2026-07-16 15:28:24,"cmd: SitFlush: Begin","Aurora-1",2026-07-12 15:28:24
2026-07-16 15:27:21,"cmd: SitFlush: Begin","Aurora-1",2026-07-12 15:27:21
2026-07-16 15:26:06,"cmd: SitFlush: Begin","Aurora-1",2026-07-12 15:26:06
2026-07-16 15:24:42,"cmd: SitFlush: Begin","Aurora-1",2026-07-12 15:24:42
2026-07-16 15:23:25,"cmd: SitFlush: Begin","Aurora-1",2026-07-12 15:23:25
2026-07-16 15:22:35,"cmd: SitFlush: Begin","Aurora-1",2026-07-12 15:22:35
2026-07-16 15:21:48,"cmd: SitFlush: Begin","Aurora-1",2026-07-12 15:21:48
2026-07-16 15:20:53,"cmd: SitFlush: Begin","Aurora-1",2026-07-12 15:20:53
2026-07-16 14:52:41,"cmd: SitFlush: Begin","Aurora-1",2026-07-12 14:52:41
2026-07-16 14:48:52,"cmd: SitFlush: Begin","Aurora-1",2026-07-12 14:48:52
2026-07-16 14:45:02,"cmd: SitFlush: Begin","Aurora-1",2026-07-12 14:45:02
2026-07-16 14:41:12,"cmd: SitFlush: Begin","Aurora-1",2026-07-12 14:41:12
2026-07-16 14:37:23,"cmd: SitFlush: Begin","Aurora-1",2026-07-12 14:37:23
2026-07-16 14:33:33,"cmd: SitFlush: Begin","Aurora-1",2026-07-12 14:33:33
2026-07-16 14:28:15,"cmd: SitFlush: Begin","Aurora-1",2026-07-12 14:28:15
2026-07-16 14:17:56,"cmd: SitFlush: Begin","Aurora-1",2026-07-12 14:17:56
2026-07-16 14:08:22,"cmd: SitFlush: Begin","Aurora-1",2026-07-12 14:08:22
2026-07-16 13:59:43,"cmd: SitFlush: Begin","Aurora-1",2026-07-12 13:59:43
2026-07-16 13:59:06,"cmd: SitFlush: Begin","Aurora-1",2026-07-12 13:59:06
2026-07-16 13:58:21,"cmd: SitFlush: Begin","Aurora-1",2026-07-12 13:58:21
2026-07-16 13:57:46,"cmd: SitFlush: Begin","Aurora-1",2026-07-12 13:57:46
2026-07-16 13:57:11,"cmd: SitFlush: Begin","Aurora-1",2026-07-12 13:57:11
2026-07-16 13:56:37,"cmd: SitFlush: Begin","Aurora-1",2026-07-12 13:56:37
2026-07-16 13:56:00,"cmd: SitFlush: Begin","Aurora-1",2026-07-12 13:56:00
2026-07-16 13:55:22,"cmd: SitFlush: Begin","Aurora-1",2026-07-12 13:55:22
2026-07-16 13:54:47,"cmd: SitFlush: Begin","Aurora-1",2026-07-12 13:54:47
2026-07-16 13:54:10,"cmd: SitFlush: Begin","Aurora-1",2026-07-12 13:54:10
2026-07-16 13:53:29,"cmd: SitFlush: Begin","Aurora-1",2026-07-12 13:53:29
2026-07-16 13:52:58,"cmd: SitFlush: Begin","Aurora-1",2026-07-12 13:52:58
2026-07-16 13:52:26,"cmd: SitFlush: Begin","Aurora-1",2026-07-12 13:52:26
2026-07-16 13:51:56,"cmd: SitFlush: Begin","Aurora-1",2026-07-12 13:51:56
2026-07-16 13:51:19,"cmd: SitFlush: Begin","Aurora-1",2026-07-12 13:51:19
2026-07-16 13:50:40,"cmd: SitFlush: Begin","Aurora-1",2026-07-12 13:50:40
2026-07-16 13:50:00,"cmd: SitFlush: Begin","Aurora-1",2026-07-12 13:50:00
2026-07-16 13:49:21,"cmd: SitFlush: Begin","Aurora-1",2026-07-12 13:49:21
2026-07-16 13:48:41,"cmd: SitFlush: Begin","Aurora-1",2026-07-12 13:48:41
2026-07-16 13:48:00,"cmd: SitFlush: Begin","Aurora-1",2026-07-12 13:48:00
2026-07-16 13:47:22,"cmd: SitFlush: Begin","Aurora-1",2026-07-12 13:47:22
2026-07-16 13:46:42,"cmd: SitFlush: Begin","Aurora-1",2026-07-12 13:46:42
2026-07-16 13:31:43,"cmd: SitFlush: Begin","Aurora-1",2026-07-12 13:31:43
2026-07-16 13:25:35,"cmd: SitFlush: Begin","Aurora-1",2026-07-12 13:25:35
2026-07-16 13:23:34,"cmd: SitFlush: Begin","Aurora-1",2026-07-12 13:23:34
2026-07-16 11:05:21,"cmd: SitFlush: Begin","Aurora-1",2026-07-12 11:05:21
2026-07-16 11:00:02,"cmd: SitFlush: Begin","Aurora-1",2026-07-12 11:00:02
2026-07-16 10:50:49,"cmd: SitFlush: Begin","Aurora-1",2026-07-12 10:50:49
2026-07-16 10:41:56,"cmd: SitFlush: Begin","Aurora-1",2026-07-12 10:41:56
2026-07-16 10:39:55,"cmd: SitFlush: Begin","Aurora-1",2026-07-12 10:39:55
2026-07-16 10:38:57,"cmd: SitFlush: Begin","Aurora-1",2026-07-12 10:38:57
2026-07-16 10:23:46,"cmd: SitFlush: Begin","Aurora-1",2026-07-12 10:23:46
2026-07-16 10:23:08,"cmd: SitFlush: Begin","Aurora-1",2026-07-12 10:23:08
2026-07-16 10:22:25,"cmd: SitFlush: Begin","Aurora-1",2026-07-12 10:22:25
2026-07-16 10:21:46,"cmd: SitFlush: Begin","Aurora-1",2026-07-12 10:21:46
2026-07-16 10:21:11,"cmd: SitFlush: Begin","Aurora-1",2026-07-12 10:21:11
2026-07-16 10:20:35,"cmd: SitFlush: Begin","Aurora-1",2026-07-12 10:20:35
2026-07-16 10:19:59,"cmd: SitFlush: Begin","Aurora-1",2026-07-12 10:19:59
2026-07-16 10:19:22,"cmd: SitFlush: Begin","Aurora-1",2026-07-12 10:19:22
2026-07-16 10:18:34,"cmd: SitFlush: Begin","Aurora-1",2026-07-12 10:18:34
2026-07-16 10:17:57,"cmd: SitFlush: Begin","Aurora-1",2026-07-12 10:17:57
2026-07-16 10:15:58,"cmd: SitFlush: Begin","Aurora-1",2026-07-12 10:15:58
2026-07-16 10:14:40,"cmd: SitFlush: Begin","Aurora-1",2026-07-12 10:14:40
2026-07-16 09:59:07,"cmd: SitFlush: Begin","Aurora-1",2026-07-12 09:59:07
2026-07-16 09:55:42,"cmd: SitFlush: Begin","Aurora-1",2026-07-12 09:55:42
2026-07-16 09:53:23,"cmd: SitFlush: Begin","Aurora-1",2026-07-12 09:53:23
2026-07-16 09:51:55,"cmd: SitFlush: Begin","Aurora-1",2026-07-12 09:51:55
2026-07-16 09:49:37,"cmd: SitFlush: Begin","Aurora-1",2026-07-12 09:49:37
2026-07-16 09:47:41,"cmd: SitFlush: Begin","Aurora-1",2026-07-12 09:47:41
2026-07-16 09:46:19,"cmd: SitFlush: Begin","Aurora-1",2026-07-12 09:46:19
2026-07-16 09:44:40,"cmd: SitFlush: Begin","Aurora-1",2026-07-12 09:44:40
2026-07-16 09:43:17,"cmd: SitFlush: Begin","Aurora-1",2026-07-12 09:43:17
2026-07-16 09:41:51,"cmd: SitFlush: Begin","Aurora-1",2026-07-12 09:41:51
2026-07-16 09:40:07,"cmd: SitFlush: Begin","Aurora-1",2026-07-12 09:40:07
2026-07-16 09:38:42,"cmd: SitFlush: Begin","Aurora-1",2026-07-12 09:38:42
2026-07-16 09:36:49,"cmd: SitFlush: Begin","Aurora-1",2026-07-12 09:36:49
2026-07-16 09:35:28,"cmd: SitFlush: Begin","Aurora-1",2026-07-12 09:35:28
2026-07-16 09:33:55,"cmd: SitFlush: Begin","Aurora-1",2026-07-12 09:33:55
2026-07-16 09:32:35,"cmd: SitFlush: Begin","Aurora-1",2026-07-12 09:32:35
2026-07-16 09:31:08,"cmd: SitFlush: Begin","Aurora-1",2026-07-12 09:31:08
2026-07-16 09:28:56,"cmd: SitFlush: Begin","Aurora-1",2026-07-12 09:28:56
2026-07-16 09:27:34,"cmd: SitFlush: Begin","Aurora-1",2026-07-12 09:27:34
2026-07-16 09:25:36,"cmd: SitFlush: Begin","Aurora-1",2026-07-12 09:25:36
2026-07-16 09:23:57,"cmd: SitFlush: Begin","Aurora-1",2026-07-12 09:23:57
2026-07-16 08:29:17,"cmd: SitFlush: Begin","Aurora-1",2026-07-12 08:29:17
2026-07-16 08:24:32,"cmd: SitFlush: Begin","Aurora-1",2026-07-12 08:24:32
2026-07-15 20:19:46,"cmd: SitFlush: Begin","Aurora-1",2026-07-12 20:19:46
2026-07-15 20:16:22,"cmd: SitFlush: Begin","Aurora-1",2026-07-12 20:16:22
2026-07-15 20:13:40,"cmd: SitFlush: Begin","Aurora-1",2026-07-12 20:13:40
2026-07-15 20:11:50,"cmd: SitFlush: Begin","Aurora-1",2026-07-12 20:11:50
2026-07-15 20:08:23,"cmd: SitFlush: Begin","Aurora-1",2026-07-12 20:08:23
2026-07-15 20:06:20,"cmd: SitFlush: Begin","Aurora-1",2026-07-12 20:06:20
2026-07-15 20:03:48,"cmd: SitFlush: Begin","Aurora-1",2026-07-12 20:03:48
2026-07-15 19:59:36,"cmd: SitFlush: Begin","Aurora-1",2026-07-12 19:59:36
2026-07-15 19:57:33,"cmd: SitFlush: Begin","Aurora-1",2026-07-12 19:57:33
2026-07-15 19:53:09,"cmd: SitFlush: Begin","Aurora-1",2026-07-12 19:53:09
2026-07-15 19:51:25,"cmd: SitFlush: Begin","Aurora-1",2026-07-12 19:51:25
2026-07-15 19:49:20,"cmd: SitFlush: Begin","Aurora-1",2026-07-12 19:49:20
2026-07-15 19:45:57,"cmd: SitFlush: Begin","Aurora-1",2026-07-12 19:45:57
2026-07-15 19:40:49,"cmd: SitFlush: Begin","Aurora-1",2026-07-12 19:40:49
2026-07-15 19:38:28,"cmd: SitFlush: Begin","Aurora-1",2026-07-12 19:38:28
2026-07-15 19:35:02,"cmd: SitFlush: Begin","Aurora-1",2026-07-12 19:35:02
2026-07-15 19:31:06,"cmd: SitFlush: Begin","Aurora-1",2026-07-12 19:31:06
2026-07-15 19:28:55,"cmd: SitFlush: Begin","Aurora-1",2026-07-12 19:28:55
2026-07-15 19:25:57,"cmd: SitFlush: Begin","Aurora-1",2026-07-12 19:25:57
2026-07-15 19:22:04,"cmd: SitFlush: Begin","Aurora-1",2026-07-12 19:22:04
2026-07-15 19:19:23,"cmd: SitFlush: Begin","Aurora-1",2026-07-12 19:19:23
2026-07-15 19:16:12,"cmd: SitFlush: Begin","Aurora-1",2026-07-12 19:16:12
2026-07-15 19:13:20,"cmd: SitFlush: Begin","Aurora-1",2026-07-12 19:13:20
2026-07-15 19:10:12,"cmd: SitFlush: Begin","Aurora-1",2026-07-12 19:10:12
2026-07-15 19:08:34,"cmd: SitFlush: Begin","Aurora-1",2026-07-12 19:08:34
2026-07-15 19:03:43,"cmd: SitFlush: Begin","Aurora-1",2026-07-12 19:03:43
2026-07-15 18:54:29,"cmd: SitFlush: Begin","Aurora-1",2026-07-12 18:54:29
2026-07-15 18:53:48,"cmd: SitFlush: Begin","Aurora-1",2026-07-12 18:53:48
2026-07-15 18:53:10,"cmd: SitFlush: Begin","Aurora-1",2026-07-12 18:53:10
2026-07-15 18:52:31,"cmd: SitFlush: Begin","Aurora-1",2026-07-12 18:52:31
2026-07-15 18:51:54,"cmd: SitFlush: Begin","Aurora-1",2026-07-12 18:51:54
2026-07-15 18:51:17,"cmd: SitFlush: Begin","Aurora-1",2026-07-12 18:51:17
2026-07-15 18:50:40,"cmd: SitFlush: Begin","Aurora-1",2026-07-12 18:50:40
2026-07-15 18:50:00,"cmd: SitFlush: Begin","Aurora-1",2026-07-12 18:50:00
2026-07-15 18:49:19,"cmd: SitFlush: Begin","Aurora-1",2026-07-12 18:49:19
2026-07-15 18:48:41,"cmd: SitFlush: Begin","Aurora-1",2026-07-12 18:48:41
2026-07-15 18:48:03,"cmd: SitFlush: Begin","Aurora-1",2026-07-12 18:48:03
2026-07-15 18:47:26,"cmd: SitFlush: Begin","Aurora-1",2026-07-12 18:47:26
2026-07-15 18:46:46,"cmd: SitFlush: Begin","Aurora-1",2026-07-12 18:46:46
2026-07-15 18:46:08,"cmd: SitFlush: Begin","Aurora-1",2026-07-12 18:46:08
2026-07-15 18:45:29,"cmd: SitFlush: Begin","Aurora-1",2026-07-12 18:45:29
2026-07-15 18:44:52,"cmd: SitFlush: Begin","Aurora-1",2026-07-12 18:44:52
2026-07-15 18:44:05,"cmd: SitFlush: Begin","Aurora-1",2026-07-12 18:44:05
2026-07-15 18:42:37,"cmd: SitFlush: Begin","Aurora-1",2026-07-12 18:42:37
2026-07-15 18:41:25,"cmd: SitFlush: Begin","Aurora-1",2026-07-12 18:41:25
2026-07-15 18:40:16,"cmd: SitFlush: Begin","Aurora-1",2026-07-12 18:40:16
2026-07-15 18:39:39,"cmd: SitFlush: Begin","Aurora-1",2026-07-12 18:39:39
2026-07-15 18:38:17,"cmd: SitFlush: Begin","Aurora-1",2026-07-12 18:38:17
2026-07-15 18:36:15,"cmd: SitFlush: Begin","Aurora-1",2026-07-12 18:36:15
2026-07-15 18:35:38,"cmd: SitFlush: Begin","Aurora-1",2026-07-12 18:35:38
2026-07-15 18:34:46,"cmd: SitFlush: Begin","Aurora-1",2026-07-12 18:34:46
2026-07-15 18:34:14,"cmd: SitFlush: Begin","Aurora-1",2026-07-12 18:34:14
2026-07-15 18:32:35,"cmd: SitFlush: Begin","Aurora-1",2026-07-12 18:32:35
2026-07-15 18:31:29,"cmd: SitFlush: Begin","Aurora-1",2026-07-12 18:31:29
2026-07-15 18:30:31,"cmd: SitFlush: Begin","Aurora-1",2026-07-12 18:30:31
2026-07-15 18:27:09,"cmd: SitFlush: Begin","Aurora-1",2026-07-12 18:27:09
2026-07-15 14:48:17,"cmd: SitFlush: Begin","Aurora-1",2026-07-12 14:48:17
2026-07-15 14:44:06,"cmd: SitFlush: Begin","Aurora-1",2026-07-12 14:44:06
2026-07-15 14:37:08,"cmd: SitFlush: Begin","Aurora-1",2026-07-12 14:37:08
2026-07-15 14:34:57,"cmd: SitFlush: Begin","Aurora-1",2026-07-12 14:34:57
2026-07-15 14:29:45,"cmd: SitFlush: Begin","Aurora-1",2026-07-12 14:29:45
2026-07-15 14:26:34,"cmd: SitFlush: Begin","Aurora-1",2026-07-12 14:26:34
2026-07-15 14:24:51,"cmd: SitFlush: Begin","Aurora-1",2026-07-12 14:24:51
2026-07-15 14:23:50,"cmd: SitFlush: Begin","Aurora-1",2026-07-12 14:23:50
2026-07-15 14:21:56,"cmd: SitFlush: Begin","Aurora-1",2026-07-12 14:21:56
2026-07-15 14:19:21,"cmd: SitFlush: Begin","Aurora-1",2026-07-12 14:19:21
2026-07-15 14:16:16,"cmd: SitFlush: Begin","Aurora-1",2026-07-12 14:16:16
2026-07-15 14:13:34,"cmd: SitFlush: Begin","Aurora-1",2026-07-12 14:13:34
2026-07-15 14:07:16,"cmd: SitFlush: Begin","Aurora-1",2026-07-12 14:07:16
2026-07-15 13:54:53,"cmd: SitFlush: Begin","Aurora-1",2026-07-12 13:54:53
2026-07-15 13:53:52,"cmd: SitFlush: Begin","Aurora-1",2026-07-12 13:53:52
2026-07-15 13:52:00,"cmd: SitFlush: Begin","Aurora-1",2026-07-12 13:52:00
2026-07-15 13:51:25,"cmd: SitFlush: Begin","Aurora-1",2026-07-12 13:51:25
2026-07-15 13:50:43,"cmd: SitFlush: Begin","Aurora-1",2026-07-12 13:50:43
2026-07-15 13:44:40,"cmd: SitFlush: Begin","Aurora-1",2026-07-12 13:44:40
2026-07-15 13:42:43,"cmd: SitFlush: Begin","Aurora-1",2026-07-12 13:42:43
2026-07-15 13:41:25,"cmd: SitFlush: Begin","Aurora-1",2026-07-12 13:41:25
2026-07-15 13:40:10,"cmd: SitFlush: Begin","Aurora-1",2026-07-12 13:40:10
2026-07-15 13:39:29,"cmd: SitFlush: Begin","Aurora-1",2026-07-12 13:39:29
2026-07-15 13:37:54,"cmd: SitFlush: Begin","Aurora-1",2026-07-12 13:37:54
2026-07-15 10:49:44,"cmd: SitFlush: Begin","Aurora-1",2026-07-12 10:49:44
2026-07-15 09:40:47,"cmd: SitFlush: Begin","Aurora-1",2026-07-12 09:40:47
2026-07-14 20:18:25,"cmd: SitFlush: Begin","Aurora-1",2026-07-12 20:18:25
2026-07-14 20:17:16,"cmd: SitFlush: Begin","Aurora-1",2026-07-12 20:17:16
2026-07-14 20:16:08,"cmd: SitFlush: Begin","Aurora-1",2026-07-12 20:16:08
2026-07-14 20:15:00,"cmd: SitFlush: Begin","Aurora-1",2026-07-12 20:15:00
2026-07-14 20:13:51,"cmd: SitFlush: Begin","Aurora-1",2026-07-12 20:13:51
2026-07-14 20:12:43,"cmd: SitFlush: Begin","Aurora-1",2026-07-12 20:12:43
2026-07-14 20:11:34,"cmd: SitFlush: Begin","Aurora-1",2026-07-12 20:11:34
2026-07-14 20:10:25,"cmd: SitFlush: Begin","Aurora-1",2026-07-12 20:10:25
2026-07-14 20:09:29,"cmd: SitFlush: Begin","Aurora-1",2026-07-12 20:09:29
2026-07-14 20:08:47,"cmd: SitFlush: Begin","Aurora-1",2026-07-12 20:08:47
2026-07-14 20:07:38,"cmd: SitFlush: Begin","Aurora-1",2026-07-12 20:07:38
2026-07-14 20:06:29,"cmd: SitFlush: Begin","Aurora-1",2026-07-12 20:06:29
2026-07-14 20:05:21,"cmd: SitFlush: Begin","Aurora-1",2026-07-12 20:05:21
2026-07-14 20:04:13,"cmd: SitFlush: Begin","Aurora-1",2026-07-12 20:04:13
2026-07-14 20:03:05,"cmd: SitFlush: Begin","Aurora-1",2026-07-12 20:03:05
2026-07-14 20:01:56,"cmd: SitFlush: Begin","Aurora-1",2026-07-12 20:01:56
2026-07-14 20:00:48,"cmd: SitFlush: Begin","Aurora-1",2026-07-12 20:00:48
2026-07-14 19:59:39,"cmd: SitFlush: Begin","Aurora-1",2026-07-12 19:59:39
2026-07-14 19:58:48,"cmd: SitFlush: Begin","Aurora-1",2026-07-12 19:58:48
2026-07-14 19:58:05,"cmd: SitFlush: Begin","Aurora-1",2026-07-12 19:58:05
2026-07-14 19:56:57,"cmd: SitFlush: Begin","Aurora-1",2026-07-12 19:56:57
2026-07-14 19:55:48,"cmd: SitFlush: Begin","Aurora-1",2026-07-12 19:55:48
2026-07-14 19:54:39,"cmd: SitFlush: Begin","Aurora-1",2026-07-12 19:54:39
2026-07-14 19:53:30,"cmd: SitFlush: Begin","Aurora-1",2026-07-12 19:53:30
2026-07-14 19:52:22,"cmd: SitFlush: Begin","Aurora-1",2026-07-12 19:52:22
2026-07-14 19:51:14,"cmd: SitFlush: Begin","Aurora-1",2026-07-12 19:51:14
2026-07-14 19:50:04,"cmd: SitFlush: Begin","Aurora-1",2026-07-12 19:50:04
2026-07-14 19:48:56,"cmd: SitFlush: Begin","Aurora-1",2026-07-12 19:48:56
2026-07-14 19:48:07,"cmd: SitFlush: Begin","Aurora-1",2026-07-12 19:48:07
2026-07-14 19:47:24,"cmd: SitFlush: Begin","Aurora-1",2026-07-12 19:47:24
2026-07-14 19:46:15,"cmd: SitFlush: Begin","Aurora-1",2026-07-12 19:46:15
2026-07-14 19:45:07,"cmd: SitFlush: Begin","Aurora-1",2026-07-12 19:45:07
2026-07-14 19:43:58,"cmd: SitFlush: Begin","Aurora-1",2026-07-12 19:43:58
2026-07-14 19:42:50,"cmd: SitFlush: Begin","Aurora-1",2026-07-12 19:42:50
2026-07-14 19:41:41,"cmd: SitFlush: Begin","Aurora-1",2026-07-12 19:41:41
2026-07-14 19:40:32,"cmd: SitFlush: Begin","Aurora-1",2026-07-12 19:40:32
2026-07-14 19:39:23,"cmd: SitFlush: Begin","Aurora-1",2026-07-12 19:39:23
2026-07-14 19:38:26,"cmd: SitFlush: Begin","Aurora-1",2026-07-12 19:38:26
2026-07-14 19:37:44,"cmd: SitFlush: Begin","Aurora-1",2026-07-12 19:37:44
2026-07-14 19:37:07,"cmd: SitFlush: Begin","Aurora-1",2026-07-12 19:37:07
2026-07-14 19:35:59,"cmd: SitFlush: Begin","Aurora-1",2026-07-12 19:35:59
2026-07-14 19:34:51,"cmd: SitFlush: Begin","Aurora-1",2026-07-12 19:34:51
2026-07-14 19:33:42,"cmd: SitFlush: Begin","Aurora-1",2026-07-12 19:33:42
2026-07-14 19:32:33,"cmd: SitFlush: Begin","Aurora-1",2026-07-12 19:32:33
2026-07-14 19:31:24,"cmd: SitFlush: Begin","Aurora-1",2026-07-12 19:31:24
2026-07-14 19:30:15,"cmd: SitFlush: Begin","Aurora-1",2026-07-12 19:30:15
2026-07-14 19:29:06,"cmd: SitFlush: Begin","Aurora-1",2026-07-12 19:29:06
2026-07-14 19:28:09,"cmd: SitFlush: Begin","Aurora-1",2026-07-12 19:28:09
2026-07-14 19:27:28,"cmd: SitFlush: Begin","Aurora-1",2026-07-12 19:27:28
2026-07-14 19:26:53,"cmd: SitFlush: Begin","Aurora-1",2026-07-12 19:26:53
2026-07-14 19:24:30,"cmd: SitFlush: Begin","Aurora-1",2026-07-12 19:24:30
2026-07-14 19:22:09,"cmd: SitFlush: Begin","Aurora-1",2026-07-12 19:22:09
2026-07-14 19:19:29,"cmd: SitFlush: Begin","Aurora-1",2026-07-12 19:19:29
2026-07-14 19:18:05,"cmd: SitFlush: Begin","Aurora-1",2026-07-12 19:18:05
2026-07-14 19:15:34,"cmd: SitFlush: Begin","Aurora-1",2026-07-12 19:15:34
2026-07-14 19:13:22,"cmd: SitFlush: Begin","Aurora-1",2026-07-12 19:13:22
2026-07-14 19:11:46,"cmd: SitFlush: Begin","Aurora-1",2026-07-12 19:11:46
2026-07-14 19:10:37,"cmd: SitFlush: Begin","Aurora-1",2026-07-12 19:10:37
2026-07-14 19:09:48,"cmd: SitFlush: Begin","Aurora-1",2026-07-12 19:09:48
2026-07-14 19:05:53,"cmd: SitFlush: Begin","Aurora-1",2026-07-12 19:05:53
2026-07-14 19:03:50,"cmd: SitFlush: Begin","Aurora-1",2026-07-12 19:03:50
2026-07-14 19:02:15,"cmd: SitFlush: Begin","Aurora-1",2026-07-12 19:02:15
2026-07-14 19:00:46,"cmd: SitFlush: Begin","Aurora-1",2026-07-12 19:00:46
2026-07-14 18:59:17,"cmd: SitFlush: Begin","Aurora-1",2026-07-12 18:59:17
2026-07-14 18:57:49,"cmd: SitFlush: Begin","Aurora-1",2026-07-12 18:57:49
2026-07-14 18:56:21,"cmd: SitFlush: Begin","Aurora-1",2026-07-12 18:56:21
2026-07-14 18:54:53,"cmd: SitFlush: Begin","Aurora-1",2026-07-12 18:54:53
2026-07-14 18:51:54,"cmd: SitFlush: Begin","Aurora-1",2026-07-12 18:51:54
2026-07-14 18:50:24,"cmd: SitFlush: Begin","Aurora-1",2026-07-12 18:50:24
2026-07-14 18:48:54,"cmd: SitFlush: Begin","Aurora-1",2026-07-12 18:48:54
2026-07-14 18:47:26,"cmd: SitFlush: Begin","Aurora-1",2026-07-12 18:47:26
2026-07-14 18:45:58,"cmd: SitFlush: Begin","Aurora-1",2026-07-12 18:45:58
2026-07-14 18:43:16,"cmd: SitFlush: Begin","Aurora-1",2026-07-12 18:43:16
2026-07-14 18:41:42,"cmd: SitFlush: Begin","Aurora-1",2026-07-12 18:41:42
2026-07-14 18:40:09,"cmd: SitFlush: Begin","Aurora-1",2026-07-12 18:40:09
2026-07-14 18:38:34,"cmd: SitFlush: Begin","Aurora-1",2026-07-12 18:38:34
2026-07-14 18:36:25,"cmd: SitFlush: Begin","Aurora-1",2026-07-12 18:36:25
2026-07-14 18:34:49,"cmd: SitFlush: Begin","Aurora-1",2026-07-12 18:34:49
2026-07-14 18:32:34,"cmd: SitFlush: Begin","Aurora-1",2026-07-12 18:32:34
2026-07-14 18:31:04,"cmd: SitFlush: Begin","Aurora-1",2026-07-12 18:31:04
2026-07-14 18:29:27,"cmd: SitFlush: Begin","Aurora-1",2026-07-12 18:29:27
2026-07-14 18:27:52,"cmd: SitFlush: Begin","Aurora-1",2026-07-12 18:27:52
2026-07-14 18:26:17,"cmd: SitFlush: Begin","Aurora-1",2026-07-12 18:26:17
2026-07-14 18:24:42,"cmd: SitFlush: Begin","Aurora-1",2026-07-12 18:24:42
2026-07-14 18:23:08,"cmd: SitFlush: Begin","Aurora-1",2026-07-12 18:23:08
2026-07-14 18:21:33,"cmd: SitFlush: Begin","Aurora-1",2026-07-12 18:21:33
2026-07-14 18:19:59,"cmd: SitFlush: Begin","Aurora-1",2026-07-12 18:19:59
2026-07-14 18:18:24,"cmd: SitFlush: Begin","Aurora-1",2026-07-12 18:18:24
2026-07-14 18:16:50,"cmd: SitFlush: Begin","Aurora-1",2026-07-12 18:16:50
2026-07-14 18:14:34,"cmd: SitFlush: Begin","Aurora-1",2026-07-12 18:14:34
2026-07-14 18:13:01,"cmd: SitFlush: Begin","Aurora-1",2026-07-12 18:13:01
2026-07-14 18:11:24,"cmd: SitFlush: Begin","Aurora-1",2026-07-12 18:11:24
2026-07-14 18:09:52,"cmd: SitFlush: Begin","Aurora-1",2026-07-12 18:09:52
2026-07-14 18:08:16,"cmd: SitFlush: Begin","Aurora-1",2026-07-12 18:08:16
2026-07-14 18:06:42,"cmd: SitFlush: Begin","Aurora-1",2026-07-12 18:06:42
2026-07-14 18:05:07,"cmd: SitFlush: Begin","Aurora-1",2026-07-12 18:05:07
2026-07-14 18:03:36,"cmd: SitFlush: Begin","Aurora-1",2026-07-12 18:03:36
2026-07-14 18:02:02,"cmd: SitFlush: Begin","Aurora-1",2026-07-12 18:02:02
2026-07-14 18:00:27,"cmd: SitFlush: Begin","Aurora-1",2026-07-12 18:00:27
2026-07-14 17:58:55,"cmd: SitFlush: Begin","Aurora-1",2026-07-12 17:58:55
2026-07-14 17:56:32,"cmd: SitFlush: Begin","Aurora-1",2026-07-12 17:56:32
2026-07-14 17:54:48,"cmd: SitFlush: Begin","Aurora-1",2026-07-12 17:54:48
2026-07-14 17:53:33,"cmd: SitFlush: Begin","Aurora-1",2026-07-12 17:53:33
2026-07-14 17:51:58,"cmd: SitFlush: Begin","Aurora-1",2026-07-12 17:51:58
2026-07-14 17:50:23,"cmd: SitFlush: Begin","Aurora-1",2026-07-12 17:50:23
2026-07-14 17:48:47,"cmd: SitFlush: Begin","Aurora-1",2026-07-12 17:48:47
2026-07-14 17:47:10,"cmd: SitFlush: Begin","Aurora-1",2026-07-12 17:47:10
2026-07-14 17:45:32,"cmd: SitFlush: Begin","Aurora-1",2026-07-12 17:45:32
2026-07-14 17:43:56,"cmd: SitFlush: Begin","Aurora-1",2026-07-12 17:43:56
2026-07-14 17:42:21,"cmd: SitFlush: Begin","Aurora-1",2026-07-12 17:42:21
2026-07-14 17:40:41,"cmd: SitFlush: Begin","Aurora-1",2026-07-12 17:40:41
2026-07-14 17:39:05,"cmd: SitFlush: Begin","Aurora-1",2026-07-12 17:39:05
2026-07-14 17:37:34,"cmd: SitFlush: Begin","Aurora-1",2026-07-12 17:37:34
2026-07-14 17:35:01,"cmd: SitFlush: Begin","Aurora-1",2026-07-12 17:35:01
2026-07-14 17:32:44,"cmd: SitFlush: Begin","Aurora-1",2026-07-12 17:32:44
2026-07-14 17:31:01,"cmd: SitFlush: Begin","Aurora-1",2026-07-12 17:31:01
2026-07-14 17:28:57,"cmd: SitFlush: Begin","Aurora-1",2026-07-12 17:28:57
2026-07-14 17:27:15,"cmd: SitFlush: Begin","Aurora-1",2026-07-12 17:27:15
2026-07-14 17:25:31,"cmd: SitFlush: Begin","Aurora-1",2026-07-12 17:25:31
2026-07-14 17:20:23,"cmd: SitFlush: Begin","Aurora-1",2026-07-12 17:20:23
2026-07-14 17:18:38,"cmd: SitFlush: Begin","Aurora-1",2026-07-12 17:18:38
2026-07-14 17:15:38,"cmd: SitFlush: Begin","Aurora-1",2026-07-12 17:15:38
2026-07-14 17:08:57,"cmd: SitFlush: Begin","Aurora-1",2026-07-12 17:08:57
2026-07-14 17:07:40,"cmd: SitFlush: Begin","Aurora-1",2026-07-12 17:07:40
2026-07-14 17:04:37,"cmd: SitFlush: Begin","Aurora-1",2026-07-12 17:04:37
2026-07-14 17:03:31,"cmd: SitFlush: Begin","Aurora-1",2026-07-12 17:03:31
2026-07-14 17:02:21,"cmd: SitFlush: Begin","Aurora-1",2026-07-12 17:02:21
2026-07-14 17:01:16,"cmd: SitFlush: Begin","Aurora-1",2026-07-12 17:01:16
2026-07-14 17:00:01,"cmd: SitFlush: Begin","Aurora-1",2026-07-12 17:00:01
2026-07-14 16:57:43,"cmd: SitFlush: Begin","Aurora-1",2026-07-12 16:57:43
2026-07-14 16:55:22,"cmd: SitFlush: Begin","Aurora-1",2026-07-12 16:55:22
2026-07-14 16:54:24,"cmd: SitFlush: Begin","Aurora-1",2026-07-12 16:54:24
2026-07-14 16:53:35,"cmd: SitFlush: Begin","Aurora-1",2026-07-12 16:53:35
2026-07-14 16:52:42,"cmd: SitFlush: Begin","Aurora-1",2026-07-12 16:52:42
2026-07-14 16:51:16,"cmd: SitFlush: Begin","Aurora-1",2026-07-12 16:51:16
2026-07-14 16:17:30,"cmd: SitFlush: Begin","Aurora-1",2026-07-12 16:17:30
2026-07-14 16:16:55,"cmd: SitFlush: Begin","Aurora-1",2026-07-12 16:16:55
2026-07-14 16:16:23,"cmd: SitFlush: Begin","Aurora-1",2026-07-12 16:16:23
2026-07-14 16:15:51,"cmd: SitFlush: Begin","Aurora-1",2026-07-12 16:15:51
2026-07-14 16:15:13,"cmd: SitFlush: Begin","Aurora-1",2026-07-12 16:15:13
2026-07-14 16:14:38,"cmd: SitFlush: Begin","Aurora-1",2026-07-12 16:14:38
2026-07-14 16:14:07,"cmd: SitFlush: Begin","Aurora-1",2026-07-12 16:14:07
2026-07-14 16:11:42,"cmd: SitFlush: Begin","Aurora-1",2026-07-12 16:11:42
2026-07-14 16:10:35,"cmd: SitFlush: Begin","Aurora-1",2026-07-12 16:10:35
2026-07-14 16:09:30,"cmd: SitFlush: Begin","Aurora-1",2026-07-12 16:09:30
2026-07-14 16:08:26,"cmd: SitFlush: Begin","Aurora-1",2026-07-12 16:08:26
2026-07-14 16:06:51,"cmd: SitFlush: Begin","Aurora-1",2026-07-12 16:06:51
2026-07-14 16:05:36,"cmd: SitFlush: Begin","Aurora-1",2026-07-12 16:05:36
2026-07-14 16:04:34,"cmd: SitFlush: Begin","Aurora-1",2026-07-12 16:04:34
2026-07-14 16:02:48,"cmd: SitFlush: Begin","Aurora-1",2026-07-12 16:02:48
2026-07-14 15:59:15,"cmd: SitFlush: Begin","Aurora-1",2026-07-12 15:59:15
2026-07-14 15:57:06,"cmd: SitFlush: Begin","Aurora-1",2026-07-12 15:57:06
2026-07-14 15:54:41,"cmd: SitFlush: Begin","Aurora-1",2026-07-12 15:54:41
2026-07-14 15:52:10,"cmd: SitFlush: Begin","Aurora-1",2026-07-12 15:52:10
2026-07-14 15:50:36,"cmd: SitFlush: Begin","Aurora-1",2026-07-12 15:50:36
2026-07-14 15:47:47,"cmd: SitFlush: Begin","Aurora-1",2026-07-12 15:47:47
2026-07-14 15:44:35,"cmd: SitFlush: Begin","Aurora-1",2026-07-12 15:44:35
2026-07-14 15:38:25,"cmd: SitFlush: Begin","Aurora-1",2026-07-12 15:38:25
2026-07-14 15:35:55,"cmd: SitFlush: Begin","Aurora-1",2026-07-12 15:35:55
2026-07-14 15:33:57,"cmd: SitFlush: Begin","Aurora-1",2026-07-12 15:33:57
2026-07-14 15:31:45,"cmd: SitFlush: Begin","Aurora-1",2026-07-12 15:31:45
2026-07-14 15:29:53,"cmd: SitFlush: Begin","Aurora-1",2026-07-12 15:29:53
2026-07-14 15:27:48,"cmd: SitFlush: Begin","Aurora-1",2026-07-12 15:27:48
2026-07-14 15:25:44,"cmd: SitFlush: Begin","Aurora-1",2026-07-12 15:25:44
2026-07-14 15:23:03,"cmd: SitFlush: Begin","Aurora-1",2026-07-12 15:23:03
2026-07-14 15:20:35,"cmd: SitFlush: Begin","Aurora-1",2026-07-12 15:20:35
2026-07-14 14:31:45,"cmd: SitFlush: Begin","Aurora-1",2026-07-12 14:31:45
2026-07-14 14:24:08,"cmd: SitFlush: Begin","Aurora-1",2026-07-12 14:24:08
2026-07-14 13:00:18,"cmd: SitFlush: Begin","Aurora-1",2026-07-12 13:00:18
2026-07-14 12:58:49,"cmd: SitFlush: Begin","Aurora-1",2026-07-12 12:58:49
2026-07-14 12:55:22,"cmd: SitFlush: Begin","Aurora-1",2026-07-12 12:55:22
2026-07-14 12:54:15,"cmd: SitFlush: Begin","Aurora-1",2026-07-12 12:54:15
2026-07-14 12:47:27,"cmd: SitFlush: Begin","Aurora-1",2026-07-12 12:47:27
2026-07-14 12:45:59,"cmd: SitFlush: Begin","Aurora-1",2026-07-12 12:45:59
2026-07-14 12:30:27,"cmd: SitFlush: Begin","Aurora-1",2026-07-12 12:30:27
2026-07-14 12:27:28,"cmd: SitFlush: Begin","Aurora-1",2026-07-12 12:27:28
2026-07-14 12:24:23,"cmd: SitFlush: Begin","Aurora-1",2026-07-12 12:24:23
2026-07-14 12:23:50,"cmd: SitFlush: Begin","Aurora-1",2026-07-12 12:23:50
2026-07-14 10:59:44,"cmd: SitFlush: Begin","Aurora-1",2026-07-12 10:59:44
2026-07-14 10:53:35,"cmd: SitFlush: Begin","Aurora-1",2026-07-12 10:53:35
2026-07-14 10:53:09,"cmd: SitFlush: Begin","Aurora-1",2026-07-12 10:53:09
2026-07-14 10:52:43,"cmd: SitFlush: Begin","Aurora-1",2026-07-12 10:52:43
2026-07-14 10:52:17,"cmd: SitFlush: Begin","Aurora-1",2026-07-12 10:52:17
2026-07-14 10:51:51,"cmd: SitFlush: Begin","Aurora-1",2026-07-12 10:51:51
2026-07-14 10:51:24,"cmd: SitFlush: Begin","Aurora-1",2026-07-12 10:51:24
2026-07-14 10:49:16,"cmd: SitFlush: Begin","Aurora-1",2026-07-12 10:49:16
2026-07-14 10:48:46,"cmd: SitFlush: Begin","Aurora-1",2026-07-12 10:48:46
2026-07-14 09:31:59,"cmd: SitFlush: Begin","Aurora-1",2026-07-12 09:31:59
2026-07-14 09:30:24,"cmd: SitFlush: Begin","Aurora-1",2026-07-12 09:30:24
2026-07-14 08:31:30,"cmd: SitFlush: Begin","Aurora-1",2026-07-12 08:31:30
2026-07-14 00:19:43,"cmd: SitFlush: Begin","Aurora-1",2026-07-12 00:19:43
2026-07-14 00:15:34,"cmd: SitFlush: Begin","Aurora-1",2026-07-12 00:15:34
2026-07-14 00:11:25,"cmd: SitFlush: Begin","Aurora-1",2026-07-12 00:11:25
2026-07-14 00:07:15,"cmd: SitFlush: Begin","Aurora-1",2026-07-12 00:07:15
2026-07-14 00:03:04,"cmd: SitFlush: Begin","Aurora-1",2026-07-12 00:03:04
2026-07-13 23:58:53,"cmd: SitFlush: Begin","Aurora-1",2026-07-12 23:58:53
2026-07-13 23:54:40,"cmd: SitFlush: Begin","Aurora-1",2026-07-12 23:54:40
2026-07-13 23:39:26,"cmd: SitFlush: Begin","Aurora-1",2026-07-12 23:39:26
2026-07-13 23:38:53,"cmd: SitFlush: Begin","Aurora-1",2026-07-12 23:38:53
2026-07-13 23:38:24,"cmd: SitFlush: Begin","Aurora-1",2026-07-12 23:38:24
2026-07-13 23:35:17,"cmd: SitFlush: Begin","Aurora-1",2026-07-12 23:35:17
2026-07-13 23:34:43,"cmd: SitFlush: Begin","Aurora-1",2026-07-12 23:34:43
2026-07-13 23:23:13,"cmd: SitFlush: Begin","Aurora-1",2026-07-12 23:23:13
2026-07-13 23:12:22,"cmd: SitFlush: Begin","Aurora-1",2026-07-12 23:12:22
2026-07-13 18:46:05,"cmd: SitFlush: Begin","Aurora-1",2026-07-12 18:46:05
2026-07-13 18:41:21,"cmd: SitFlush: Begin","Aurora-1",2026-07-12 18:41:21
2026-07-13 18:34:17,"cmd: SitFlush: Begin","Aurora-1",2026-07-12 18:34:17
2026-07-13 18:31:09,"cmd: SitFlush: Begin","Aurora-1",2026-07-12 18:31:09
2026-07-13 18:25:57,"cmd: SitFlush: Begin","Aurora-1",2026-07-12 18:25:57
2026-07-13 18:20:26,"cmd: SitFlush: Begin","Aurora-1",2026-07-12 18:20:26
2026-07-13 18:17:28,"cmd: SitFlush: Begin","Aurora-1",2026-07-12 18:17:28
2026-07-13 18:11:30,"cmd: SitFlush: Begin","Aurora-1",2026-07-12 18:11:30
2026-07-13 18:10:35,"cmd: SitFlush: Begin","Aurora-1",2026-07-12 18:10:35
2026-07-13 18:09:57,"cmd: SitFlush: Begin","Aurora-1",2026-07-12 18:09:57
2026-07-13 18:09:21,"cmd: SitFlush: Begin","Aurora-1",2026-07-12 18:09:21
2026-07-13 18:08:46,"cmd: SitFlush: Begin","Aurora-1",2026-07-12 18:08:46
2026-07-13 18:08:06,"cmd: SitFlush: Begin","Aurora-1",2026-07-12 18:08:06
2026-07-13 18:07:23,"cmd: SitFlush: Begin","Aurora-1",2026-07-12 18:07:23
2026-07-13 18:06:47,"cmd: SitFlush: Begin","Aurora-1",2026-07-12 18:06:47
2026-07-13 18:05:57,"cmd: SitFlush: Begin","Aurora-1",2026-07-12 18:05:57
2026-07-13 18:05:12,"cmd: SitFlush: Begin","Aurora-1",2026-07-12 18:05:12
2026-07-13 18:04:30,"cmd: SitFlush: Begin","Aurora-1",2026-07-12 18:04:30
2026-07-13 18:03:42,"cmd: SitFlush: Begin","Aurora-1",2026-07-12 18:03:42
2026-07-13 18:02:39,"cmd: SitFlush: Begin","Aurora-1",2026-07-12 18:02:39
2026-07-13 18:01:06,"cmd: SitFlush: Begin","Aurora-1",2026-07-12 18:01:06
2026-07-13 17:59:35,"cmd: SitFlush: Begin","Aurora-1",2026-07-12 17:59:35
2026-07-13 17:58:48,"cmd: SitFlush: Begin","Aurora-1",2026-07-12 17:58:48
2026-07-13 17:56:39,"cmd: SitFlush: Begin","Aurora-1",2026-07-12 17:56:39
2026-07-13 17:35:42,"cmd: SitFlush: Begin","Aurora-1",2026-07-12 17:35:42
2026-07-13 17:32:00,"cmd: SitFlush: Begin","Aurora-1",2026-07-12 17:32:00
2026-07-13 17:29:19,"cmd: SitFlush: Begin","Aurora-1",2026-07-12 17:29:19
2026-07-13 17:27:15,"cmd: SitFlush: Begin","Aurora-1",2026-07-12 17:27:15
2026-07-13 17:24:42,"cmd: SitFlush: Begin","Aurora-1",2026-07-12 17:24:42
2026-07-13 17:23:13,"cmd: SitFlush: Begin","Aurora-1",2026-07-12 17:23:13
2026-07-13 17:08:59,"cmd: SitFlush: Begin","Aurora-1",2026-07-12 17:08:59
2026-07-13 17:07:18,"cmd: SitFlush: Begin","Aurora-1",2026-07-12 17:07:18
2026-07-13 17:05:35,"cmd: SitFlush: Begin","Aurora-1",2026-07-12 17:05:35
2026-07-13 17:03:54,"cmd: SitFlush: Begin","Aurora-1",2026-07-12 17:03:54
2026-07-13 16:59:41,"cmd: SitFlush: Begin","Aurora-1",2026-07-12 16:59:41
2026-07-13 16:57:34,"cmd: SitFlush: Begin","Aurora-1",2026-07-12 16:57:34
2026-07-13 16:54:06,"cmd: SitFlush: Begin","Aurora-1",2026-07-12 16:54:06
2026-07-13 16:24:08,"cmd: SitFlush: Begin","Aurora-1",2026-07-12 16:24:08
2026-07-13 16:21:35,"cmd: SitFlush: Begin","Aurora-1",2026-07-12 16:21:35
2026-07-13 16:19:22,"cmd: SitFlush: Begin","Aurora-1",2026-07-12 16:19:22
2026-07-13 16:17:19,"cmd: SitFlush: Begin","Aurora-1",2026-07-12 16:17:19
2026-07-13 16:15:09,"cmd: SitFlush: Begin","Aurora-1",2026-07-12 16:15:09
2026-07-13 16:12:54,"cmd: SitFlush: Begin","Aurora-1",2026-07-12 16:12:54
2026-07-13 16:10:17,"cmd: SitFlush: Begin","Aurora-1",2026-07-12 16:10:17
2026-07-13 16:07:31,"cmd: SitFlush: Begin","Aurora-1",2026-07-12 16:07:31
2026-07-13 16:04:53,"cmd: SitFlush: Begin","Aurora-1",2026-07-12 16:04:53
2026-07-13 16:03:05,"cmd: SitFlush: Begin","Aurora-1",2026-07-12 16:03:05
2026-07-13 15:59:45,"cmd: SitFlush: Begin","Aurora-1",2026-07-12 15:59:45
2026-07-13 15:58:49,"cmd: SitFlush: Begin","Aurora-1",2026-07-12 15:58:49
2026-07-13 15:57:43,"cmd: SitFlush: Begin","Aurora-1",2026-07-12 15:57:43
2026-07-13 15:56:47,"cmd: SitFlush: Begin","Aurora-1",2026-07-12 15:56:47
2026-07-13 15:55:52,"cmd: SitFlush: Begin","Aurora-1",2026-07-12 15:55:52
2026-07-13 15:55:45,"cmd: SitFlush: Begin","Aurora-1",2026-07-12 15:55:45
2026-07-13 15:52:57,"cmd: SitFlush: Begin","Aurora-1",2026-07-12 15:52:57
2026-07-13 15:50:27,"cmd: SitFlush: Begin","Aurora-1",2026-07-12 15:50:27
2026-07-13 15:47:47,"cmd: SitFlush: Begin","Aurora-1",2026-07-12 15:47:47
2026-07-13 15:44:18,"cmd: SitFlush: Begin","Aurora-1",2026-07-12 15:44:18
2026-07-13 15:43:33,"cmd: SitFlush: Begin","Aurora-1",2026-07-12 15:43:33
2026-07-13 15:40:37,"cmd: SitFlush: Begin","Aurora-1",2026-07-12 15:40:37
2026-07-13 15:39:37,"cmd: SitFlush: Begin","Aurora-1",2026-07-12 15:39:37
2026-07-13 15:36:51,"cmd: SitFlush: Begin","Aurora-1",2026-07-12 15:36:51
2026-07-13 15:35:51,"cmd: SitFlush: Begin","Aurora-1",2026-07-12 15:35:51
2026-07-13 15:32:08,"cmd: SitFlush: Begin","Aurora-1",2026-07-12 15:32:08
2026-07-13 15:24:23,"cmd: SitFlush: Begin","Aurora-1",2026-07-12 15:24:23
2026-07-13 15:22:38,"cmd: SitFlush: Begin","Aurora-1",2026-07-12 15:22:38
2026-07-13 15:20:52,"cmd: SitFlush: Begin","Aurora-1",2026-07-12 15:20:52
2026-07-13 15:19:05,"cmd: SitFlush: Begin","Aurora-1",2026-07-12 15:19:05
2026-07-13 15:18:36,"cmd: SitFlush: Begin","Aurora-1",2026-07-12 15:18:36
2026-07-13 15:16:44,"cmd: SitFlush: Begin","Aurora-1",2026-07-12 15:16:44
2026-07-13 15:14:57,"cmd: SitFlush: Begin","Aurora-1",2026-07-12 15:14:57
2026-07-13 15:12:51,"cmd: SitFlush: Begin","Aurora-1",2026-07-12 15:12:51
2026-07-13 15:11:15,"cmd: SitFlush: Begin","Aurora-1",2026-07-12 15:11:15
2026-07-13 15:09:29,"cmd: SitFlush: Begin","Aurora-1",2026-07-12 15:09:29
2026-07-13 15:07:34,"cmd: SitFlush: Begin","Aurora-1",2026-07-12 15:07:34
2026-07-13 15:05:47,"cmd: SitFlush: Begin","Aurora-1",2026-07-12 15:05:47
2026-07-13 15:01:59,"cmd: SitFlush: Begin","Aurora-1",2026-07-12 15:01:59
2026-07-13 14:58:53,"cmd: SitFlush: Begin","Aurora-1",2026-07-12 14:58:53
2026-07-13 14:57:11,"cmd: SitFlush: Begin","Aurora-1",2026-07-12 14:57:11
2026-07-13 14:55:35,"cmd: SitFlush: Begin","Aurora-1",2026-07-12 14:55:35
2026-07-13 14:53:59,"cmd: SitFlush: Begin","Aurora-1",2026-07-12 14:53:59
2026-07-13 14:52:24,"cmd: SitFlush: Begin","Aurora-1",2026-07-12 14:52:24
2026-07-13 14:50:34,"cmd: SitFlush: Begin","Aurora-1",2026-07-12 14:50:34
2026-07-13 14:48:42,"cmd: SitFlush: Begin","Aurora-1",2026-07-12 14:48:42
2026-07-13 14:46:58,"cmd: SitFlush: Begin","Aurora-1",2026-07-12 14:46:58
2026-07-13 14:44:54,"cmd: SitFlush: Begin","Aurora-1",2026-07-12 14:44:54
2026-07-13 14:42:46,"cmd: SitFlush: Begin","Aurora-1",2026-07-12 14:42:46
2026-07-13 14:41:45,"cmd: SitFlush: Begin","Aurora-1",2026-07-12 14:41:45
2026-07-13 14:40:55,"cmd: SitFlush: Begin","Aurora-1",2026-07-12 14:40:55
2026-07-13 14:40:23,"cmd: SitFlush: Begin","Aurora-1",2026-07-12 14:40:23
2026-07-13 14:37:01,"cmd: SitFlush: Begin","Aurora-1",2026-07-12 14:37:01
2026-07-13 14:36:24,"cmd: SitFlush: Begin","Aurora-1",2026-07-12 14:36:24
2026-07-13 14:35:49,"cmd: SitFlush: Begin","Aurora-1",2026-07-12 14:35:49
2026-07-13 14:34:45,"cmd: SitFlush: Begin","Aurora-1",2026-07-12 14:34:45
2026-07-13 14:33:31,"cmd: SitFlush: Begin","Aurora-1",2026-07-12 14:33:31
2026-07-13 14:30:51,"cmd: SitFlush: Begin","Aurora-1",2026-07-12 14:30:51
2026-07-13 14:28:03,"cmd: SitFlush: Begin","Aurora-1",2026-07-12 14:28:03
2026-07-13 14:26:23,"cmd: SitFlush: Begin","Aurora-1",2026-07-12 14:26:23
2026-07-13 14:23:58,"cmd: SitFlush: Begin","Aurora-1",2026-07-12 14:23:58
2026-07-13 14:23:12,"cmd: SitFlush: Begin","Aurora-1",2026-07-12 14:23:12
2026-07-13 14:21:31,"cmd: SitFlush: Begin","Aurora-1",2026-07-12 14:21:31
2026-07-13 14:20:42,"cmd: SitFlush: Begin","Aurora-1",2026-07-12 14:20:42
2026-07-13 14:18:27,"cmd: SitFlush: Begin","Aurora-1",2026-07-12 14:18:27
2026-07-13 14:17:33,"cmd: SitFlush: Begin","Aurora-1",2026-07-12 14:17:33
2026-07-13 14:13:08,"cmd: SitFlush: Begin","Aurora-1",2026-07-12 14:13:08
2026-07-13 14:12:37,"cmd: SitFlush: Begin","Aurora-1",2026-07-12 14:12:37
2026-07-13 14:12:08,"cmd: SitFlush: Begin","Aurora-1",2026-07-12 14:12:08
2026-07-13 14:07:54,"cmd: SitFlush: Begin","Aurora-1",2026-07-12 14:07:54
2026-07-13 14:07:13,"cmd: SitFlush: Begin","Aurora-1",2026-07-12 14:07:13
2026-07-13 14:06:43,"cmd: SitFlush: Begin","Aurora-1",2026-07-12 14:06:43
2026-07-13 14:06:11,"cmd: SitFlush: Begin","Aurora-1",2026-07-12 14:06:11
2026-07-13 14:05:35,"cmd: SitFlush: Begin","Aurora-1",2026-07-12 14:05:35
2026-07-13 14:05:00,"cmd: SitFlush: Begin","Aurora-1",2026-07-12 14:05:00
2026-07-13 14:04:28,"cmd: SitFlush: Begin","Aurora-1",2026-07-12 14:04:28
2026-07-13 14:03:56,"cmd: SitFlush: Begin","Aurora-1",2026-07-12 14:03:56
2026-07-13 14:00:30,"cmd: SitFlush: Begin","Aurora-1",2026-07-12 14:00:30
2026-07-13 13:59:51,"cmd: SitFlush: Begin","Aurora-1",2026-07-12 13:59:51
2026-07-13 13:59:04,"cmd: SitFlush: Begin","Aurora-1",2026-07-12 13:59:04
2026-07-13 13:58:21,"cmd: SitFlush: Begin","Aurora-1",2026-07-12 13:58:21
2026-07-13 13:57:45,"cmd: SitFlush: Begin","Aurora-1",2026-07-12 13:57:45
2026-07-13 13:57:13,"cmd: SitFlush: Begin","Aurora-1",2026-07-12 13:57:13
2026-07-13 13:56:41,"cmd: SitFlush: Begin","Aurora-1",2026-07-12 13:56:41
2026-07-13 13:56:11,"cmd: SitFlush: Begin","Aurora-1",2026-07-12 13:56:11
2026-07-13 13:55:40,"cmd: SitFlush: Begin","Aurora-1",2026-07-12 13:55:40
2026-07-13 13:55:10,"cmd: SitFlush: Begin","Aurora-1",2026-07-12 13:55:10
2026-07-13 13:54:29,"cmd: SitFlush: Begin","Aurora-1",2026-07-12 13:54:29
2026-07-13 13:23:23,"cmd: SitFlush: Begin","Aurora-1",2026-07-12 13:23:23
2026-07-13 13:21:48,"cmd: SitFlush: Begin","Aurora-1",2026-07-12 13:21:48
2026-07-13 13:12:41,"cmd: SitFlush: Begin","Aurora-1",2026-07-12 13:12:41
2026-07-13 13:05:29,"cmd: SitFlush: Begin","Aurora-1",2026-07-12 13:05:29
2026-07-13 13:04:38,"cmd: SitFlush: Begin","Aurora-1",2026-07-12 13:04:38
2026-07-13 13:03:54,"cmd: SitFlush: Begin","Aurora-1",2026-07-12 13:03:54
2026-07-13 13:02:21,"cmd: SitFlush: Begin","Aurora-1",2026-07-12 13:02:21
2026-07-13 12:58:40,"cmd: SitFlush: Begin","Aurora-1",2026-07-12 12:58:40
2026-07-13 12:57:07,"cmd: SitFlush: Begin","Aurora-1",2026-07-12 12:57:07
2026-07-13 09:12:05,"cmd: SitFlush: Begin","Aurora-1",2026-07-12 09:12:05
2026-07-13 09:04:21,"cmd: SitFlush: Begin","Aurora-1",2026-07-12 09:04:21
2026-07-13 08:59:34,"cmd: SitFlush: Begin","Aurora-1",2026-07-12 08:59:34
2026-07-11 00:01:36,"cmd: SitFlush: Begin","Aurora-1",2026-07-05 00:01:36
2026-07-10 23:57:12,"cmd: SitFlush: Begin","Aurora-1",2026-07-05 23:57:12
2026-07-10 23:52:49,"cmd: SitFlush: Begin","Aurora-1",2026-07-05 23:52:49
2026-07-10 23:48:24,"cmd: SitFlush: Begin","Aurora-1",2026-07-05 23:48:24
2026-07-10 23:43:57,"cmd: SitFlush: Begin","Aurora-1",2026-07-05 23:43:57
2026-07-10 23:29:56,"cmd: SitFlush: Begin","Aurora-1",2026-07-05 23:29:56
2026-07-10 23:10:16,"cmd: SitFlush: Begin","Aurora-1",2026-07-05 23:10:16
2026-07-10 23:05:40,"cmd: SitFlush: Begin","Aurora-1",2026-07-05 23:05:40
2026-07-10 22:54:50,"cmd: SitFlush: Begin","Aurora-1",2026-07-05 22:54:50
2026-07-10 22:50:16,"cmd: SitFlush: Begin","Aurora-1",2026-07-05 22:50:16
2026-07-10 22:45:42,"cmd: SitFlush: Begin","Aurora-1",2026-07-05 22:45:42
2026-07-10 22:41:05,"cmd: SitFlush: Begin","Aurora-1",2026-07-05 22:41:05
2026-07-10 22:36:23,"cmd: SitFlush: Begin","Aurora-1",2026-07-05 22:36:23
2026-07-10 22:31:40,"cmd: SitFlush: Begin","Aurora-1",2026-07-05 22:31:40
2026-07-10 22:26:49,"cmd: SitFlush: Begin","Aurora-1",2026-07-05 22:26:49
2026-07-10 22:26:23,"cmd: SitFlush: Begin","Aurora-1",2026-07-05 22:26:23
2026-07-10 22:24:14,"cmd: SitFlush: Begin","Aurora-1",2026-07-05 22:24:14
2026-07-10 22:22:24,"cmd: SitFlush: Begin","Aurora-1",2026-07-05 22:22:24
2026-07-10 22:18:04,"cmd: SitFlush: Begin","Aurora-1",2026-07-05 22:18:04
2026-07-10 22:02:17,"cmd: SitFlush: Begin","Aurora-1",2026-07-05 22:02:17
2026-07-10 22:01:29,"cmd: SitFlush: Begin","Aurora-1",2026-07-05 22:01:29
2026-07-10 21:53:52,"cmd: SitFlush: Begin","Aurora-1",2026-07-05 21:53:52
2026-07-10 21:52:55,"cmd: SitFlush: Begin","Aurora-1",2026-07-05 21:52:55
2026-07-10 21:52:06,"cmd: SitFlush: Begin","Aurora-1",2026-07-05 21:52:06
2026-07-10 21:51:18,"cmd: SitFlush: Begin","Aurora-1",2026-07-05 21:51:18
2026-07-10 21:50:48,"cmd: SitFlush: Begin","Aurora-1",2026-07-05 21:50:48
2026-07-10 16:21:19,"cmd: SitFlush: Begin","Aurora-1",2026-07-05 16:21:19
2026-07-10 16:19:40,"cmd: SitFlush: Begin","Aurora-1",2026-07-05 16:19:40
2026-07-10 16:19:01,"cmd: SitFlush: Begin","Aurora-1",2026-07-05 16:19:01
2026-07-10 16:17:55,"cmd: SitFlush: Begin","Aurora-1",2026-07-05 16:17:55
2026-07-10 16:17:12,"cmd: SitFlush: Begin","Aurora-1",2026-07-05 16:17:12
2026-07-10 16:16:26,"cmd: SitFlush: Begin","Aurora-1",2026-07-05 16:16:26
2026-07-10 16:15:38,"cmd: SitFlush: Begin","Aurora-1",2026-07-05 16:15:38
2026-07-10 16:12:31,"cmd: SitFlush: Begin","Aurora-1",2026-07-05 16:12:31
2026-07-10 16:02:32,"cmd: SitFlush: Begin","Aurora-1",2026-07-05 16:02:32
2026-07-10 15:59:10,"cmd: SitFlush: Begin","Aurora-1",2026-07-05 15:59:10
2026-07-10 15:55:43,"cmd: SitFlush: Begin","Aurora-1",2026-07-05 15:55:43
2026-07-10 15:52:27,"cmd: SitFlush: Begin","Aurora-1",2026-07-05 15:52:27
2026-07-10 15:49:25,"cmd: SitFlush: Begin","Aurora-1",2026-07-05 15:49:25
2026-07-10 15:47:35,"cmd: SitFlush: Begin","Aurora-1",2026-07-05 15:47:35
2026-07-10 15:45:13,"cmd: SitFlush: Begin","Aurora-1",2026-07-05 15:45:13
2026-07-10 15:43:42,"cmd: SitFlush: Begin","Aurora-1",2026-07-05 15:43:42
2026-07-10 15:41:29,"cmd: SitFlush: Begin","Aurora-1",2026-07-05 15:41:29
2026-07-10 15:38:36,"cmd: SitFlush: Begin","Aurora-1",2026-07-05 15:38:36
2026-07-10 13:19:49,"cmd: SitFlush: Begin","Aurora-1",2026-07-05 13:19:49
2026-07-10 13:17:58,"cmd: SitFlush: Begin","Aurora-1",2026-07-05 13:17:58
2026-07-10 13:15:52,"cmd: SitFlush: Begin","Aurora-1",2026-07-05 13:15:52
2026-07-10 13:13:14,"cmd: SitFlush: Begin","Aurora-1",2026-07-05 13:13:14
2026-07-10 13:10:42,"cmd: SitFlush: Begin","Aurora-1",2026-07-05 13:10:42
2026-07-10 13:08:14,"cmd: SitFlush: Begin","Aurora-1",2026-07-05 13:08:14
2026-07-10 13:06:17,"cmd: SitFlush: Begin","Aurora-1",2026-07-05 13:06:17
2026-07-10 13:04:44,"cmd: SitFlush: Begin","Aurora-1",2026-07-05 13:04:44
2026-07-10 13:02:21,"cmd: SitFlush: Begin","Aurora-1",2026-07-05 13:02:21
2026-07-10 13:00:03,"cmd: SitFlush: Begin","Aurora-1",2026-07-05 13:00:03
2026-07-10 12:56:51,"cmd: SitFlush: Begin","Aurora-1",2026-07-05 12:56:51
2026-07-10 12:54:00,"cmd: SitFlush: Begin","Aurora-1",2026-07-05 12:54:00
2026-07-10 12:50:55,"cmd: SitFlush: Begin","Aurora-1",2026-07-05 12:50:55
2026-07-10 12:49:02,"cmd: SitFlush: Begin","Aurora-1",2026-07-05 12:49:02
2026-07-10 12:46:40,"cmd: SitFlush: Begin","Aurora-1",2026-07-05 12:46:40
2026-07-10 12:43:37,"cmd: SitFlush: Begin","Aurora-1",2026-07-05 12:43:37
2026-07-10 12:40:40,"cmd: SitFlush: Begin","Aurora-1",2026-07-05 12:40:40
2026-07-10 12:37:20,"cmd: SitFlush: Begin","Aurora-1",2026-07-05 12:37:20
2026-07-10 12:33:53,"cmd: SitFlush: Begin","Aurora-1",2026-07-05 12:33:53
2026-07-10 12:25:25,"cmd: SitFlush: Begin","Aurora-1",2026-07-05 12:25:25
2026-07-10 12:24:21,"cmd: SitFlush: Begin","Aurora-1",2026-07-05 12:24:21
2026-07-10 12:23:36,"cmd: SitFlush: Begin","Aurora-1",2026-07-05 12:23:36
2026-07-10 12:22:51,"cmd: SitFlush: Begin","Aurora-1",2026-07-05 12:22:51
2026-07-10 12:22:09,"cmd: SitFlush: Begin","Aurora-1",2026-07-05 12:22:09
2026-07-10 12:21:26,"cmd: SitFlush: Begin","Aurora-1",2026-07-05 12:21:26
2026-07-10 12:20:47,"cmd: SitFlush: Begin","Aurora-1",2026-07-05 12:20:47
2026-07-10 12:19:55,"cmd: SitFlush: Begin","Aurora-1",2026-07-05 12:19:55
2026-07-10 12:19:14,"cmd: SitFlush: Begin","Aurora-1",2026-07-05 12:19:14
2026-07-10 12:18:33,"cmd: SitFlush: Begin","Aurora-1",2026-07-05 12:18:33
2026-07-10 12:17:55,"cmd: SitFlush: Begin","Aurora-1",2026-07-05 12:17:55
2026-07-10 12:16:07,"cmd: SitFlush: Begin","Aurora-1",2026-07-05 12:16:07
2026-07-10 12:15:14,"cmd: SitFlush: Begin","Aurora-1",2026-07-05 12:15:14
2026-07-10 12:11:58,"cmd: SitFlush: Begin","Aurora-1",2026-07-05 12:11:58
2026-07-10 12:06:36,"cmd: SitFlush: Begin","Aurora-1",2026-07-05 12:06:36
2026-07-10 12:03:49,"cmd: SitFlush: Begin","Aurora-1",2026-07-05 12:03:49
2026-07-10 12:01:03,"cmd: SitFlush: Begin","Aurora-1",2026-07-05 12:01:03
2026-07-10 11:58:28,"cmd: SitFlush: Begin","Aurora-1",2026-07-05 11:58:28
2026-07-10 11:55:02,"cmd: SitFlush: Begin","Aurora-1",2026-07-05 11:55:02
2026-07-10 11:51:34,"cmd: SitFlush: Begin","Aurora-1",2026-07-05 11:51:34
2026-07-10 11:48:26,"cmd: SitFlush: Begin","Aurora-1",2026-07-05 11:48:26
2026-07-10 11:45:29,"cmd: SitFlush: Begin","Aurora-1",2026-07-05 11:45:29
2026-07-10 11:42:11,"cmd: SitFlush: Begin","Aurora-1",2026-07-05 11:42:11
2026-07-10 11:38:29,"cmd: SitFlush: Begin","Aurora-1",2026-07-05 11:38:29
2026-07-10 11:30:13,"cmd: SitFlush: Begin","Aurora-1",2026-07-05 11:30:13
2026-07-10 11:24:29,"cmd: SitFlush: Begin","Aurora-1",2026-07-05 11:24:29
2026-07-10 11:23:28,"cmd: SitFlush: Begin","Aurora-1",2026-07-05 11:23:28
2026-07-10 11:20:23,"cmd: SitFlush: Begin","Aurora-1",2026-07-05 11:20:23
2026-07-10 11:17:22,"cmd: SitFlush: Begin","Aurora-1",2026-07-05 11:17:22
2026-07-10 11:14:08,"cmd: SitFlush: Begin","Aurora-1",2026-07-05 11:14:08
2026-07-10 11:10:38,"cmd: SitFlush: Begin","Aurora-1",2026-07-05 11:10:38
2026-07-10 11:07:08,"cmd: SitFlush: Begin","Aurora-1",2026-07-05 11:07:08
2026-07-10 11:03:40,"cmd: SitFlush: Begin","Aurora-1",2026-07-05 11:03:40
2026-07-10 11:00:28,"cmd: SitFlush: Begin","Aurora-1",2026-07-05 11:00:28
2026-07-10 10:42:37,"cmd: SitFlush: Begin","Aurora-1",2026-07-05 10:42:37
2026-07-10 10:41:48,"cmd: SitFlush: Begin","Aurora-1",2026-07-05 10:41:48
2026-07-10 10:40:37,"cmd: SitFlush: Begin","Aurora-1",2026-07-05 10:40:37
2026-07-10 10:39:47,"cmd: SitFlush: Begin","Aurora-1",2026-07-05 10:39:47
2026-07-10 10:38:53,"cmd: SitFlush: Begin","Aurora-1",2026-07-05 10:38:53
2026-07-10 10:37:58,"cmd: SitFlush: Begin","Aurora-1",2026-07-05 10:37:58
2026-07-10 10:37:04,"cmd: SitFlush: Begin","Aurora-1",2026-07-05 10:37:04
2026-07-10 10:36:06,"cmd: SitFlush: Begin","Aurora-1",2026-07-05 10:36:06
2026-07-10 10:35:14,"cmd: SitFlush: Begin","Aurora-1",2026-07-05 10:35:14
2026-07-10 10:34:17,"cmd: SitFlush: Begin","Aurora-1",2026-07-05 10:34:17
2026-07-10 10:33:16,"cmd: SitFlush: Begin","Aurora-1",2026-07-05 10:33:16
2026-07-10 10:32:18,"cmd: SitFlush: Begin","Aurora-1",2026-07-05 10:32:18
2026-07-10 10:31:17,"cmd: SitFlush: Begin","Aurora-1",2026-07-05 10:31:17
2026-07-10 10:30:24,"cmd: SitFlush: Begin","Aurora-1",2026-07-05 10:30:24
2026-07-10 10:29:35,"cmd: SitFlush: Begin","Aurora-1",2026-07-05 10:29:35
2026-07-10 10:28:20,"cmd: SitFlush: Begin","Aurora-1",2026-07-05 10:28:20
2026-07-10 10:27:19,"cmd: SitFlush: Begin","Aurora-1",2026-07-05 10:27:19
2026-07-10 10:25:33,"cmd: SitFlush: Begin","Aurora-1",2026-07-05 10:25:33
2026-07-10 10:22:18,"cmd: SitFlush: Begin","Aurora-1",2026-07-05 10:22:18
2026-07-10 08:45:42,"cmd: SitFlush: Begin","Aurora-1",2026-07-05 08:45:42
2026-07-10 08:39:58,"cmd: SitFlush: Begin","Aurora-1",2026-07-05 08:39:58
2026-07-09 18:12:15,"cmd: SitFlush: Begin","Aurora-1",2026-07-05 18:12:15
2026-07-09 18:10:27,"cmd: SitFlush: Begin","Aurora-1",2026-07-05 18:10:27
2026-07-09 18:08:51,"cmd: SitFlush: Begin","Aurora-1",2026-07-05 18:08:51
2026-07-09 18:08:16,"cmd: SitFlush: Begin","Aurora-1",2026-07-05 18:08:16
2026-07-09 18:07:39,"cmd: SitFlush: Begin","Aurora-1",2026-07-05 18:07:39
2026-07-09 18:06:58,"cmd: SitFlush: Begin","Aurora-1",2026-07-05 18:06:58
2026-07-09 18:06:23,"cmd: SitFlush: Begin","Aurora-1",2026-07-05 18:06:23
2026-07-09 18:05:45,"cmd: SitFlush: Begin","Aurora-1",2026-07-05 18:05:45
2026-07-09 18:05:07,"cmd: SitFlush: Begin","Aurora-1",2026-07-05 18:05:07
2026-07-09 18:04:30,"cmd: SitFlush: Begin","Aurora-1",2026-07-05 18:04:30
2026-07-09 18:03:49,"cmd: SitFlush: Begin","Aurora-1",2026-07-05 18:03:49
2026-07-09 18:03:11,"cmd: SitFlush: Begin","Aurora-1",2026-07-05 18:03:11
2026-07-09 18:02:35,"cmd: SitFlush: Begin","Aurora-1",2026-07-05 18:02:35
2026-07-09 17:59:08,"cmd: SitFlush: Begin","Aurora-1",2026-07-05 17:59:08
2026-07-09 17:37:06,"cmd: SitFlush: Begin","Aurora-1",2026-07-05 17:37:06
2026-07-09 17:36:28,"cmd: SitFlush: Begin","Aurora-1",2026-07-05 17:36:28
2026-07-09 17:35:34,"cmd: SitFlush: Begin","Aurora-1",2026-07-05 17:35:34
2026-07-09 17:34:34,"cmd: SitFlush: Begin","Aurora-1",2026-07-05 17:34:34
2026-07-09 17:34:04,"cmd: SitFlush: Begin","Aurora-1",2026-07-05 17:34:04
2026-07-09 17:33:17,"cmd: SitFlush: Begin","Aurora-1",2026-07-05 17:33:17
2026-07-09 17:32:39,"cmd: SitFlush: Begin","Aurora-1",2026-07-05 17:32:39
2026-07-09 17:31:33,"cmd: SitFlush: Begin","Aurora-1",2026-07-05 17:31:33
2026-07-09 17:30:40,"cmd: SitFlush: Begin","Aurora-1",2026-07-05 17:30:40
2026-07-09 17:29:58,"cmd: SitFlush: Begin","Aurora-1",2026-07-05 17:29:58
2026-07-09 17:28:27,"cmd: SitFlush: Begin","Aurora-1",2026-07-05 17:28:27
2026-07-09 17:27:49,"cmd: SitFlush: Begin","Aurora-1",2026-07-05 17:27:49
2026-07-09 17:27:18,"cmd: SitFlush: Begin","Aurora-1",2026-07-05 17:27:18
2026-07-09 17:26:51,"cmd: SitFlush: Begin","Aurora-1",2026-07-05 17:26:51
2026-07-09 17:26:15,"cmd: SitFlush: Begin","Aurora-1",2026-07-05 17:26:15
2026-07-09 17:22:55,"cmd: SitFlush: Begin","Aurora-1",2026-07-05 17:22:55
2026-07-09 15:03:36,"cmd: SitFlush: Begin","Aurora-1",2026-07-05 15:03:36
2026-07-09 15:00:47,"cmd: SitFlush: Begin","Aurora-1",2026-07-05 15:00:47
2026-07-09 14:58:55,"cmd: SitFlush: Begin","Aurora-1",2026-07-05 14:58:55
2026-07-09 14:55:23,"cmd: SitFlush: Begin","Aurora-1",2026-07-05 14:55:23
2026-07-09 14:54:28,"cmd: SitFlush: Begin","Aurora-1",2026-07-05 14:54:28
2026-07-09 14:37:17,"cmd: SitFlush: Begin","Aurora-1",2026-07-05 14:37:17
2026-07-09 14:32:54,"cmd: SitFlush: Begin","Aurora-1",2026-07-05 14:32:54
2026-07-09 14:30:07,"cmd: SitFlush: Begin","Aurora-1",2026-07-05 14:30:07
2026-07-09 14:17:52,"cmd: SitFlush: Begin","Aurora-1",2026-07-05 14:17:52
2026-07-09 14:12:51,"cmd: SitFlush: Begin","Aurora-1",2026-07-05 14:12:51
2026-07-09 14:11:25,"cmd: SitFlush: Begin","Aurora-1",2026-07-05 14:11:25
2026-07-09 14:10:02,"cmd: SitFlush: Begin","Aurora-1",2026-07-05 14:10:02
2026-07-09 14:08:39,"cmd: SitFlush: Begin","Aurora-1",2026-07-05 14:08:39
2026-07-09 14:07:17,"cmd: SitFlush: Begin","Aurora-1",2026-07-05 14:07:17
2026-07-09 13:59:40,"cmd: SitFlush: Begin","Aurora-1",2026-07-05 13:59:40
2026-07-09 13:58:58,"cmd: SitFlush: Begin","Aurora-1",2026-07-05 13:58:58
2026-07-09 13:58:21,"cmd: SitFlush: Begin","Aurora-1",2026-07-05 13:58:21
2026-07-09 13:57:45,"cmd: SitFlush: Begin","Aurora-1",2026-07-05 13:57:45
2026-07-09 13:57:09,"cmd: SitFlush: Begin","Aurora-1",2026-07-05 13:57:09
2026-07-09 13:56:32,"cmd: SitFlush: Begin","Aurora-1",2026-07-05 13:56:32
2026-07-09 13:42:30,"cmd: SitFlush: Begin","Aurora-1",2026-07-05 13:42:30
2026-07-09 13:41:34,"cmd: SitFlush: Begin","Aurora-1",2026-07-05 13:41:34
2026-07-09 13:40:39,"cmd: SitFlush: Begin","Aurora-1",2026-07-05 13:40:39
2026-07-09 13:39:44,"cmd: SitFlush: Begin","Aurora-1",2026-07-05 13:39:44
2026-07-09 13:38:53,"cmd: SitFlush: Begin","Aurora-1",2026-07-05 13:38:53
2026-07-09 13:37:58,"cmd: SitFlush: Begin","Aurora-1",2026-07-05 13:37:58
2026-07-09 13:32:30,"cmd: SitFlush: Begin","Aurora-1",2026-07-05 13:32:30
2026-07-09 13:31:51,"cmd: SitFlush: Begin","Aurora-1",2026-07-05 13:31:51
2026-07-09 13:31:13,"cmd: SitFlush: Begin","Aurora-1",2026-07-05 13:31:13
2026-07-09 13:30:36,"cmd: SitFlush: Begin","Aurora-1",2026-07-05 13:30:36
2026-07-09 13:30:00,"cmd: SitFlush: Begin","Aurora-1",2026-07-05 13:30:00
2026-07-09 13:29:23,"cmd: SitFlush: Begin","Aurora-1",2026-07-05 13:29:23
2026-07-09 13:25:01,"cmd: SitFlush: Begin","Aurora-1",2026-07-05 13:25:01
2026-07-09 13:24:24,"cmd: SitFlush: Begin","Aurora-1",2026-07-05 13:24:24
2026-07-09 13:23:43,"cmd: SitFlush: Begin","Aurora-1",2026-07-05 13:23:43
2026-07-09 13:23:06,"cmd: SitFlush: Begin","Aurora-1",2026-07-05 13:23:06
2026-07-09 13:22:30,"cmd: SitFlush: Begin","Aurora-1",2026-07-05 13:22:30
2026-07-09 13:21:55,"cmd: SitFlush: Begin","Aurora-1",2026-07-05 13:21:55
2026-07-09 13:21:19,"cmd: SitFlush: Begin","Aurora-1",2026-07-05 13:21:19
2026-07-09 13:18:57,"cmd: SitFlush: Begin","Aurora-1",2026-07-05 13:18:57
2026-07-09 13:18:15,"cmd: SitFlush: Begin","Aurora-1",2026-07-05 13:18:15
2026-07-09 13:17:38,"cmd: SitFlush: Begin","Aurora-1",2026-07-05 13:17:38
2026-07-09 13:17:00,"cmd: SitFlush: Begin","Aurora-1",2026-07-05 13:17:00
2026-07-09 13:16:23,"cmd: SitFlush: Begin","Aurora-1",2026-07-05 13:16:23
2026-07-09 13:15:47,"cmd: SitFlush: Begin","Aurora-1",2026-07-05 13:15:47
2026-07-09 13:12:40,"cmd: SitFlush: Begin","Aurora-1",2026-07-05 13:12:40
2026-07-09 13:12:03,"cmd: SitFlush: Begin","Aurora-1",2026-07-05 13:12:03
2026-07-09 13:11:22,"cmd: SitFlush: Begin","Aurora-1",2026-07-05 13:11:22
2026-07-09 13:10:45,"cmd: SitFlush: Begin","Aurora-1",2026-07-05 13:10:45
2026-07-09 13:10:08,"cmd: SitFlush: Begin","Aurora-1",2026-07-05 13:10:08
2026-07-09 13:09:31,"cmd: SitFlush: Begin","Aurora-1",2026-07-05 13:09:31
2026-07-09 13:08:55,"cmd: SitFlush: Begin","Aurora-1",2026-07-05 13:08:55
2026-07-09 13:06:44,"cmd: SitFlush: Begin","Aurora-1",2026-07-05 13:06:44
2026-07-09 13:06:03,"cmd: SitFlush: Begin","Aurora-1",2026-07-05 13:06:03
2026-07-09 13:05:24,"cmd: SitFlush: Begin","Aurora-1",2026-07-05 13:05:24
2026-07-09 13:04:47,"cmd: SitFlush: Begin","Aurora-1",2026-07-05 13:04:47
2026-07-09 13:04:09,"cmd: SitFlush: Begin","Aurora-1",2026-07-05 13:04:09
2026-07-09 13:03:33,"cmd: SitFlush: Begin","Aurora-1",2026-07-05 13:03:33
2026-07-09 12:59:43,"cmd: SitFlush: Begin","Aurora-1",2026-07-05 12:59:43
2026-07-09 12:58:45,"cmd: SitFlush: Begin","Aurora-1",2026-07-05 12:58:45
2026-07-09 12:57:49,"cmd: SitFlush: Begin","Aurora-1",2026-07-05 12:57:49
2026-07-09 12:56:54,"cmd: SitFlush: Begin","Aurora-1",2026-07-05 12:56:54
2026-07-09 12:55:59,"cmd: SitFlush: Begin","Aurora-1",2026-07-05 12:55:59
2026-07-09 12:55:07,"cmd: SitFlush: Begin","Aurora-1",2026-07-05 12:55:07
2026-07-09 12:51:00,"cmd: SitFlush: Begin","Aurora-1",2026-07-05 12:51:00
2026-07-09 12:49:59,"cmd: SitFlush: Begin","Aurora-1",2026-07-05 12:49:59
2026-07-09 12:48:56,"cmd: SitFlush: Begin","Aurora-1",2026-07-05 12:48:56
2026-07-09 12:48:02,"cmd: SitFlush: Begin","Aurora-1",2026-07-05 12:48:02
2026-07-09 12:47:04,"cmd: SitFlush: Begin","Aurora-1",2026-07-05 12:47:04
2026-07-09 12:46:10,"cmd: SitFlush: Begin","Aurora-1",2026-07-05 12:46:10
2026-07-09 12:41:56,"cmd: SitFlush: Begin","Aurora-1",2026-07-05 12:41:56
2026-07-09 12:40:48,"cmd: SitFlush: Begin","Aurora-1",2026-07-05 12:40:48
2026-07-09 12:39:43,"cmd: SitFlush: Begin","Aurora-1",2026-07-05 12:39:43
2026-07-09 12:38:44,"cmd: SitFlush: Begin","Aurora-1",2026-07-05 12:38:44
2026-07-09 12:37:43,"cmd: SitFlush: Begin","Aurora-1",2026-07-05 12:37:43
2026-07-09 12:36:48,"cmd: SitFlush: Begin","Aurora-1",2026-07-05 12:36:48
2026-07-09 12:31:49,"cmd: SitFlush: Begin","Aurora-1",2026-07-05 12:31:49
2026-07-09 12:28:23,"cmd: SitFlush: Begin","Aurora-1",2026-07-05 12:28:23
2026-07-09 12:27:46,"cmd: SitFlush: Begin","Aurora-1",2026-07-05 12:27:46
2026-07-09 12:27:07,"cmd: SitFlush: Begin","Aurora-1",2026-07-05 12:27:07
2026-07-09 12:26:30,"cmd: SitFlush: Begin","Aurora-1",2026-07-05 12:26:30
2026-07-09 12:25:52,"cmd: SitFlush: Begin","Aurora-1",2026-07-05 12:25:52
2026-07-09 12:25:15,"cmd: SitFlush: Begin","Aurora-1",2026-07-05 12:25:15
2026-07-09 12:24:39,"cmd: SitFlush: Begin","Aurora-1",2026-07-05 12:24:39
2026-07-09 12:22:13,"cmd: SitFlush: Begin","Aurora-1",2026-07-05 12:22:13
2026-07-09 12:21:15,"cmd: SitFlush: Begin","Aurora-1",2026-07-05 12:21:15
2026-07-09 12:20:17,"cmd: SitFlush: Begin","Aurora-1",2026-07-05 12:20:17
2026-07-09 12:19:21,"cmd: SitFlush: Begin","Aurora-1",2026-07-05 12:19:21
2026-07-09 12:18:20,"cmd: SitFlush: Begin","Aurora-1",2026-07-05 12:18:20
2026-07-09 12:17:24,"cmd: SitFlush: Begin","Aurora-1",2026-07-05 12:17:24
2026-07-09 12:16:28,"cmd: SitFlush: Begin","Aurora-1",2026-07-05 12:16:28
2026-07-09 12:14:24,"cmd: SitFlush: Begin","Aurora-1",2026-07-05 12:14:24
2026-07-09 12:13:45,"cmd: SitFlush: Begin","Aurora-1",2026-07-05 12:13:45
2026-07-09 12:13:06,"cmd: SitFlush: Begin","Aurora-1",2026-07-05 12:13:06
2026-07-09 12:12:29,"cmd: SitFlush: Begin","Aurora-1",2026-07-05 12:12:29
2026-07-09 12:11:51,"cmd: SitFlush: Begin","Aurora-1",2026-07-05 12:11:51
2026-07-09 12:11:12,"cmd: SitFlush: Begin","Aurora-1",2026-07-05 12:11:12
2026-07-09 12:07:19,"cmd: SitFlush: Begin","Aurora-1",2026-07-05 12:07:19
2026-07-09 12:06:49,"cmd: SitFlush: Begin","Aurora-1",2026-07-05 12:06:49
2026-07-09 12:06:22,"cmd: SitFlush: Begin","Aurora-1",2026-07-05 12:06:22
2026-07-09 12:05:57,"cmd: SitFlush: Begin","Aurora-1",2026-07-05 12:05:57
2026-07-09 12:05:30,"cmd: SitFlush: Begin","Aurora-1",2026-07-05 12:05:30
2026-07-09 12:05:03,"cmd: SitFlush: Begin","Aurora-1",2026-07-05 12:05:03
2026-07-09 12:04:35,"cmd: SitFlush: Begin","Aurora-1",2026-07-05 12:04:35
2026-07-09 12:04:04,"cmd: SitFlush: Begin","Aurora-1",2026-07-05 12:04:04
2026-07-09 12:03:36,"cmd: SitFlush: Begin","Aurora-1",2026-07-05 12:03:36
2026-07-09 12:03:07,"cmd: SitFlush: Begin","Aurora-1",2026-07-05 12:03:07
2026-07-09 12:02:40,"cmd: SitFlush: Begin","Aurora-1",2026-07-05 12:02:40
2026-07-09 12:02:14,"cmd: SitFlush: Begin","Aurora-1",2026-07-05 12:02:14
2026-07-09 12:01:47,"cmd: SitFlush: Begin","Aurora-1",2026-07-05 12:01:47
2026-07-09 12:01:11,"cmd: SitFlush: Begin","Aurora-1",2026-07-05 12:01:11
2026-07-09 11:59:41,"cmd: SitFlush: Begin","Aurora-1",2026-07-05 11:59:41
2026-07-09 11:58:02,"cmd: SitFlush: Begin","Aurora-1",2026-07-05 11:58:02
2026-07-09 11:56:32,"cmd: SitFlush: Begin","Aurora-1",2026-07-05 11:56:32
2026-07-09 11:52:24,"cmd: SitFlush: Begin","Aurora-1",2026-07-05 11:52:24
2026-07-09 11:49:47,"cmd: SitFlush: Begin","Aurora-1",2026-07-05 11:49:47
2026-07-09 11:46:53,"cmd: SitFlush: Begin","Aurora-1",2026-07-05 11:46:53
2026-07-09 08:50:17,"cmd: SitFlush: Begin","Aurora-1",2026-07-05 08:50:17
2026-07-09 08:44:53,"cmd: SitFlush: Begin","Aurora-1",2026-07-05 08:44:53
2026-07-08 15:24:27,"cmd: SitFlush: Begin","Aurora-1",2026-07-05 15:24:27
2026-07-08 15:23:43,"cmd: SitFlush: Begin","Aurora-1",2026-07-05 15:23:43
2026-07-08 15:22:08,"cmd: SitFlush: Begin","Aurora-1",2026-07-05 15:22:08
2026-07-08 15:20:40,"cmd: SitFlush: Begin","Aurora-1",2026-07-05 15:20:40
2026-07-08 15:18:59,"cmd: SitFlush: Begin","Aurora-1",2026-07-05 15:18:59
2026-07-08 15:17:09,"cmd: SitFlush: Begin","Aurora-1",2026-07-05 15:17:09
2026-07-08 15:15:18,"cmd: SitFlush: Begin","Aurora-1",2026-07-05 15:15:18
2026-07-08 15:11:37,"cmd: SitFlush: Begin","Aurora-1",2026-07-05 15:11:37
2026-07-08 14:46:46,"cmd: SitFlush: Begin","Aurora-1",2026-07-05 14:46:46
2026-07-08 14:41:22,"cmd: SitFlush: Begin","Aurora-1",2026-07-05 14:41:22
2026-07-08 14:36:41,"cmd: SitFlush: Begin","Aurora-1",2026-07-05 14:36:41
2026-07-08 14:32:09,"cmd: SitFlush: Begin","Aurora-1",2026-07-05 14:32:09
2026-07-08 14:31:45,"cmd: SitFlush: Begin","Aurora-1",2026-07-05 14:31:45
2026-07-08 14:31:21,"cmd: SitFlush: Begin","Aurora-1",2026-07-05 14:31:21
2026-07-08 14:08:26,"cmd: SitFlush: Begin","Aurora-1",2026-07-05 14:08:26
2026-07-08 13:46:25,"cmd: SitFlush: Begin","Aurora-1",2026-07-05 13:46:25
2026-07-08 13:36:45,"cmd: SitFlush: Begin","Aurora-1",2026-07-05 13:36:45
2026-07-08 13:11:24,"cmd: SitFlush: Begin","Aurora-1",2026-07-05 13:11:24
2026-07-08 13:07:43,"cmd: SitFlush: Begin","Aurora-1",2026-07-05 13:07:43
2026-07-08 13:04:14,"cmd: SitFlush: Begin","Aurora-1",2026-07-05 13:04:14
2026-07-08 13:00:47,"cmd: SitFlush: Begin","Aurora-1",2026-07-05 13:00:47
2026-07-08 13:00:04,"cmd: SitFlush: Begin","Aurora-1",2026-07-05 13:00:04
2026-07-08 12:57:21,"cmd: SitFlush: Begin","Aurora-1",2026-07-05 12:57:21
2026-07-08 12:40:00,"cmd: SitFlush: Begin","Aurora-1",2026-07-05 12:40:00
2026-07-08 12:22:59,"cmd: SitFlush: Begin","Aurora-1",2026-07-05 12:22:59
2026-07-08 11:20:00,"cmd: SitFlush: Begin","Aurora-1",2026-07-05 11:20:00
2026-07-08 11:18:50,"cmd: SitFlush: Begin","Aurora-1",2026-07-05 11:18:50
2026-07-08 11:18:13,"cmd: SitFlush: Begin","Aurora-1",2026-07-05 11:18:13
2026-07-08 11:17:05,"cmd: SitFlush: Begin","Aurora-1",2026-07-05 11:17:05
2026-07-08 11:11:34,"cmd: SitFlush: Begin","Aurora-1",2026-07-05 11:11:34
2026-07-08 11:10:10,"cmd: SitFlush: Begin","Aurora-1",2026-07-05 11:10:10
2026-07-08 11:08:39,"cmd: SitFlush: Begin","Aurora-1",2026-07-05 11:08:39
2026-07-08 09:27:05,"cmd: SitFlush: Begin","Aurora-1",2026-07-05 09:27:05
2026-07-08 09:26:33,"cmd: SitFlush: Begin","Aurora-1",2026-07-05 09:26:33
2026-07-08 09:26:04,"cmd: SitFlush: Begin","Aurora-1",2026-07-05 09:26:04
2026-07-08 09:25:33,"cmd: SitFlush: Begin","Aurora-1",2026-07-05 09:25:33
2026-07-08 09:25:05,"cmd: SitFlush: Begin","Aurora-1",2026-07-05 09:25:05
2026-07-08 09:24:35,"cmd: SitFlush: Begin","Aurora-1",2026-07-05 09:24:35
2026-07-08 09:05:48,"cmd: SitFlush: Begin","Aurora-1",2026-07-05 09:05:48
2026-07-08 09:02:14,"cmd: SitFlush: Begin","Aurora-1",2026-07-05 09:02:14
2026-07-08 08:58:26,"cmd: SitFlush: Begin","Aurora-1",2026-07-05 08:58:26
2026-07-07 08:24:32,"cmd: SitFlush: Begin","Aurora-1",2026-07-05 08:24:32
2026-07-07 08:20:08,"cmd: SitFlush: Begin","Aurora-1",2026-07-05 08:20:08
2026-07-06 09:47:19,"cmd: SitFlush: Begin","Aurora-1",2026-07-05 09:47:19
2026-07-06 09:42:12,"cmd: SitFlush: Begin","Aurora-1",2026-07-05 09:42:12
2026-07-02 15:46:56,"cmd: SitFlush: Begin","Aurora-1",2026-06-28 15:46:56
2026-07-02 15:44:56,"cmd: SitFlush: Begin","Aurora-1",2026-06-28 15:44:56
2026-07-02 15:42:57,"cmd: SitFlush: Begin","Aurora-1",2026-06-28 15:42:57
2026-07-02 15:40:52,"cmd: SitFlush: Begin","Aurora-1",2026-06-28 15:40:52
2026-07-02 15:38:51,"cmd: SitFlush: Begin","Aurora-1",2026-06-28 15:38:51
2026-07-02 15:36:51,"cmd: SitFlush: Begin","Aurora-1",2026-06-28 15:36:51
2026-07-02 15:34:50,"cmd: SitFlush: Begin","Aurora-1",2026-06-28 15:34:50
2026-07-02 15:32:49,"cmd: SitFlush: Begin","Aurora-1",2026-06-28 15:32:49
2026-07-02 15:30:49,"cmd: SitFlush: Begin","Aurora-1",2026-06-28 15:30:49
2026-07-02 15:28:47,"cmd: SitFlush: Begin","Aurora-1",2026-06-28 15:28:47
2026-07-02 15:26:46,"cmd: SitFlush: Begin","Aurora-1",2026-06-28 15:26:46
2026-07-02 15:24:40,"cmd: SitFlush: Begin","Aurora-1",2026-06-28 15:24:40
2026-07-02 15:22:38,"cmd: SitFlush: Begin","Aurora-1",2026-06-28 15:22:38
2026-07-02 15:20:36,"cmd: SitFlush: Begin","Aurora-1",2026-06-28 15:20:36
2026-07-02 15:18:33,"cmd: SitFlush: Begin","Aurora-1",2026-06-28 15:18:33
2026-07-02 15:16:30,"cmd: SitFlush: Begin","Aurora-1",2026-06-28 15:16:30
2026-07-02 15:14:27,"cmd: SitFlush: Begin","Aurora-1",2026-06-28 15:14:27
2026-07-02 15:12:24,"cmd: SitFlush: Begin","Aurora-1",2026-06-28 15:12:24
2026-07-02 15:10:20,"cmd: SitFlush: Begin","Aurora-1",2026-06-28 15:10:20
2026-07-02 15:08:07,"cmd: SitFlush: Begin","Aurora-1",2026-06-28 15:08:07
2026-07-02 11:43:30,"cmd: SitFlush: Begin","Aurora-1",2026-06-28 11:43:30
2026-07-02 11:42:40,"cmd: SitFlush: Begin","Aurora-1",2026-06-28 11:42:40
2026-07-02 11:41:48,"cmd: SitFlush: Begin","Aurora-1",2026-06-28 11:41:48
2026-07-02 11:40:53,"cmd: SitFlush: Begin","Aurora-1",2026-06-28 11:40:53
2026-07-02 11:39:55,"cmd: SitFlush: Begin","Aurora-1",2026-06-28 11:39:55
2026-07-02 11:38:57,"cmd: SitFlush: Begin","Aurora-1",2026-06-28 11:38:57
2026-07-02 11:37:57,"cmd: SitFlush: Begin","Aurora-1",2026-06-28 11:37:57
2026-07-02 11:35:34,"cmd: SitFlush: Begin","Aurora-1",2026-06-28 11:35:34
2026-07-02 11:34:55,"cmd: SitFlush: Begin","Aurora-1",2026-06-28 11:34:55
2026-07-02 11:26:47,"cmd: SitFlush: Begin","Aurora-1",2026-06-28 11:26:47
2026-07-02 11:24:28,"cmd: SitFlush: Begin","Aurora-1",2026-06-28 11:24:28
2026-07-02 11:21:45,"cmd: SitFlush: Begin","Aurora-1",2026-06-28 11:21:45
2026-07-02 11:19:29,"cmd: SitFlush: Begin","Aurora-1",2026-06-28 11:19:29
2026-07-02 11:17:06,"cmd: SitFlush: Begin","Aurora-1",2026-06-28 11:17:06
2026-07-02 11:14:45,"cmd: SitFlush: Begin","Aurora-1",2026-06-28 11:14:45
2026-07-02 11:12:31,"cmd: SitFlush: Begin","Aurora-1",2026-06-28 11:12:31
2026-07-02 11:10:14,"cmd: SitFlush: Begin","Aurora-1",2026-06-28 11:10:14
2026-07-02 10:58:46,"cmd: SitFlush: Begin","Aurora-1",2026-06-28 10:58:46
2026-07-02 10:50:46,"cmd: SitFlush: Begin","Aurora-1",2026-06-28 10:50:46
2026-07-02 10:45:30,"cmd: SitFlush: Begin","Aurora-1",2026-06-28 10:45:30
2026-07-02 10:37:31,"cmd: SitFlush: Begin","Aurora-1",2026-06-28 10:37:31
2026-07-02 08:45:32,"cmd: SitFlush: Begin","Aurora-1",2026-06-28 08:45:32
2026-07-02 08:40:34,"cmd: SitFlush: Begin","Aurora-1",2026-06-28 08:40:34
2026-07-01 15:54:55,"cmd: SitFlush: Begin","Aurora-1",2026-06-28 15:54:55
2026-07-01 15:52:55,"cmd: SitFlush: Begin","Aurora-1",2026-06-28 15:52:55
2026-07-01 15:50:54,"cmd: SitFlush: Begin","Aurora-1",2026-06-28 15:50:54
2026-07-01 15:48:54,"cmd: SitFlush: Begin","Aurora-1",2026-06-28 15:48:54
2026-07-01 15:46:54,"cmd: SitFlush: Begin","Aurora-1",2026-06-28 15:46:54
2026-07-01 15:44:51,"cmd: SitFlush: Begin","Aurora-1",2026-06-28 15:44:51
2026-07-01 15:42:51,"cmd: SitFlush: Begin","Aurora-1",2026-06-28 15:42:51
2026-07-01 15:40:51,"cmd: SitFlush: Begin","Aurora-1",2026-06-28 15:40:51
2026-07-01 15:38:46,"cmd: SitFlush: Begin","Aurora-1",2026-06-28 15:38:46
2026-07-01 15:38:17,"cmd: SitFlush: Begin","Aurora-1",2026-06-28 15:38:17
2026-07-01 15:36:16,"cmd: SitFlush: Begin","Aurora-1",2026-06-28 15:36:16
2026-07-01 15:34:15,"cmd: SitFlush: Begin","Aurora-1",2026-06-28 15:34:15
2026-07-01 15:32:12,"cmd: SitFlush: Begin","Aurora-1",2026-06-28 15:32:12
2026-07-01 15:30:09,"cmd: SitFlush: Begin","Aurora-1",2026-06-28 15:30:09
2026-07-01 15:28:09,"cmd: SitFlush: Begin","Aurora-1",2026-06-28 15:28:09
2026-07-01 15:26:06,"cmd: SitFlush: Begin","Aurora-1",2026-06-28 15:26:06
2026-07-01 15:24:01,"cmd: SitFlush: Begin","Aurora-1",2026-06-28 15:24:01
2026-07-01 15:22:00,"cmd: SitFlush: Begin","Aurora-1",2026-06-28 15:22:00
2026-07-01 15:19:57,"cmd: SitFlush: Begin","Aurora-1",2026-06-28 15:19:57
2026-07-01 15:17:56,"cmd: SitFlush: Begin","Aurora-1",2026-06-28 15:17:56
2026-07-01 15:15:53,"cmd: SitFlush: Begin","Aurora-1",2026-06-28 15:15:53
2026-07-01 15:13:50,"cmd: SitFlush: Begin","Aurora-1",2026-06-28 15:13:50
2026-07-01 15:11:47,"cmd: SitFlush: Begin","Aurora-1",2026-06-28 15:11:47
2026-07-01 15:09:45,"cmd: SitFlush: Begin","Aurora-1",2026-06-28 15:09:45
2026-07-01 15:07:33,"cmd: SitFlush: Begin","Aurora-1",2026-06-28 15:07:33
2026-07-01 13:57:18,"cmd: SitFlush: Begin","Aurora-1",2026-06-28 13:57:18
2026-07-01 13:56:04,"cmd: SitFlush: Begin","Aurora-1",2026-06-28 13:56:04
2026-07-01 13:54:51,"cmd: SitFlush: Begin","Aurora-1",2026-06-28 13:54:51
2026-07-01 13:53:40,"cmd: SitFlush: Begin","Aurora-1",2026-06-28 13:53:40
2026-07-01 13:47:41,"cmd: SitFlush: Begin","Aurora-1",2026-06-28 13:47:41
2026-07-01 13:34:23,"cmd: SitFlush: Begin","Aurora-1",2026-06-28 13:34:23
2026-07-01 13:33:29,"cmd: SitFlush: Begin","Aurora-1",2026-06-28 13:33:29
2026-07-01 13:32:17,"cmd: SitFlush: Begin","Aurora-1",2026-06-28 13:32:17
2026-07-01 13:30:46,"cmd: SitFlush: Begin","Aurora-1",2026-06-28 13:30:46
2026-07-01 13:29:48,"cmd: SitFlush: Begin","Aurora-1",2026-06-28 13:29:48
2026-07-01 13:28:45,"cmd: SitFlush: Begin","Aurora-1",2026-06-28 13:28:45
2026-07-01 13:27:21,"cmd: SitFlush: Begin","Aurora-1",2026-06-28 13:27:21
2026-07-01 13:25:57,"cmd: SitFlush: Begin","Aurora-1",2026-06-28 13:25:57
2026-07-01 13:24:24,"cmd: SitFlush: Begin","Aurora-1",2026-06-28 13:24:24
2026-07-01 13:23:14,"cmd: SitFlush: Begin","Aurora-1",2026-06-28 13:23:14
2026-07-01 13:12:09,"cmd: SitFlush: Begin","Aurora-1",2026-06-28 13:12:09
2026-07-01 13:11:02,"cmd: SitFlush: Begin","Aurora-1",2026-06-28 13:11:02
2026-07-01 13:03:41,"cmd: SitFlush: Begin","Aurora-1",2026-06-28 13:03:41
2026-07-01 12:44:52,"cmd: SitFlush: Begin","Aurora-1",2026-06-28 12:44:52
2026-07-01 09:35:40,"cmd: SitFlush: Begin","Aurora-1",2026-06-28 09:35:40
2026-07-01 09:29:57,"cmd: SitFlush: Begin","Aurora-1",2026-06-28 09:29:57
2026-07-01 08:56:25,"cmd: SitFlush: Begin","Aurora-1",2026-06-28 08:56:25
2026-06-18 10:44:00,"cmd: SitFlush: Begin","Aurora-1",2026-06-14 10:44:00
2026-06-18 10:41:53,"cmd: SitFlush: Begin","Aurora-1",2026-06-14 10:41:53
2026-06-18 10:40:18,"cmd: SitFlush: Begin","Aurora-1",2026-06-14 10:40:18
2026-06-18 10:38:40,"cmd: SitFlush: Begin","Aurora-1",2026-06-14 10:38:40
2026-06-18 10:37:20,"cmd: SitFlush: Begin","Aurora-1",2026-06-14 10:37:20
2026-06-18 10:35:55,"cmd: SitFlush: Begin","Aurora-1",2026-06-14 10:35:55
2026-06-18 10:34:42,"cmd: SitFlush: Begin","Aurora-1",2026-06-14 10:34:42
2026-06-18 10:33:17,"cmd: SitFlush: Begin","Aurora-1",2026-06-14 10:33:17
2026-06-18 10:26:57,"cmd: SitFlush: Begin","Aurora-1",2026-06-14 10:26:57
2026-06-18 10:26:29,"cmd: SitFlush: Begin","Aurora-1",2026-06-14 10:26:29
2026-06-18 10:25:56,"cmd: SitFlush: Begin","Aurora-1",2026-06-14 10:25:56
2026-06-18 10:25:26,"cmd: SitFlush: Begin","Aurora-1",2026-06-14 10:25:26
2026-06-18 10:24:58,"cmd: SitFlush: Begin","Aurora-1",2026-06-14 10:24:58
2026-06-18 10:24:29,"cmd: SitFlush: Begin","Aurora-1",2026-06-14 10:24:29
2026-06-18 10:24:00,"cmd: SitFlush: Begin","Aurora-1",2026-06-14 10:24:00
2026-06-18 10:23:32,"cmd: SitFlush: Begin","Aurora-1",2026-06-14 10:23:32
2026-06-18 10:23:04,"cmd: SitFlush: Begin","Aurora-1",2026-06-14 10:23:04
2026-06-18 10:22:34,"cmd: SitFlush: Begin","Aurora-1",2026-06-14 10:22:34
2026-06-18 10:18:24,"cmd: SitFlush: Begin","Aurora-1",2026-06-14 10:18:24
2026-06-18 08:50:03,"cmd: SitFlush: Begin","Aurora-1",2026-06-14 08:50:03
2026-06-18 08:37:41,"cmd: SitFlush: Begin","Aurora-1",2026-06-14 08:37:41
2026-06-17 17:15:25,"cmd: SitFlush: Begin","Aurora-1",2026-06-14 17:15:25
2026-06-17 17:07:52,"cmd: SitFlush: Begin","Aurora-1",2026-06-14 17:07:52
2026-06-17 17:07:43,"cmd: SitFlush: Begin","Aurora-1",2026-06-14 17:07:43
2026-06-17 17:07:34,"cmd: SitFlush: Begin","Aurora-1",2026-06-14 17:07:34
2026-06-17 17:00:34,"cmd: SitFlush: Begin","Aurora-1",2026-06-14 17:00:34
2026-06-17 16:53:40,"cmd: SitFlush: Begin","Aurora-1",2026-06-14 16:53:40
2026-06-17 16:47:41,"cmd: SitFlush: Begin","Aurora-1",2026-06-14 16:47:41
2026-06-17 16:47:31,"cmd: SitFlush: Begin","Aurora-1",2026-06-14 16:47:31
2026-06-17 16:47:21,"cmd: SitFlush: Begin","Aurora-1",2026-06-14 16:47:21
2026-06-17 16:38:50,"cmd: SitFlush: Begin","Aurora-1",2026-06-14 16:38:50
2026-06-17 16:38:37,"cmd: SitFlush: Begin","Aurora-1",2026-06-14 16:38:37
2026-06-17 16:26:43,"cmd: SitFlush: Begin","Aurora-1",2026-06-14 16:26:43
2026-06-17 16:26:00,"cmd: SitFlush: Begin","Aurora-1",2026-06-14 16:26:00
2026-06-17 16:25:13,"cmd: SitFlush: Begin","Aurora-1",2026-06-14 16:25:13
2026-06-17 16:24:23,"cmd: SitFlush: Begin","Aurora-1",2026-06-14 16:24:23
2026-06-17 16:23:38,"cmd: SitFlush: Begin","Aurora-1",2026-06-14 16:23:38
2026-06-17 16:22:37,"cmd: SitFlush: Begin","Aurora-1",2026-06-14 16:22:37
2026-06-17 16:22:00,"cmd: SitFlush: Begin","Aurora-1",2026-06-14 16:22:00
2026-06-17 16:21:20,"cmd: SitFlush: Begin","Aurora-1",2026-06-14 16:21:20
2026-06-17 16:20:37,"cmd: SitFlush: Begin","Aurora-1",2026-06-14 16:20:37
2026-06-17 16:19:56,"cmd: SitFlush: Begin","Aurora-1",2026-06-14 16:19:56
2026-06-17 16:18:55,"cmd: SitFlush: Begin","Aurora-1",2026-06-14 16:18:55
2026-06-17 15:12:23,"cmd: SitFlush: Begin","Aurora-1",2026-06-14 15:12:23
2026-06-17 15:10:12,"cmd: SitFlush: Begin","Aurora-1",2026-06-14 15:10:12
2026-06-17 10:47:16,"cmd: SitFlush: Begin","Aurora-1",2026-06-14 10:47:16
2026-06-17 10:41:34,"cmd: SitFlush: Begin","Aurora-1",2026-06-14 10:41:34
2026-06-17 10:41:02,"cmd: SitFlush: Begin","Aurora-1",2026-06-14 10:41:02
2026-06-17 10:40:24,"cmd: SitFlush: Begin","Aurora-1",2026-06-14 10:40:24
2026-06-17 10:39:47,"cmd: SitFlush: Begin","Aurora-1",2026-06-14 10:39:47
2026-06-17 10:39:09,"cmd: SitFlush: Begin","Aurora-1",2026-06-14 10:39:09
2026-06-17 10:38:33,"cmd: SitFlush: Begin","Aurora-1",2026-06-14 10:38:33
2026-06-17 10:38:01,"cmd: SitFlush: Begin","Aurora-1",2026-06-14 10:38:01
2026-06-17 10:37:22,"cmd: SitFlush: Begin","Aurora-1",2026-06-14 10:37:22
2026-06-17 10:36:35,"cmd: SitFlush: Begin","Aurora-1",2026-06-14 10:36:35
2026-06-17 10:35:43,"cmd: SitFlush: Begin","Aurora-1",2026-06-14 10:35:43
2026-06-17 10:34:56,"cmd: SitFlush: Begin","Aurora-1",2026-06-14 10:34:56
2026-06-17 10:33:57,"cmd: SitFlush: Begin","Aurora-1",2026-06-14 10:33:57
2026-06-17 10:33:14,"cmd: SitFlush: Begin","Aurora-1",2026-06-14 10:33:14
2026-06-17 10:32:24,"cmd: SitFlush: Begin","Aurora-1",2026-06-14 10:32:24
2026-06-17 10:31:28,"cmd: SitFlush: Begin","Aurora-1",2026-06-14 10:31:28
2026-06-17 10:30:41,"cmd: SitFlush: Begin","Aurora-1",2026-06-14 10:30:41
2026-06-17 10:30:12,"cmd: SitFlush: Begin","Aurora-1",2026-06-14 10:30:12
2026-06-17 10:27:56,"cmd: SitFlush: Begin","Aurora-1",2026-06-14 10:27:56
2026-06-17 10:26:52,"cmd: SitFlush: Begin","Aurora-1",2026-06-14 10:26:52
2026-06-17 10:25:49,"cmd: SitFlush: Begin","Aurora-1",2026-06-14 10:25:49
2026-06-17 10:25:07,"cmd: SitFlush: Begin","Aurora-1",2026-06-14 10:25:07
2026-06-17 10:24:06,"cmd: SitFlush: Begin","Aurora-1",2026-06-14 10:24:06
2026-06-17 10:22:47,"cmd: SitFlush: Begin","Aurora-1",2026-06-14 10:22:47
2026-06-17 08:54:11,"cmd: SitFlush: Begin","Aurora-1",2026-06-14 08:54:11
2026-06-17 08:47:47,"cmd: SitFlush: Begin","Aurora-1",2026-06-14 08:47:47
2026-06-16 15:46:05,"cmd: SitFlush: Begin","Aurora-1",2026-06-14 15:46:05
2026-06-16 15:43:24,"cmd: SitFlush: Begin","Aurora-1",2026-06-14 15:43:24
2026-06-16 15:40:43,"cmd: SitFlush: Begin","Aurora-1",2026-06-14 15:40:43
2026-06-16 15:38:02,"cmd: SitFlush: Begin","Aurora-1",2026-06-14 15:38:02
2026-06-16 15:35:20,"cmd: SitFlush: Begin","Aurora-1",2026-06-14 15:35:20
2026-06-16 15:30:40,"cmd: SitFlush: Begin","Aurora-1",2026-06-14 15:30:40
2026-06-16 15:29:55,"cmd: SitFlush: Begin","Aurora-1",2026-06-14 15:29:55
2026-06-16 15:23:27,"cmd: SitFlush: Begin","Aurora-1",2026-06-14 15:23:27
2026-06-16 15:11:59,"cmd: SitFlush: Begin","Aurora-1",2026-06-14 15:11:59
2026-06-16 15:10:40,"cmd: SitFlush: Begin","Aurora-1",2026-06-14 15:10:40
2026-06-16 15:06:20,"cmd: SitFlush: Begin","Aurora-1",2026-06-14 15:06:20
2026-06-16 15:03:55,"cmd: SitFlush: Begin","Aurora-1",2026-06-14 15:03:55
2026-06-16 15:03:18,"cmd: SitFlush: Begin","Aurora-1",2026-06-14 15:03:18
2026-06-16 15:02:51,"cmd: SitFlush: Begin","Aurora-1",2026-06-14 15:02:51
2026-06-16 15:02:22,"cmd: SitFlush: Begin","Aurora-1",2026-06-14 15:02:22
2026-06-16 15:01:55,"cmd: SitFlush: Begin","Aurora-1",2026-06-14 15:01:55
2026-06-16 15:01:29,"cmd: SitFlush: Begin","Aurora-1",2026-06-14 15:01:29
2026-06-16 15:01:03,"cmd: SitFlush: Begin","Aurora-1",2026-06-14 15:01:03
2026-06-16 14:57:46,"cmd: SitFlush: Begin","Aurora-1",2026-06-14 14:57:46
2026-06-16 14:55:54,"cmd: SitFlush: Begin","Aurora-1",2026-06-14 14:55:54
2026-06-16 10:43:52,"cmd: SitFlush: Begin","Aurora-1",2026-06-14 10:43:52
2026-06-16 10:43:08,"cmd: SitFlush: Begin","Aurora-1",2026-06-14 10:43:08
2026-06-16 10:42:38,"cmd: SitFlush: Begin","Aurora-1",2026-06-14 10:42:38
2026-06-16 10:02:46,"cmd: SitFlush: Begin","Aurora-1",2026-06-14 10:02:46
2026-06-15 19:19:50,"cmd: SitFlush: Begin","Aurora-1",2026-06-14 19:19:50
2026-06-15 19:19:08,"cmd: SitFlush: Begin","Aurora-1",2026-06-14 19:19:08
2026-06-15 19:17:50,"cmd: SitFlush: Begin","Aurora-1",2026-06-14 19:17:50
2026-06-15 19:16:10,"cmd: SitFlush: Begin","Aurora-1",2026-06-14 19:16:10
2026-06-15 19:14:43,"cmd: SitFlush: Begin","Aurora-1",2026-06-14 19:14:43
2026-06-15 19:13:39,"cmd: SitFlush: Begin","Aurora-1",2026-06-14 19:13:39
2026-06-15 19:12:31,"cmd: SitFlush: Begin","Aurora-1",2026-06-14 19:12:31
2026-06-15 19:11:05,"cmd: SitFlush: Begin","Aurora-1",2026-06-14 19:11:05
2026-06-15 19:08:35,"cmd: SitFlush: Begin","Aurora-1",2026-06-14 19:08:35
2026-06-15 19:07:05,"cmd: SitFlush: Begin","Aurora-1",2026-06-14 19:07:05
2026-06-15 19:05:50,"cmd: SitFlush: Begin","Aurora-1",2026-06-14 19:05:50
2026-06-15 19:03:58,"cmd: SitFlush: Begin","Aurora-1",2026-06-14 19:03:58
2026-06-15 19:02:18,"cmd: SitFlush: Begin","Aurora-1",2026-06-14 19:02:18
2026-06-15 19:01:07,"cmd: SitFlush: Begin","Aurora-1",2026-06-14 19:01:07
2026-06-15 18:59:57,"cmd: SitFlush: Begin","Aurora-1",2026-06-14 18:59:57
2026-06-15 18:57:02,"cmd: SitFlush: Begin","Aurora-1",2026-06-14 18:57:02
2026-06-15 18:55:44,"cmd: SitFlush: Begin","Aurora-1",2026-06-14 18:55:44
2026-06-15 18:54:21,"cmd: SitFlush: Begin","Aurora-1",2026-06-14 18:54:21
2026-06-15 18:52:55,"cmd: SitFlush: Begin","Aurora-1",2026-06-14 18:52:55
2026-06-15 18:51:54,"cmd: SitFlush: Begin","Aurora-1",2026-06-14 18:51:54
2026-06-15 18:50:53,"cmd: SitFlush: Begin","Aurora-1",2026-06-14 18:50:53
2026-06-15 18:49:49,"cmd: SitFlush: Begin","Aurora-1",2026-06-14 18:49:49
2026-06-15 18:38:36,"cmd: SitFlush: Begin","Aurora-1",2026-06-14 18:38:36
2026-06-15 18:34:49,"cmd: SitFlush: Begin","Aurora-1",2026-06-14 18:34:49
2026-06-15 18:19:28,"cmd: SitFlush: Begin","Aurora-1",2026-06-14 18:19:28
2026-06-15 18:16:35,"cmd: SitFlush: Begin","Aurora-1",2026-06-14 18:16:35
2026-06-15 18:15:15,"cmd: SitFlush: Begin","Aurora-1",2026-06-14 18:15:15
2026-06-15 18:13:44,"cmd: SitFlush: Begin","Aurora-1",2026-06-14 18:13:44
2026-06-15 18:11:45,"cmd: SitFlush: Begin","Aurora-1",2026-06-14 18:11:45
2026-06-15 18:09:57,"cmd: SitFlush: Begin","Aurora-1",2026-06-14 18:09:57
2026-06-15 18:08:51,"cmd: SitFlush: Begin","Aurora-1",2026-06-14 18:08:51
2026-06-15 18:06:50,"cmd: SitFlush: Begin","Aurora-1",2026-06-14 18:06:50
2026-06-15 18:05:03,"cmd: SitFlush: Begin","Aurora-1",2026-06-14 18:05:03
2026-06-15 18:03:53,"cmd: SitFlush: Begin","Aurora-1",2026-06-14 18:03:53
2026-06-15 18:02:44,"cmd: SitFlush: Begin","Aurora-1",2026-06-14 18:02:44
2026-06-15 18:01:06,"cmd: SitFlush: Begin","Aurora-1",2026-06-14 18:01:06
2026-06-15 17:59:44,"cmd: SitFlush: Begin","Aurora-1",2026-06-14 17:59:44
2026-06-15 17:58:43,"cmd: SitFlush: Begin","Aurora-1",2026-06-14 17:58:43
2026-06-15 17:57:11,"cmd: SitFlush: Begin","Aurora-1",2026-06-14 17:57:11
2026-06-15 17:55:29,"cmd: SitFlush: Begin","Aurora-1",2026-06-14 17:55:29
2026-06-15 17:53:35,"cmd: SitFlush: Begin","Aurora-1",2026-06-14 17:53:35
2026-06-15 17:52:19,"cmd: SitFlush: Begin","Aurora-1",2026-06-14 17:52:19
2026-06-15 17:50:27,"cmd: SitFlush: Begin","Aurora-1",2026-06-14 17:50:27
2026-06-15 17:48:49,"cmd: SitFlush: Begin","Aurora-1",2026-06-14 17:48:49
2026-06-15 17:47:41,"cmd: SitFlush: Begin","Aurora-1",2026-06-14 17:47:41
2026-06-15 17:45:22,"cmd: SitFlush: Begin","Aurora-1",2026-06-14 17:45:22
2026-06-15 17:43:20,"cmd: SitFlush: Begin","Aurora-1",2026-06-14 17:43:20
2026-06-15 17:40:42,"cmd: SitFlush: Begin","Aurora-1",2026-06-14 17:40:42
2026-06-15 11:55:46,"cmd: SitFlush: Begin","Aurora-1",2026-06-14 11:55:46
2026-06-15 11:52:47,"cmd: SitFlush: Begin","Aurora-1",2026-06-14 11:52:47
2026-06-15 11:49:32,"cmd: SitFlush: Begin","Aurora-1",2026-06-14 11:49:32
2026-06-15 11:46:22,"cmd: SitFlush: Begin","Aurora-1",2026-06-14 11:46:22
2026-06-15 11:43:18,"cmd: SitFlush: Begin","Aurora-1",2026-06-14 11:43:18
2026-06-15 11:35:31,"cmd: SitFlush: Begin","Aurora-1",2026-06-14 11:35:31
2026-06-15 11:32:32,"cmd: SitFlush: Begin","Aurora-1",2026-06-14 11:32:32
2026-06-15 11:24:36,"cmd: SitFlush: Begin","Aurora-1",2026-06-14 11:24:36
2026-06-15 11:15:54,"cmd: SitFlush: Begin","Aurora-1",2026-06-14 11:15:54
2026-06-15 11:03:22,"cmd: SitFlush: Begin","Aurora-1",2026-06-14 11:03:22
2026-06-15 10:47:46,"cmd: SitFlush: Begin","Aurora-1",2026-06-14 10:47:46
2026-06-15 10:44:46,"cmd: SitFlush: Begin","Aurora-1",2026-06-14 10:44:46
2026-06-15 10:41:48,"cmd: SitFlush: Begin","Aurora-1",2026-06-14 10:41:48
2026-06-15 10:37:59,"cmd: SitFlush: Begin","Aurora-1",2026-06-14 10:37:59
2026-06-15 10:29:17,"cmd: SitFlush: Begin","Aurora-1",2026-06-14 10:29:17
2026-06-15 10:08:16,"cmd: SitFlush: Begin","Aurora-1",2026-06-14 10:08:16
2026-06-15 09:59:34,"cmd: SitFlush: Begin","Aurora-1",2026-06-14 09:59:34
2026-06-15 09:50:51,"cmd: SitFlush: Begin","Aurora-1",2026-06-14 09:50:51
2026-06-15 09:42:09,"cmd: SitFlush: Begin","Aurora-1",2026-06-14 09:42:09
2026-06-15 09:33:26,"cmd: SitFlush: Begin","Aurora-1",2026-06-14 09:33:26
2026-06-15 09:24:05,"cmd: SitFlush: Begin","Aurora-1",2026-06-14 09:24:05
2026-06-15 09:19:25,"cmd: SitFlush: Begin","Aurora-1",2026-06-14 09:19:25
2026-06-15 09:05:34,"cmd: SitFlush: Begin","Aurora-1",2026-06-14 09:05:34
2026-06-15 08:56:59,"cmd: SitFlush: Begin","Aurora-1",2026-06-14 08:56:59
2026-06-12 15:37:09,"cmd: SitFlush: Begin","Aurora-1",2026-06-07 15:37:09
2026-06-12 15:36:18,"cmd: SitFlush: Begin","Aurora-1",2026-06-07 15:36:18
2026-06-12 15:35:26,"cmd: SitFlush: Begin","Aurora-1",2026-06-07 15:35:26
2026-06-12 15:34:33,"cmd: SitFlush: Begin","Aurora-1",2026-06-07 15:34:33
2026-06-12 15:33:34,"cmd: SitFlush: Begin","Aurora-1",2026-06-07 15:33:34
2026-06-12 15:32:30,"cmd: SitFlush: Begin","Aurora-1",2026-06-07 15:32:30
2026-06-12 15:31:20,"cmd: SitFlush: Begin","Aurora-1",2026-06-07 15:31:20
2026-06-12 15:30:25,"cmd: SitFlush: Begin","Aurora-1",2026-06-07 15:30:25
2026-06-12 15:29:09,"cmd: SitFlush: Begin","Aurora-1",2026-06-07 15:29:09
2026-06-12 15:24:59,"cmd: SitFlush: Begin","Aurora-1",2026-06-07 15:24:59
2026-06-12 15:23:54,"cmd: SitFlush: Begin","Aurora-1",2026-06-07 15:23:54
2026-06-12 15:22:59,"cmd: SitFlush: Begin","Aurora-1",2026-06-07 15:22:59
2026-06-12 15:20:58,"cmd: SitFlush: Begin","Aurora-1",2026-06-07 15:20:58
2026-06-12 15:19:58,"cmd: SitFlush: Begin","Aurora-1",2026-06-07 15:19:58
2026-06-12 15:18:19,"cmd: SitFlush: Begin","Aurora-1",2026-06-07 15:18:19
2026-06-12 15:17:13,"cmd: SitFlush: Begin","Aurora-1",2026-06-07 15:17:13
2026-06-12 15:16:06,"cmd: SitFlush: Begin","Aurora-1",2026-06-07 15:16:06
2026-06-12 15:14:51,"cmd: SitFlush: Begin","Aurora-1",2026-06-07 15:14:51
2026-06-12 15:10:33,"cmd: SitFlush: Begin","Aurora-1",2026-06-07 15:10:33
2026-06-12 15:09:43,"cmd: SitFlush: Begin","Aurora-1",2026-06-07 15:09:43
2026-06-12 15:08:52,"cmd: SitFlush: Begin","Aurora-1",2026-06-07 15:08:52
2026-06-12 15:07:45,"cmd: SitFlush: Begin","Aurora-1",2026-06-07 15:07:45
2026-06-12 15:06:44,"cmd: SitFlush: Begin","Aurora-1",2026-06-07 15:06:44
2026-06-12 15:05:27,"cmd: SitFlush: Begin","Aurora-1",2026-06-07 15:05:27
2026-06-12 15:04:04,"cmd: SitFlush: Begin","Aurora-1",2026-06-07 15:04:04
2026-06-12 15:03:02,"cmd: SitFlush: Begin","Aurora-1",2026-06-07 15:03:02
2026-06-12 15:01:34,"cmd: SitFlush: Begin","Aurora-1",2026-06-07 15:01:34
2026-06-12 14:50:32,"cmd: SitFlush: Begin","Aurora-1",2026-06-07 14:50:32
2026-06-12 14:42:52,"cmd: SitFlush: Begin","Aurora-1",2026-06-07 14:42:52
2026-06-12 14:40:50,"cmd: SitFlush: Begin","Aurora-1",2026-06-07 14:40:50
2026-06-12 14:38:57,"cmd: SitFlush: Begin","Aurora-1",2026-06-07 14:38:57
2026-06-12 14:36:50,"cmd: SitFlush: Begin","Aurora-1",2026-06-07 14:36:50
2026-06-12 14:35:00,"cmd: SitFlush: Begin","Aurora-1",2026-06-07 14:35:00
2026-06-12 14:24:25,"cmd: SitFlush: Begin","Aurora-1",2026-06-07 14:24:25
2026-06-12 14:23:28,"cmd: SitFlush: Begin","Aurora-1",2026-06-07 14:23:28
2026-06-12 14:22:47,"cmd: SitFlush: Begin","Aurora-1",2026-06-07 14:22:47
2026-06-12 14:22:05,"cmd: SitFlush: Begin","Aurora-1",2026-06-07 14:22:05
2026-06-12 14:21:18,"cmd: SitFlush: Begin","Aurora-1",2026-06-07 14:21:18
2026-06-12 14:20:38,"cmd: SitFlush: Begin","Aurora-1",2026-06-07 14:20:38
2026-06-12 14:19:16,"cmd: SitFlush: Begin","Aurora-1",2026-06-07 14:19:16
2026-06-12 14:18:30,"cmd: SitFlush: Begin","Aurora-1",2026-06-07 14:18:30
2026-06-12 14:17:32,"cmd: SitFlush: Begin","Aurora-1",2026-06-07 14:17:32
2026-06-12 14:16:42,"cmd: SitFlush: Begin","Aurora-1",2026-06-07 14:16:42
2026-06-12 14:14:42,"cmd: SitFlush: Begin","Aurora-1",2026-06-07 14:14:42
2026-06-12 12:43:37,"cmd: SitFlush: Begin","Aurora-1",2026-06-07 12:43:37
2026-06-12 12:42:02,"cmd: SitFlush: Begin","Aurora-1",2026-06-07 12:42:02
2026-06-12 12:40:28,"cmd: SitFlush: Begin","Aurora-1",2026-06-07 12:40:28
2026-06-12 12:38:52,"cmd: SitFlush: Begin","Aurora-1",2026-06-07 12:38:52
2026-06-12 12:37:18,"cmd: SitFlush: Begin","Aurora-1",2026-06-07 12:37:18
2026-06-12 12:35:43,"cmd: SitFlush: Begin","Aurora-1",2026-06-07 12:35:43
2026-06-12 12:22:12,"cmd: SitFlush: Begin","Aurora-1",2026-06-07 12:22:12
2026-06-12 12:20:33,"cmd: SitFlush: Begin","Aurora-1",2026-06-07 12:20:33
2026-06-12 12:16:02,"cmd: SitFlush: Begin","Aurora-1",2026-06-07 12:16:02
2026-06-12 12:15:12,"cmd: SitFlush: Begin","Aurora-1",2026-06-07 12:15:12
2026-06-12 12:14:42,"cmd: SitFlush: Begin","Aurora-1",2026-06-07 12:14:42
2026-06-12 12:14:13,"cmd: SitFlush: Begin","Aurora-1",2026-06-07 12:14:13
2026-06-12 12:13:43,"cmd: SitFlush: Begin","Aurora-1",2026-06-07 12:13:43
2026-06-12 12:13:10,"cmd: SitFlush: Begin","Aurora-1",2026-06-07 12:13:10
2026-06-12 12:12:12,"cmd: SitFlush: Begin","Aurora-1",2026-06-07 12:12:12
2026-06-12 12:11:31,"cmd: SitFlush: Begin","Aurora-1",2026-06-07 12:11:31
2026-06-12 10:36:21,"cmd: SitFlush: Begin","Aurora-1",2026-06-07 10:36:21
2026-06-12 10:35:49,"cmd: SitFlush: Begin","Aurora-1",2026-06-07 10:35:49
2026-06-12 10:35:17,"cmd: SitFlush: Begin","Aurora-1",2026-06-07 10:35:17
2026-06-12 10:34:45,"cmd: SitFlush: Begin","Aurora-1",2026-06-07 10:34:45
2026-06-12 10:34:13,"cmd: SitFlush: Begin","Aurora-1",2026-06-07 10:34:13
2026-06-12 10:33:39,"cmd: SitFlush: Begin","Aurora-1",2026-06-07 10:33:39
2026-06-12 10:33:04,"cmd: SitFlush: Begin","Aurora-1",2026-06-07 10:33:04
2026-06-12 10:32:28,"cmd: SitFlush: Begin","Aurora-1",2026-06-07 10:32:28
2026-06-12 10:31:47,"cmd: SitFlush: Begin","Aurora-1",2026-06-07 10:31:47
2026-06-12 09:16:49,"cmd: SitFlush: Begin","Aurora-1",2026-06-07 09:16:49
2026-06-12 08:58:31,"cmd: SitFlush: Begin","Aurora-1",2026-06-07 08:58:31
2026-06-11 09:51:04,"cmd: SitFlush: Begin","Aurora-1",2026-06-07 09:51:04
2026-06-11 09:43:53,"cmd: SitFlush: Begin","Aurora-1",2026-06-07 09:43:53
2026-06-10 17:20:37,"cmd: SitFlush: Begin","Aurora-1",2026-06-07 17:20:37
2026-06-10 17:17:20,"cmd: SitFlush: Begin","Aurora-1",2026-06-07 17:17:20
2026-06-10 17:13:51,"cmd: SitFlush: Begin","Aurora-1",2026-06-07 17:13:51
2026-06-10 17:10:32,"cmd: SitFlush: Begin","Aurora-1",2026-06-07 17:10:32
2026-06-10 17:07:13,"cmd: SitFlush: Begin","Aurora-1",2026-06-07 17:07:13
2026-06-10 17:06:14,"cmd: SitFlush: Begin","Aurora-1",2026-06-07 17:06:14
2026-06-10 17:02:51,"cmd: SitFlush: Begin","Aurora-1",2026-06-07 17:02:51
2026-06-10 16:59:11,"cmd: SitFlush: Begin","Aurora-1",2026-06-07 16:59:11
2026-06-10 16:54:46,"cmd: SitFlush: Begin","Aurora-1",2026-06-07 16:54:46
2026-06-10 16:50:14,"cmd: SitFlush: Begin","Aurora-1",2026-06-07 16:50:14
2026-06-10 16:46:42,"cmd: SitFlush: Begin","Aurora-1",2026-06-07 16:46:42
2026-06-10 16:43:19,"cmd: SitFlush: Begin","Aurora-1",2026-06-07 16:43:19
2026-06-10 16:39:26,"cmd: SitFlush: Begin","Aurora-1",2026-06-07 16:39:26
2026-06-10 16:35:52,"cmd: SitFlush: Begin","Aurora-1",2026-06-07 16:35:52
2026-06-10 16:32:19,"cmd: SitFlush: Begin","Aurora-1",2026-06-07 16:32:19
2026-06-10 16:28:44,"cmd: SitFlush: Begin","Aurora-1",2026-06-07 16:28:44
2026-06-10 16:25:18,"cmd: SitFlush: Begin","Aurora-1",2026-06-07 16:25:18
2026-06-10 16:22:03,"cmd: SitFlush: Begin","Aurora-1",2026-06-07 16:22:03
2026-06-10 16:21:16,"cmd: SitFlush: Begin","Aurora-1",2026-06-07 16:21:16
2026-06-10 16:17:38,"cmd: SitFlush: Begin","Aurora-1",2026-06-07 16:17:38
2026-06-10 16:13:16,"cmd: SitFlush: Begin","Aurora-1",2026-06-07 16:13:16
2026-06-10 16:08:32,"cmd: SitFlush: Begin","Aurora-1",2026-06-07 16:08:32
2026-06-10 16:05:11,"cmd: SitFlush: Begin","Aurora-1",2026-06-07 16:05:11
2026-06-10 16:02:47,"cmd: SitFlush: Begin","Aurora-1",2026-06-07 16:02:47
2026-06-10 15:59:23,"cmd: SitFlush: Begin","Aurora-1",2026-06-07 15:59:23
2026-06-10 15:49:14,"cmd: SitFlush: Begin","Aurora-1",2026-06-07 15:49:14
2026-06-10 15:48:22,"cmd: SitFlush: Begin","Aurora-1",2026-06-07 15:48:22
2026-06-10 15:47:26,"cmd: SitFlush: Begin","Aurora-1",2026-06-07 15:47:26
2026-06-10 15:46:37,"cmd: SitFlush: Begin","Aurora-1",2026-06-07 15:46:37
2026-06-10 15:45:46,"cmd: SitFlush: Begin","Aurora-1",2026-06-07 15:45:46
2026-06-10 15:44:49,"cmd: SitFlush: Begin","Aurora-1",2026-06-07 15:44:49
2026-06-10 15:43:51,"cmd: SitFlush: Begin","Aurora-1",2026-06-07 15:43:51
2026-06-10 15:43:02,"cmd: SitFlush: Begin","Aurora-1",2026-06-07 15:43:02
2026-06-10 15:42:06,"cmd: SitFlush: Begin","Aurora-1",2026-06-07 15:42:06
2026-06-10 15:41:15,"cmd: SitFlush: Begin","Aurora-1",2026-06-07 15:41:15
2026-06-10 15:40:23,"cmd: SitFlush: Begin","Aurora-1",2026-06-07 15:40:23
2026-06-10 15:39:33,"cmd: SitFlush: Begin","Aurora-1",2026-06-07 15:39:33
2026-06-10 15:38:41,"cmd: SitFlush: Begin","Aurora-1",2026-06-07 15:38:41
2026-06-10 15:37:50,"cmd: SitFlush: Begin","Aurora-1",2026-06-07 15:37:50
2026-06-10 15:36:48,"cmd: SitFlush: Begin","Aurora-1",2026-06-07 15:36:48
2026-06-10 10:27:43,"cmd: SitFlush: Begin","Aurora-1",2026-06-07 10:27:43
2026-06-10 10:13:58,"cmd: SitFlush: Begin","Aurora-1",2026-06-07 10:13:58
2026-06-10 10:10:37,"cmd: SitFlush: Begin","Aurora-1",2026-06-07 10:10:37
2026-06-09 21:30:58,"cmd: SitFlush: Begin","Aurora-1",2026-06-07 21:30:58
2026-06-09 21:28:44,"cmd: SitFlush: Begin","Aurora-1",2026-06-07 21:28:44
2026-06-09 21:26:49,"cmd: SitFlush: Begin","Aurora-1",2026-06-07 21:26:49
2026-06-09 21:24:48,"cmd: SitFlush: Begin","Aurora-1",2026-06-07 21:24:48
2026-06-09 21:22:19,"cmd: SitFlush: Begin","Aurora-1",2026-06-07 21:22:19
2026-06-09 21:20:35,"cmd: SitFlush: Begin","Aurora-1",2026-06-07 21:20:35
2026-06-09 21:17:50,"cmd: SitFlush: Begin","Aurora-1",2026-06-07 21:17:50
2026-06-09 21:14:54,"cmd: SitFlush: Begin","Aurora-1",2026-06-07 21:14:54
2026-06-09 21:13:26,"cmd: SitFlush: Begin","Aurora-1",2026-06-07 21:13:26
2026-06-09 21:10:59,"cmd: SitFlush: Begin","Aurora-1",2026-06-07 21:10:59
2026-06-09 21:08:26,"cmd: SitFlush: Begin","Aurora-1",2026-06-07 21:08:26
2026-06-09 21:05:10,"cmd: SitFlush: Begin","Aurora-1",2026-06-07 21:05:10
2026-06-09 21:02:12,"cmd: SitFlush: Begin","Aurora-1",2026-06-07 21:02:12
2026-06-09 20:54:21,"cmd: SitFlush: Begin","Aurora-1",2026-06-07 20:54:21
2026-06-09 20:53:01,"cmd: SitFlush: Begin","Aurora-1",2026-06-07 20:53:01
2026-06-09 20:49:32,"cmd: SitFlush: Begin","Aurora-1",2026-06-07 20:49:32
2026-06-09 20:45:38,"cmd: SitFlush: Begin","Aurora-1",2026-06-07 20:45:38
2026-06-09 20:42:57,"cmd: SitFlush: Begin","Aurora-1",2026-06-07 20:42:57
2026-06-09 20:33:31,"cmd: SitFlush: Begin","Aurora-1",2026-06-07 20:33:31
2026-06-09 20:32:48,"cmd: SitFlush: Begin","Aurora-1",2026-06-07 20:32:48
2026-06-09 20:32:08,"cmd: SitFlush: Begin","Aurora-1",2026-06-07 20:32:08
2026-06-09 20:31:17,"cmd: SitFlush: Begin","Aurora-1",2026-06-07 20:31:17
2026-06-09 20:30:26,"cmd: SitFlush: Begin","Aurora-1",2026-06-07 20:30:26
2026-06-09 20:28:45,"cmd: SitFlush: Begin","Aurora-1",2026-06-07 20:28:45
2026-06-09 20:28:06,"cmd: SitFlush: Begin","Aurora-1",2026-06-07 20:28:06
2026-06-09 20:27:21,"cmd: SitFlush: Begin","Aurora-1",2026-06-07 20:27:21
2026-06-09 20:26:36,"cmd: SitFlush: Begin","Aurora-1",2026-06-07 20:26:36
2026-06-09 20:25:50,"cmd: SitFlush: Begin","Aurora-1",2026-06-07 20:25:50
2026-06-09 20:25:05,"cmd: SitFlush: Begin","Aurora-1",2026-06-07 20:25:05
2026-06-09 20:22:52,"cmd: SitFlush: Begin","Aurora-1",2026-06-07 20:22:52
2026-06-09 20:21:39,"cmd: SitFlush: Begin","Aurora-1",2026-06-07 20:21:39
2026-06-09 20:20:43,"cmd: SitFlush: Begin","Aurora-1",2026-06-07 20:20:43
2026-06-09 20:14:14,"cmd: SitFlush: Begin","Aurora-1",2026-06-07 20:14:14
2026-06-09 20:08:01,"cmd: SitFlush: Begin","Aurora-1",2026-06-07 20:08:01
2026-06-09 20:07:30,"cmd: SitFlush: Begin","Aurora-1",2026-06-07 20:07:30
2026-06-09 20:04:18,"cmd: SitFlush: Begin","Aurora-1",2026-06-07 20:04:18
2026-06-09 20:03:27,"cmd: SitFlush: Begin","Aurora-1",2026-06-07 20:03:27
2026-06-09 11:17:59,"cmd: SitFlush: Begin","Aurora-1",2026-06-07 11:17:59
2026-06-09 11:12:09,"cmd: SitFlush: Begin","Aurora-1",2026-06-07 11:12:09
2026-06-09 11:06:18,"cmd: SitFlush: Begin","Aurora-1",2026-06-07 11:06:18
2026-06-09 11:00:28,"cmd: SitFlush: Begin","Aurora-1",2026-06-07 11:00:28
2026-06-09 10:54:39,"cmd: SitFlush: Begin","Aurora-1",2026-06-07 10:54:39
2026-06-09 10:48:33,"cmd: SitFlush: Begin","Aurora-1",2026-06-07 10:48:33
2026-06-09 10:44:29,"cmd: SitFlush: Begin","Aurora-1",2026-06-07 10:44:29
2026-06-09 10:41:18,"cmd: SitFlush: Begin","Aurora-1",2026-06-07 10:41:18
2026-06-09 10:38:07,"cmd: SitFlush: Begin","Aurora-1",2026-06-07 10:38:07
2026-06-09 10:34:54,"cmd: SitFlush: Begin","Aurora-1",2026-06-07 10:34:54
2026-06-09 10:31:38,"cmd: SitFlush: Begin","Aurora-1",2026-06-07 10:31:38
2026-06-09 10:28:22,"cmd: SitFlush: Begin","Aurora-1",2026-06-07 10:28:22
2026-06-09 10:25:05,"cmd: SitFlush: Begin","Aurora-1",2026-06-07 10:25:05
2026-06-09 10:21:39,"cmd: SitFlush: Begin","Aurora-1",2026-06-07 10:21:39
2026-06-09 10:18:49,"cmd: SitFlush: Begin","Aurora-1",2026-06-07 10:18:49
2026-06-09 10:15:31,"cmd: SitFlush: Begin","Aurora-1",2026-06-07 10:15:31
2026-06-09 10:11:03,"cmd: SitFlush: Begin","Aurora-1",2026-06-07 10:11:03
2026-06-09 10:04:59,"cmd: SitFlush: Begin","Aurora-1",2026-06-07 10:04:59
2026-06-09 10:01:27,"cmd: SitFlush: Begin","Aurora-1",2026-06-07 10:01:27
2026-06-09 09:55:39,"cmd: SitFlush: Begin","Aurora-1",2026-06-07 09:55:39
2026-06-09 09:49:53,"cmd: SitFlush: Begin","Aurora-1",2026-06-07 09:49:53
2026-06-09 09:44:03,"cmd: SitFlush: Begin","Aurora-1",2026-06-07 09:44:03
2026-06-09 09:41:07,"cmd: SitFlush: Begin","Aurora-1",2026-06-07 09:41:07
2026-06-09 09:38:03,"cmd: SitFlush: Begin","Aurora-1",2026-06-07 09:38:03
2026-06-09 09:21:34,"cmd: SitFlush: Begin","Aurora-1",2026-06-07 09:21:34
2026-06-09 09:20:27,"cmd: SitFlush: Begin","Aurora-1",2026-06-07 09:20:27
2026-06-09 09:19:18,"cmd: SitFlush: Begin","Aurora-1",2026-06-07 09:19:18
2026-06-09 09:18:13,"cmd: SitFlush: Begin","Aurora-1",2026-06-07 09:18:13
2026-06-09 09:17:04,"cmd: SitFlush: Begin","Aurora-1",2026-06-07 09:17:04
2026-06-09 09:14:39,"cmd: SitFlush: Begin","Aurora-1",2026-06-07 09:14:39
2026-06-09 09:13:47,"cmd: SitFlush: Begin","Aurora-1",2026-06-07 09:13:47
2026-06-09 09:12:41,"cmd: SitFlush: Begin","Aurora-1",2026-06-07 09:12:41
2026-06-09 09:11:44,"cmd: SitFlush: Begin","Aurora-1",2026-06-07 09:11:44
2026-06-09 09:10:38,"cmd: SitFlush: Begin","Aurora-1",2026-06-07 09:10:38
2026-06-09 09:09:44,"cmd: SitFlush: Begin","Aurora-1",2026-06-07 09:09:44
2026-06-09 09:08:55,"cmd: SitFlush: Begin","Aurora-1",2026-06-07 09:08:55
2026-06-09 09:07:58,"cmd: SitFlush: Begin","Aurora-1",2026-06-07 09:07:58
2026-06-09 09:06:59,"cmd: SitFlush: Begin","Aurora-1",2026-06-07 09:06:59
2026-06-09 09:05:59,"cmd: SitFlush: Begin","Aurora-1",2026-06-07 09:05:59
2026-06-09 09:04:45,"cmd: SitFlush: Begin","Aurora-1",2026-06-07 09:04:45
2026-06-09 09:03:46,"cmd: SitFlush: Begin","Aurora-1",2026-06-07 09:03:46
2026-06-09 08:46:42,"cmd: SitFlush: Begin","Aurora-1",2026-06-07 08:46:42
2026-06-09 08:44:30,"cmd: SitFlush: Begin","Aurora-1",2026-06-07 08:44:30
2026-06-09 08:36:51,"cmd: SitFlush: Begin","Aurora-1",2026-06-07 08:36:51
2026-06-08 23:13:43,"cmd: SitFlush: Begin","Aurora-1",2026-06-07 23:13:43
2026-06-08 23:10:58,"cmd: SitFlush: Begin","Aurora-1",2026-06-07 23:10:58
2026-06-08 23:08:07,"cmd: SitFlush: Begin","Aurora-1",2026-06-07 23:08:07
2026-06-08 23:05:26,"cmd: SitFlush: Begin","Aurora-1",2026-06-07 23:05:26
2026-06-08 23:03:01,"cmd: SitFlush: Begin","Aurora-1",2026-06-07 23:03:01
2026-06-08 23:00:30,"cmd: SitFlush: Begin","Aurora-1",2026-06-07 23:00:30
2026-06-08 22:58:05,"cmd: SitFlush: Begin","Aurora-1",2026-06-07 22:58:05
2026-06-08 22:55:47,"cmd: SitFlush: Begin","Aurora-1",2026-06-07 22:55:47
2026-06-08 22:53:06,"cmd: SitFlush: Begin","Aurora-1",2026-06-07 22:53:06
2026-06-08 22:50:27,"cmd: SitFlush: Begin","Aurora-1",2026-06-07 22:50:27
2026-06-08 22:48:13,"cmd: SitFlush: Begin","Aurora-1",2026-06-07 22:48:13
2026-06-08 22:45:23,"cmd: SitFlush: Begin","Aurora-1",2026-06-07 22:45:23
2026-06-08 22:41:20,"cmd: SitFlush: Begin","Aurora-1",2026-06-07 22:41:20
2026-06-08 22:37:45,"cmd: SitFlush: Begin","Aurora-1",2026-06-07 22:37:45
2026-06-08 22:34:15,"cmd: SitFlush: Begin","Aurora-1",2026-06-07 22:34:15
2026-06-08 22:29:10,"cmd: SitFlush: Begin","Aurora-1",2026-06-07 22:29:10
2026-06-08 22:27:10,"cmd: SitFlush: Begin","Aurora-1",2026-06-07 22:27:10
2026-06-08 22:26:38,"cmd: SitFlush: Begin","Aurora-1",2026-06-07 22:26:38
2026-06-08 22:23:57,"cmd: SitFlush: Begin","Aurora-1",2026-06-07 22:23:57
2026-06-08 22:21:30,"cmd: SitFlush: Begin","Aurora-1",2026-06-07 22:21:30
2026-06-08 22:18:17,"cmd: SitFlush: Begin","Aurora-1",2026-06-07 22:18:17
2026-06-08 22:17:42,"cmd: SitFlush: Begin","Aurora-1",2026-06-07 22:17:42
2026-06-08 22:16:55,"cmd: SitFlush: Begin","Aurora-1",2026-06-07 22:16:55
2026-06-08 22:14:42,"cmd: SitFlush: Begin","Aurora-1",2026-06-07 22:14:42
2026-06-08 22:11:45,"cmd: SitFlush: Begin","Aurora-1",2026-06-07 22:11:45
2026-06-08 22:08:59,"cmd: SitFlush: Begin","Aurora-1",2026-06-07 22:08:59
2026-06-08 22:06:13,"cmd: SitFlush: Begin","Aurora-1",2026-06-07 22:06:13
2026-06-08 22:05:37,"cmd: SitFlush: Begin","Aurora-1",2026-06-07 22:05:37
2026-06-08 22:03:31,"cmd: SitFlush: Begin","Aurora-1",2026-06-07 22:03:31
2026-06-08 22:00:02,"cmd: SitFlush: Begin","Aurora-1",2026-06-07 22:00:02
2026-06-08 21:56:36,"cmd: SitFlush: Begin","Aurora-1",2026-06-07 21:56:36
2026-06-08 21:54:47,"cmd: SitFlush: Begin","Aurora-1",2026-06-07 21:54:47
2026-06-08 21:54:01,"cmd: SitFlush: Begin","Aurora-1",2026-06-07 21:54:01
2026-06-08 21:49:21,"cmd: SitFlush: Begin","Aurora-1",2026-06-07 21:49:21
2026-06-08 21:45:19,"cmd: SitFlush: Begin","Aurora-1",2026-06-07 21:45:19
2026-06-08 21:27:51,"cmd: SitFlush: Begin","Aurora-1",2026-06-07 21:27:51
2026-06-08 21:27:14,"cmd: SitFlush: Begin","Aurora-1",2026-06-07 21:27:14
2026-06-08 21:26:35,"cmd: SitFlush: Begin","Aurora-1",2026-06-07 21:26:35
2026-06-08 21:25:54,"cmd: SitFlush: Begin","Aurora-1",2026-06-07 21:25:54
2026-06-08 21:25:14,"cmd: SitFlush: Begin","Aurora-1",2026-06-07 21:25:14
2026-06-08 21:24:36,"cmd: SitFlush: Begin","Aurora-1",2026-06-07 21:24:36
2026-06-08 21:24:00,"cmd: SitFlush: Begin","Aurora-1",2026-06-07 21:24:00
2026-06-08 21:23:24,"cmd: SitFlush: Begin","Aurora-1",2026-06-07 21:23:24
2026-06-08 21:22:45,"cmd: SitFlush: Begin","Aurora-1",2026-06-07 21:22:45
2026-06-08 21:22:08,"cmd: SitFlush: Begin","Aurora-1",2026-06-07 21:22:08
2026-06-08 21:21:29,"cmd: SitFlush: Begin","Aurora-1",2026-06-07 21:21:29
2026-06-08 21:20:51,"cmd: SitFlush: Begin","Aurora-1",2026-06-07 21:20:51
2026-06-08 21:20:14,"cmd: SitFlush: Begin","Aurora-1",2026-06-07 21:20:14
2026-06-08 21:19:37,"cmd: SitFlush: Begin","Aurora-1",2026-06-07 21:19:37
2026-06-08 21:19:03,"cmd: SitFlush: Begin","Aurora-1",2026-06-07 21:19:03
2026-06-08 21:18:25,"cmd: SitFlush: Begin","Aurora-1",2026-06-07 21:18:25
2026-06-08 21:17:47,"cmd: SitFlush: Begin","Aurora-1",2026-06-07 21:17:47
2026-06-08 21:17:09,"cmd: SitFlush: Begin","Aurora-1",2026-06-07 21:17:09
2026-06-08 21:16:26,"cmd: SitFlush: Begin","Aurora-1",2026-06-07 21:16:26
2026-06-08 21:15:46,"cmd: SitFlush: Begin","Aurora-1",2026-06-07 21:15:46
2026-06-08 21:15:09,"cmd: SitFlush: Begin","Aurora-1",2026-06-07 21:15:09
2026-06-08 21:14:28,"cmd: SitFlush: Begin","Aurora-1",2026-06-07 21:14:28
2026-06-08 21:13:53,"cmd: SitFlush: Begin","Aurora-1",2026-06-07 21:13:53
2026-06-08 21:12:53,"cmd: SitFlush: Begin","Aurora-1",2026-06-07 21:12:53
2026-06-08 21:11:57,"cmd: SitFlush: Begin","Aurora-1",2026-06-07 21:11:57
2026-06-08 10:43:13,"cmd: SitFlush: Begin","Aurora-1",2026-06-07 10:43:13
2026-06-08 10:38:33,"cmd: SitFlush: Begin","Aurora-1",2026-06-07 10:38:33
2026-06-08 10:37:54,"cmd: SitFlush: Begin","Aurora-1",2026-06-07 10:37:54
2026-06-08 10:37:24,"cmd: SitFlush: Begin","Aurora-1",2026-06-07 10:37:24
2026-06-08 10:35:36,"cmd: SitFlush: Begin","Aurora-1",2026-06-07 10:35:36
2026-06-08 10:35:02,"cmd: SitFlush: Begin","Aurora-1",2026-06-07 10:35:02
2026-06-08 10:34:25,"cmd: SitFlush: Begin","Aurora-1",2026-06-07 10:34:25
2026-06-08 10:33:47,"cmd: SitFlush: Begin","Aurora-1",2026-06-07 10:33:47
2026-06-08 10:32:59,"cmd: SitFlush: Begin","Aurora-1",2026-06-07 10:32:59
2026-06-08 10:32:16,"cmd: SitFlush: Begin","Aurora-1",2026-06-07 10:32:16
2026-06-08 10:31:15,"cmd: SitFlush: Begin","Aurora-1",2026-06-07 10:31:15
2026-06-08 10:29:52,"cmd: SitFlush: Begin","Aurora-1",2026-06-07 10:29:52
2026-06-08 10:29:02,"cmd: SitFlush: Begin","Aurora-1",2026-06-07 10:29:02
2026-06-08 10:28:25,"cmd: SitFlush: Begin","Aurora-1",2026-06-07 10:28:25
2026-06-08 10:27:41,"cmd: SitFlush: Begin","Aurora-1",2026-06-07 10:27:41
2026-06-08 10:26:49,"cmd: SitFlush: Begin","Aurora-1",2026-06-07 10:26:49
2026-06-08 10:26:03,"cmd: SitFlush: Begin","Aurora-1",2026-06-07 10:26:03
2026-06-08 10:25:11,"cmd: SitFlush: Begin","Aurora-1",2026-06-07 10:25:11
2026-06-08 10:24:25,"cmd: SitFlush: Begin","Aurora-1",2026-06-07 10:24:25
2026-06-08 10:23:10,"cmd: SitFlush: Begin","Aurora-1",2026-06-07 10:23:10
2026-06-08 10:20:54,"cmd: SitFlush: Begin","Aurora-1",2026-06-07 10:20:54
2026-06-08 10:20:25,"cmd: SitFlush: Begin","Aurora-1",2026-06-07 10:20:25
2026-06-08 10:19:28,"cmd: SitFlush: Begin","Aurora-1",2026-06-07 10:19:28
2026-06-08 10:19:04,"cmd: SitFlush: Begin","Aurora-1",2026-06-07 10:19:04
2026-06-08 10:18:19,"cmd: SitFlush: Begin","Aurora-1",2026-06-07 10:18:19
2026-06-08 10:17:32,"cmd: SitFlush: Begin","Aurora-1",2026-06-07 10:17:32
2026-06-08 10:16:07,"cmd: SitFlush: Begin","Aurora-1",2026-06-07 10:16:07
2026-06-08 10:15:39,"cmd: SitFlush: Begin","Aurora-1",2026-06-07 10:15:39
2026-06-08 10:15:09,"cmd: SitFlush: Begin","Aurora-1",2026-06-07 10:15:09
2026-06-08 10:14:44,"cmd: SitFlush: Begin","Aurora-1",2026-06-07 10:14:44
2026-06-08 10:13:34,"cmd: SitFlush: Begin","Aurora-1",2026-06-07 10:13:34
2026-06-08 10:13:05,"cmd: SitFlush: Begin","Aurora-1",2026-06-07 10:13:05
2026-06-08 10:12:11,"cmd: SitFlush: Begin","Aurora-1",2026-06-07 10:12:11
2026-06-08 10:10:22,"cmd: SitFlush: Begin","Aurora-1",2026-06-07 10:10:22
2026-06-08 09:49:30,"cmd: SitFlush: Begin","Aurora-1",2026-06-07 09:49:30
2026-06-08 09:00:14,"cmd: SitFlush: Begin","Aurora-1",2026-06-07 09:00:14
2026-06-08 08:51:59,"cmd: SitFlush: Begin","Aurora-1",2026-06-07 08:51:59
2026-06-05 17:30:41,"cmd: SitFlush: Begin","Aurora-1",2026-05-31 17:30:41
2026-06-05 17:29:52,"cmd: SitFlush: Begin","Aurora-1",2026-05-31 17:29:52
2026-06-05 17:29:16,"cmd: SitFlush: Begin","Aurora-1",2026-05-31 17:29:16
2026-06-05 17:28:35,"cmd: SitFlush: Begin","Aurora-1",2026-05-31 17:28:35
2026-06-05 17:27:57,"cmd: SitFlush: Begin","Aurora-1",2026-05-31 17:27:57
2026-06-05 17:27:17,"cmd: SitFlush: Begin","Aurora-1",2026-05-31 17:27:17
2026-06-05 17:26:42,"cmd: SitFlush: Begin","Aurora-1",2026-05-31 17:26:42
2026-06-05 17:25:34,"cmd: SitFlush: Begin","Aurora-1",2026-05-31 17:25:34
2026-06-05 17:23:55,"cmd: SitFlush: Begin","Aurora-1",2026-05-31 17:23:55
2026-06-05 17:23:27,"cmd: SitFlush: Begin","Aurora-1",2026-05-31 17:23:27
2026-06-05 17:23:00,"cmd: SitFlush: Begin","Aurora-1",2026-05-31 17:23:00
2026-06-05 17:22:33,"cmd: SitFlush: Begin","Aurora-1",2026-05-31 17:22:33
2026-06-05 17:20:57,"cmd: SitFlush: Begin","Aurora-1",2026-05-31 17:20:57
2026-06-05 14:29:24,"cmd: SitFlush: Begin","Aurora-1",2026-05-31 14:29:24
2026-06-05 14:23:52,"cmd: SitFlush: Begin","Aurora-1",2026-05-31 14:23:52
2026-06-05 14:22:12,"cmd: SitFlush: Begin","Aurora-1",2026-05-31 14:22:12
2026-06-05 14:20:23,"cmd: SitFlush: Begin","Aurora-1",2026-05-31 14:20:23
2026-06-05 14:18:11,"cmd: SitFlush: Begin","Aurora-1",2026-05-31 14:18:11
2026-06-05 14:14:54,"cmd: SitFlush: Begin","Aurora-1",2026-05-31 14:14:54
2026-06-05 14:13:18,"cmd: SitFlush: Begin","Aurora-1",2026-05-31 14:13:18
2026-06-05 14:10:51,"cmd: SitFlush: Begin","Aurora-1",2026-05-31 14:10:51
2026-06-05 14:08:28,"cmd: SitFlush: Begin","Aurora-1",2026-05-31 14:08:28
2026-06-05 14:05:45,"cmd: SitFlush: Begin","Aurora-1",2026-05-31 14:05:45
2026-06-05 14:03:02,"cmd: SitFlush: Begin","Aurora-1",2026-05-31 14:03:02
2026-06-05 14:01:12,"cmd: SitFlush: Begin","Aurora-1",2026-05-31 14:01:12
2026-06-05 13:59:21,"cmd: SitFlush: Begin","Aurora-1",2026-05-31 13:59:21
2026-06-05 13:57:17,"cmd: SitFlush: Begin","Aurora-1",2026-05-31 13:57:17
2026-06-05 13:54:00,"cmd: SitFlush: Begin","Aurora-1",2026-05-31 13:54:00
2026-06-05 13:47:02,"cmd: SitFlush: Begin","Aurora-1",2026-05-31 13:47:02
2026-06-05 13:40:35,"cmd: SitFlush: Begin","Aurora-1",2026-05-31 13:40:35
2026-06-05 13:29:58,"cmd: SitFlush: Begin","Aurora-1",2026-05-31 13:29:58
2026-06-05 13:23:23,"cmd: SitFlush: Begin","Aurora-1",2026-05-31 13:23:23
2026-06-05 13:21:27,"cmd: SitFlush: Begin","Aurora-1",2026-05-31 13:21:27
2026-06-05 13:20:36,"cmd: SitFlush: Begin","Aurora-1",2026-05-31 13:20:36
2026-06-05 13:17:28,"cmd: SitFlush: Begin","Aurora-1",2026-05-31 13:17:28
2026-06-05 13:16:23,"cmd: SitFlush: Begin","Aurora-1",2026-05-31 13:16:23
2026-06-05 13:15:31,"cmd: SitFlush: Begin","Aurora-1",2026-05-31 13:15:31
2026-06-05 13:14:20,"cmd: SitFlush: Begin","Aurora-1",2026-05-31 13:14:20
2026-06-05 13:12:51,"cmd: SitFlush: Begin","Aurora-1",2026-05-31 13:12:51
2026-06-05 13:11:39,"cmd: SitFlush: Begin","Aurora-1",2026-05-31 13:11:39
2026-06-05 13:10:39,"cmd: SitFlush: Begin","Aurora-1",2026-05-31 13:10:39
2026-06-05 13:09:33,"cmd: SitFlush: Begin","Aurora-1",2026-05-31 13:09:33
2026-06-05 13:08:14,"cmd: SitFlush: Begin","Aurora-1",2026-05-31 13:08:14
2026-06-05 13:06:50,"cmd: SitFlush: Begin","Aurora-1",2026-05-31 13:06:50
2026-06-05 13:05:33,"cmd: SitFlush: Begin","Aurora-1",2026-05-31 13:05:33
2026-06-05 12:18:32,"cmd: SitFlush: Begin","Aurora-1",2026-05-31 12:18:32
2026-06-05 12:14:00,"cmd: SitFlush: Begin","Aurora-1",2026-05-31 12:14:00
2026-06-05 08:34:07,"cmd: SitFlush: Begin","Aurora-1",2026-05-31 08:34:07
2026-06-05 08:27:33,"cmd: SitFlush: Begin","Aurora-1",2026-05-31 08:27:33
2026-06-04 17:39:17,"cmd: SitFlush: Begin","Aurora-1",2026-05-31 17:39:17
2026-06-04 17:33:23,"cmd: SitFlush: Begin","Aurora-1",2026-05-31 17:33:23
2026-06-04 17:25:26,"cmd: SitFlush: Begin","Aurora-1",2026-05-31 17:25:26
2026-06-04 17:21:00,"cmd: SitFlush: Begin","Aurora-1",2026-05-31 17:21:00
2026-06-04 17:17:00,"cmd: SitFlush: Begin","Aurora-1",2026-05-31 17:17:00
2026-06-04 17:13:11,"cmd: SitFlush: Begin","Aurora-1",2026-05-31 17:13:11
2026-06-04 17:09:13,"cmd: SitFlush: Begin","Aurora-1",2026-05-31 17:09:13
2026-06-04 17:05:01,"cmd: SitFlush: Begin","Aurora-1",2026-05-31 17:05:01
2026-06-04 17:00:39,"cmd: SitFlush: Begin","Aurora-1",2026-05-31 17:00:39
2026-06-04 16:56:05,"cmd: SitFlush: Begin","Aurora-1",2026-05-31 16:56:05
2026-06-04 16:44:15,"cmd: SitFlush: Begin","Aurora-1",2026-05-31 16:44:15
2026-06-04 16:37:51,"cmd: SitFlush: Begin","Aurora-1",2026-05-31 16:37:51
2026-06-04 16:34:19,"cmd: SitFlush: Begin","Aurora-1",2026-05-31 16:34:19
2026-06-04 16:29:47,"cmd: SitFlush: Begin","Aurora-1",2026-05-31 16:29:47
2026-06-04 16:25:41,"cmd: SitFlush: Begin","Aurora-1",2026-05-31 16:25:41
2026-06-04 16:21:51,"cmd: SitFlush: Begin","Aurora-1",2026-05-31 16:21:51
2026-06-04 16:17:59,"cmd: SitFlush: Begin","Aurora-1",2026-05-31 16:17:59
2026-06-04 16:14:10,"cmd: SitFlush: Begin","Aurora-1",2026-05-31 16:14:10
2026-06-04 16:10:25,"cmd: SitFlush: Begin","Aurora-1",2026-05-31 16:10:25
2026-06-04 16:03:34,"cmd: SitFlush: Begin","Aurora-1",2026-05-31 16:03:34
2026-06-04 15:58:55,"cmd: SitFlush: Begin","Aurora-1",2026-05-31 15:58:55
2026-06-04 15:54:18,"cmd: SitFlush: Begin","Aurora-1",2026-05-31 15:54:18
2026-06-04 15:50:01,"cmd: SitFlush: Begin","Aurora-1",2026-05-31 15:50:01
2026-06-04 15:46:16,"cmd: SitFlush: Begin","Aurora-1",2026-05-31 15:46:16
2026-06-04 15:42:06,"cmd: SitFlush: Begin","Aurora-1",2026-05-31 15:42:06
2026-06-04 15:38:30,"cmd: SitFlush: Begin","Aurora-1",2026-05-31 15:38:30
2026-06-04 15:34:11,"cmd: SitFlush: Begin","Aurora-1",2026-05-31 15:34:11
2026-06-04 15:30:07,"cmd: SitFlush: Begin","Aurora-1",2026-05-31 15:30:07
2026-06-04 15:25:44,"cmd: SitFlush: Begin","Aurora-1",2026-05-31 15:25:44
2026-06-04 15:21:11,"cmd: SitFlush: Begin","Aurora-1",2026-05-31 15:21:11
2026-06-04 15:16:56,"cmd: SitFlush: Begin","Aurora-1",2026-05-31 15:16:56
2026-06-04 15:12:47,"cmd: SitFlush: Begin","Aurora-1",2026-05-31 15:12:47
2026-06-04 15:08:55,"cmd: SitFlush: Begin","Aurora-1",2026-05-31 15:08:55
2026-06-04 15:05:14,"cmd: SitFlush: Begin","Aurora-1",2026-05-31 15:05:14
2026-06-04 15:00:40,"cmd: SitFlush: Begin","Aurora-1",2026-05-31 15:00:40
2026-06-04 14:56:12,"cmd: SitFlush: Begin","Aurora-1",2026-05-31 14:56:12
2026-06-04 14:47:21,"cmd: SitFlush: Begin","Aurora-1",2026-05-31 14:47:21
2026-06-04 14:42:56,"cmd: SitFlush: Begin","Aurora-1",2026-05-31 14:42:56
2026-06-04 14:38:55,"cmd: SitFlush: Begin","Aurora-1",2026-05-31 14:38:55
2026-06-04 14:34:39,"cmd: SitFlush: Begin","Aurora-1",2026-05-31 14:34:39
2026-06-04 14:30:11,"cmd: SitFlush: Begin","Aurora-1",2026-05-31 14:30:11
2026-06-04 14:26:11,"cmd: SitFlush: Begin","Aurora-1",2026-05-31 14:26:11
2026-06-04 14:22:35,"cmd: SitFlush: Begin","Aurora-1",2026-05-31 14:22:35
2026-06-04 14:18:35,"cmd: SitFlush: Begin","Aurora-1",2026-05-31 14:18:35
2026-06-04 14:14:57,"cmd: SitFlush: Begin","Aurora-1",2026-05-31 14:14:57
2026-06-04 14:10:44,"cmd: SitFlush: Begin","Aurora-1",2026-05-31 14:10:44
2026-06-04 14:05:30,"cmd: SitFlush: Begin","Aurora-1",2026-05-31 14:05:30
2026-06-04 14:01:05,"cmd: SitFlush: Begin","Aurora-1",2026-05-31 14:01:05
2026-06-04 13:57:25,"cmd: SitFlush: Begin","Aurora-1",2026-05-31 13:57:25
2026-06-04 13:53:12,"cmd: SitFlush: Begin","Aurora-1",2026-05-31 13:53:12
2026-06-04 13:49:26,"cmd: SitFlush: Begin","Aurora-1",2026-05-31 13:49:26
2026-06-04 13:36:00,"cmd: SitFlush: Begin","Aurora-1",2026-05-31 13:36:00
2026-06-04 13:32:16,"cmd: SitFlush: Begin","Aurora-1",2026-05-31 13:32:16
2026-06-04 13:27:37,"cmd: SitFlush: Begin","Aurora-1",2026-05-31 13:27:37
2026-06-04 13:24:30,"cmd: SitFlush: Begin","Aurora-1",2026-05-31 13:24:30
2026-06-04 13:17:20,"cmd: SitFlush: Begin","Aurora-1",2026-05-31 13:17:20
2026-06-04 13:13:41,"cmd: SitFlush: Begin","Aurora-1",2026-05-31 13:13:41
2026-06-04 13:09:07,"cmd: SitFlush: Begin","Aurora-1",2026-05-31 13:09:07
2026-06-04 13:08:13,"cmd: SitFlush: Begin","Aurora-1",2026-05-31 13:08:13
2026-06-04 13:03:38,"cmd: SitFlush: Begin","Aurora-1",2026-05-31 13:03:38
2026-06-04 13:01:22,"cmd: SitFlush: Begin","Aurora-1",2026-05-31 13:01:22
2026-06-04 12:59:21,"cmd: SitFlush: Begin","Aurora-1",2026-05-31 12:59:21
2026-06-04 12:55:05,"cmd: SitFlush: Begin","Aurora-1",2026-05-31 12:55:05
2026-06-04 12:53:37,"cmd: SitFlush: Begin","Aurora-1",2026-05-31 12:53:37
2026-06-04 12:52:55,"cmd: SitFlush: Begin","Aurora-1",2026-05-31 12:52:55
2026-06-04 12:52:00,"cmd: SitFlush: Begin","Aurora-1",2026-05-31 12:52:00
2026-06-04 12:47:58,"cmd: SitFlush: Begin","Aurora-1",2026-05-31 12:47:58
2026-06-04 12:43:33,"cmd: SitFlush: Begin","Aurora-1",2026-05-31 12:43:33
2026-06-04 12:40:20,"cmd: SitFlush: Begin","Aurora-1",2026-05-31 12:40:20
2026-06-04 12:37:36,"cmd: SitFlush: Begin","Aurora-1",2026-05-31 12:37:36
2026-06-04 12:32:35,"cmd: SitFlush: Begin","Aurora-1",2026-05-31 12:32:35
2026-06-04 12:31:43,"cmd: SitFlush: Begin","Aurora-1",2026-05-31 12:31:43
2026-06-04 12:27:35,"cmd: SitFlush: Begin","Aurora-1",2026-05-31 12:27:35
2026-06-04 12:24:03,"cmd: SitFlush: Begin","Aurora-1",2026-05-31 12:24:03
2026-06-04 09:36:57,"cmd: SitFlush: Begin","Aurora-1",2026-05-31 09:36:57
2026-06-04 09:36:03,"cmd: SitFlush: Begin","Aurora-1",2026-05-31 09:36:03
2026-06-04 09:26:51,"cmd: SitFlush: Begin","Aurora-1",2026-05-31 09:26:51
2026-06-04 09:26:21,"cmd: SitFlush: Begin","Aurora-1",2026-05-31 09:26:21
2026-06-04 09:25:44,"cmd: SitFlush: Begin","Aurora-1",2026-05-31 09:25:44
2026-06-04 09:24:33,"cmd: SitFlush: Begin","Aurora-1",2026-05-31 09:24:33
2026-06-04 09:22:19,"cmd: SitFlush: Begin","Aurora-1",2026-05-31 09:22:19
2026-06-04 08:59:59,"cmd: SitFlush: Begin","Aurora-1",2026-05-31 08:59:59
2026-06-04 08:35:38,"cmd: SitFlush: Begin","Aurora-1",2026-05-31 08:35:38
2026-06-04 08:30:03,"cmd: SitFlush: Begin","Aurora-1",2026-05-31 08:30:03
2026-06-03 21:55:40,"cmd: SitFlush: Begin","Aurora-1",2026-05-31 21:55:40
2026-06-03 21:47:49,"cmd: SitFlush: Begin","Aurora-1",2026-05-31 21:47:49
2026-06-03 21:47:19,"cmd: SitFlush: Begin","Aurora-1",2026-05-31 21:47:19
2026-06-03 21:46:50,"cmd: SitFlush: Begin","Aurora-1",2026-05-31 21:46:50
2026-06-03 21:46:22,"cmd: SitFlush: Begin","Aurora-1",2026-05-31 21:46:22
2026-06-03 21:42:25,"cmd: SitFlush: Begin","Aurora-1",2026-05-31 21:42:25
2026-06-03 21:41:43,"cmd: SitFlush: Begin","Aurora-1",2026-05-31 21:41:43
2026-06-03 21:40:30,"cmd: SitFlush: Begin","Aurora-1",2026-05-31 21:40:30
2026-06-03 21:38:44,"cmd: SitFlush: Begin","Aurora-1",2026-05-31 21:38:44
2026-06-03 21:36:00,"cmd: SitFlush: Begin","Aurora-1",2026-05-31 21:36:00
2026-06-03 21:35:12,"cmd: SitFlush: Begin","Aurora-1",2026-05-31 21:35:12
2026-06-03 21:34:24,"cmd: SitFlush: Begin","Aurora-1",2026-05-31 21:34:24
2026-06-03 21:33:34,"cmd: SitFlush: Begin","Aurora-1",2026-05-31 21:33:34
2026-06-03 21:33:06,"cmd: SitFlush: Begin","Aurora-1",2026-05-31 21:33:06
2026-06-03 21:31:36,"cmd: SitFlush: Begin","Aurora-1",2026-05-31 21:31:36
2026-06-03 21:30:58,"cmd: SitFlush: Begin","Aurora-1",2026-05-31 21:30:58
2026-06-03 21:30:07,"cmd: SitFlush: Begin","Aurora-1",2026-05-31 21:30:07
2026-06-03 15:08:12,"cmd: SitFlush: Begin","Aurora-1",2026-05-31 15:08:12
2026-06-03 15:06:45,"cmd: SitFlush: Begin","Aurora-1",2026-05-31 15:06:45
2026-06-03 15:05:25,"cmd: SitFlush: Begin","Aurora-1",2026-05-31 15:05:25
2026-06-03 15:04:17,"cmd: SitFlush: Begin","Aurora-1",2026-05-31 15:04:17
2026-06-03 15:03:08,"cmd: SitFlush: Begin","Aurora-1",2026-05-31 15:03:08
2026-06-03 15:02:03,"cmd: SitFlush: Begin","Aurora-1",2026-05-31 15:02:03
2026-06-03 15:00:36,"cmd: SitFlush: Begin","Aurora-1",2026-05-31 15:00:36
2026-06-03 14:59:48,"cmd: SitFlush: Begin","Aurora-1",2026-05-31 14:59:48
2026-06-03 14:59:00,"cmd: SitFlush: Begin","Aurora-1",2026-05-31 14:59:00
2026-06-03 14:58:12,"cmd: SitFlush: Begin","Aurora-1",2026-05-31 14:58:12
2026-06-03 14:57:24,"cmd: SitFlush: Begin","Aurora-1",2026-05-31 14:57:24
2026-06-03 14:47:22,"cmd: SitFlush: Begin","Aurora-1",2026-05-31 14:47:22
2026-06-03 14:46:18,"cmd: SitFlush: Begin","Aurora-1",2026-05-31 14:46:18
2026-06-03 14:44:51,"cmd: SitFlush: Begin","Aurora-1",2026-05-31 14:44:51
2026-06-03 14:43:25,"cmd: SitFlush: Begin","Aurora-1",2026-05-31 14:43:25
2026-06-03 14:41:58,"cmd: SitFlush: Begin","Aurora-1",2026-05-31 14:41:58
2026-06-03 14:40:32,"cmd: SitFlush: Begin","Aurora-1",2026-05-31 14:40:32
2026-06-03 14:39:06,"cmd: SitFlush: Begin","Aurora-1",2026-05-31 14:39:06
2026-06-03 14:37:41,"cmd: SitFlush: Begin","Aurora-1",2026-05-31 14:37:41
2026-06-03 14:36:14,"cmd: SitFlush: Begin","Aurora-1",2026-05-31 14:36:14
2026-06-03 14:34:48,"cmd: SitFlush: Begin","Aurora-1",2026-05-31 14:34:48
2026-06-03 14:33:20,"cmd: SitFlush: Begin","Aurora-1",2026-05-31 14:33:20
2026-06-03 14:31:53,"cmd: SitFlush: Begin","Aurora-1",2026-05-31 14:31:53
2026-06-03 14:30:26,"cmd: SitFlush: Begin","Aurora-1",2026-05-31 14:30:26
2026-06-03 14:29:00,"cmd: SitFlush: Begin","Aurora-1",2026-05-31 14:29:00
2026-06-03 14:27:33,"cmd: SitFlush: Begin","Aurora-1",2026-05-31 14:27:33
2026-06-03 14:26:07,"cmd: SitFlush: Begin","Aurora-1",2026-05-31 14:26:07
2026-06-03 14:24:40,"cmd: SitFlush: Begin","Aurora-1",2026-05-31 14:24:40
2026-06-03 14:23:14,"cmd: SitFlush: Begin","Aurora-1",2026-05-31 14:23:14
2026-06-03 14:21:55,"cmd: SitFlush: Begin","Aurora-1",2026-05-31 14:21:55
2026-06-03 14:20:29,"cmd: SitFlush: Begin","Aurora-1",2026-05-31 14:20:29
2026-06-03 14:19:06,"cmd: SitFlush: Begin","Aurora-1",2026-05-31 14:19:06
2026-06-03 14:17:38,"cmd: SitFlush: Begin","Aurora-1",2026-05-31 14:17:38
2026-06-03 14:16:13,"cmd: SitFlush: Begin","Aurora-1",2026-05-31 14:16:13
2026-06-03 14:15:04,"cmd: SitFlush: Begin","Aurora-1",2026-05-31 14:15:04
2026-06-03 14:13:38,"cmd: SitFlush: Begin","Aurora-1",2026-05-31 14:13:38
2026-06-03 14:12:12,"cmd: SitFlush: Begin","Aurora-1",2026-05-31 14:12:12
2026-06-03 14:10:45,"cmd: SitFlush: Begin","Aurora-1",2026-05-31 14:10:45
2026-06-03 14:09:18,"cmd: SitFlush: Begin","Aurora-1",2026-05-31 14:09:18
2026-06-03 14:07:52,"cmd: SitFlush: Begin","Aurora-1",2026-05-31 14:07:52
2026-06-03 14:06:26,"cmd: SitFlush: Begin","Aurora-1",2026-05-31 14:06:26
2026-06-03 14:05:00,"cmd: SitFlush: Begin","Aurora-1",2026-05-31 14:05:00
2026-06-03 14:03:39,"cmd: SitFlush: Begin","Aurora-1",2026-05-31 14:03:39
2026-06-03 14:02:11,"cmd: SitFlush: Begin","Aurora-1",2026-05-31 14:02:11
2026-06-03 14:01:18,"cmd: SitFlush: Begin","Aurora-1",2026-05-31 14:01:18
2026-06-03 14:00:31,"cmd: SitFlush: Begin","Aurora-1",2026-05-31 14:00:31
2026-06-03 13:59:38,"cmd: SitFlush: Begin","Aurora-1",2026-05-31 13:59:38
2026-06-03 13:58:11,"cmd: SitFlush: Begin","Aurora-1",2026-05-31 13:58:11
2026-06-03 13:56:45,"cmd: SitFlush: Begin","Aurora-1",2026-05-31 13:56:45
2026-06-03 13:55:19,"cmd: SitFlush: Begin","Aurora-1",2026-05-31 13:55:19
2026-06-03 13:53:53,"cmd: SitFlush: Begin","Aurora-1",2026-05-31 13:53:53
2026-06-03 13:52:53,"cmd: SitFlush: Begin","Aurora-1",2026-05-31 13:52:53
2026-06-03 13:51:28,"cmd: SitFlush: Begin","Aurora-1",2026-05-31 13:51:28
2026-06-03 13:50:14,"cmd: SitFlush: Begin","Aurora-1",2026-05-31 13:50:14
2026-06-03 13:46:31,"cmd: SitFlush: Begin","Aurora-1",2026-05-31 13:46:31
2026-06-03 13:46:00,"cmd: SitFlush: Begin","Aurora-1",2026-05-31 13:46:00
2026-06-03 13:44:45,"cmd: SitFlush: Begin","Aurora-1",2026-05-31 13:44:45
2026-06-03 13:44:13,"cmd: SitFlush: Begin","Aurora-1",2026-05-31 13:44:13
2026-06-03 13:43:33,"cmd: SitFlush: Begin","Aurora-1",2026-05-31 13:43:33
2026-06-03 13:40:58,"cmd: SitFlush: Begin","Aurora-1",2026-05-31 13:40:58
2026-06-03 13:35:12,"cmd: SitFlush: Begin","Aurora-1",2026-05-31 13:35:12
2026-06-03 13:33:31,"cmd: SitFlush: Begin","Aurora-1",2026-05-31 13:33:31
2026-06-03 13:31:36,"cmd: SitFlush: Begin","Aurora-1",2026-05-31 13:31:36
2026-06-03 13:30:08,"cmd: SitFlush: Begin","Aurora-1",2026-05-31 13:30:08
2026-06-03 13:28:40,"cmd: SitFlush: Begin","Aurora-1",2026-05-31 13:28:40
2026-06-03 13:23:15,"cmd: SitFlush: Begin","Aurora-1",2026-05-31 13:23:15
2026-06-03 13:19:18,"cmd: SitFlush: Begin","Aurora-1",2026-05-31 13:19:18
2026-06-03 13:14:32,"cmd: SitFlush: Begin","Aurora-1",2026-05-31 13:14:32
2026-06-03 12:35:22,"cmd: SitFlush: Begin","Aurora-1",2026-05-31 12:35:22
2026-06-03 12:24:43,"cmd: SitFlush: Begin","Aurora-1",2026-05-31 12:24:43
2026-06-03 12:13:24,"cmd: SitFlush: Begin","Aurora-1",2026-05-31 12:13:24
2026-06-03 11:59:41,"cmd: SitFlush: Begin","Aurora-1",2026-05-31 11:59:41
2026-06-03 11:46:57,"cmd: SitFlush: Begin","Aurora-1",2026-05-31 11:46:57
2026-06-03 11:22:54,"cmd: SitFlush: Begin","Aurora-1",2026-05-31 11:22:54
2026-06-03 11:14:12,"cmd: SitFlush: Begin","Aurora-1",2026-05-31 11:14:12
2026-06-03 11:05:30,"cmd: SitFlush: Begin","Aurora-1",2026-05-31 11:05:30
2026-06-03 10:56:48,"cmd: SitFlush: Begin","Aurora-1",2026-05-31 10:56:48
2026-06-03 10:48:05,"cmd: SitFlush: Begin","Aurora-1",2026-05-31 10:48:05
2026-06-03 10:32:59,"cmd: SitFlush: Begin","Aurora-1",2026-05-31 10:32:59
2026-06-03 10:29:56,"cmd: SitFlush: Begin","Aurora-1",2026-05-31 10:29:56
2026-06-03 10:26:53,"cmd: SitFlush: Begin","Aurora-1",2026-05-31 10:26:53
2026-06-03 10:23:49,"cmd: SitFlush: Begin","Aurora-1",2026-05-31 10:23:49
2026-06-03 10:20:45,"cmd: SitFlush: Begin","Aurora-1",2026-05-31 10:20:45
2026-06-03 10:10:09,"cmd: SitFlush: Begin","Aurora-1",2026-05-31 10:10:09
2026-06-03 10:07:06,"cmd: SitFlush: Begin","Aurora-1",2026-05-31 10:07:06
2026-06-03 10:04:06,"cmd: SitFlush: Begin","Aurora-1",2026-05-31 10:04:06
2026-06-03 10:01:05,"cmd: SitFlush: Begin","Aurora-1",2026-05-31 10:01:05
2026-06-03 09:58:01,"cmd: SitFlush: Begin","Aurora-1",2026-05-31 09:58:01
2026-06-03 09:51:51,"cmd: SitFlush: Begin","Aurora-1",2026-05-31 09:51:51
2026-06-03 09:47:56,"cmd: SitFlush: Begin","Aurora-1",2026-05-31 09:47:56
2026-06-03 09:40:36,"cmd: SitFlush: Begin","Aurora-1",2026-05-31 09:40:36
2026-06-03 09:39:31,"cmd: SitFlush: Begin","Aurora-1",2026-05-31 09:39:31
2026-06-03 09:38:38,"cmd: SitFlush: Begin","Aurora-1",2026-05-31 09:38:38
2026-06-03 09:37:49,"cmd: SitFlush: Begin","Aurora-1",2026-05-31 09:37:49
2026-06-03 09:37:04,"cmd: SitFlush: Begin","Aurora-1",2026-05-31 09:37:04
2026-06-03 09:35:52,"cmd: SitFlush: Begin","Aurora-1",2026-05-31 09:35:52
2026-06-03 09:34:51,"cmd: SitFlush: Begin","Aurora-1",2026-05-31 09:34:51
2026-06-03 09:33:39,"cmd: SitFlush: Begin","Aurora-1",2026-05-31 09:33:39
2026-06-03 09:32:19,"cmd: SitFlush: Begin","Aurora-1",2026-05-31 09:32:19
2026-06-03 09:30:14,"cmd: SitFlush: Begin","Aurora-1",2026-05-31 09:30:14
2026-06-03 09:29:07,"cmd: SitFlush: Begin","Aurora-1",2026-05-31 09:29:07
2026-06-03 09:28:16,"cmd: SitFlush: Begin","Aurora-1",2026-05-31 09:28:16
2026-06-03 09:25:01,"cmd: SitFlush: Begin","Aurora-1",2026-05-31 09:25:01
2026-06-03 09:21:48,"cmd: SitFlush: Begin","Aurora-1",2026-05-31 09:21:48
2026-06-03 08:34:46,"cmd: SitFlush: Begin","Aurora-1",2026-05-31 08:34:46
2026-06-03 08:27:38,"cmd: SitFlush: Begin","Aurora-1",2026-05-31 08:27:38
2026-06-02 17:57:43,"cmd: SitFlush: Begin","Aurora-1",2026-05-31 17:57:43
2026-06-02 17:52:30,"cmd: SitFlush: Begin","Aurora-1",2026-05-31 17:52:30
2026-06-02 17:47:51,"cmd: SitFlush: Begin","Aurora-1",2026-05-31 17:47:51
2026-06-02 17:35:56,"cmd: SitFlush: Begin","Aurora-1",2026-05-31 17:35:56
2026-06-02 17:30:30,"cmd: SitFlush: Begin","Aurora-1",2026-05-31 17:30:30
2026-06-02 17:25:42,"cmd: SitFlush: Begin","Aurora-1",2026-05-31 17:25:42
2026-06-02 17:21:30,"cmd: SitFlush: Begin","Aurora-1",2026-05-31 17:21:30
2026-06-02 17:16:34,"cmd: SitFlush: Begin","Aurora-1",2026-05-31 17:16:34
2026-06-02 17:12:18,"cmd: SitFlush: Begin","Aurora-1",2026-05-31 17:12:18
2026-06-02 17:07:15,"cmd: SitFlush: Begin","Aurora-1",2026-05-31 17:07:15
2026-06-02 17:02:53,"cmd: SitFlush: Begin","Aurora-1",2026-05-31 17:02:53
2026-06-02 16:59:45,"cmd: SitFlush: Begin","Aurora-1",2026-05-31 16:59:45
2026-06-02 16:55:13,"cmd: SitFlush: Begin","Aurora-1",2026-05-31 16:55:13
2026-06-02 16:31:48,"cmd: SitFlush: Begin","Aurora-1",2026-05-31 16:31:48
2026-06-02 16:30:54,"cmd: SitFlush: Begin","Aurora-1",2026-05-31 16:30:54
2026-06-02 16:30:15,"cmd: SitFlush: Begin","Aurora-1",2026-05-31 16:30:15
2026-06-02 16:27:18,"cmd: SitFlush: Begin","Aurora-1",2026-05-31 16:27:18
2026-06-02 16:26:11,"cmd: SitFlush: Begin","Aurora-1",2026-05-31 16:26:11
2026-06-02 16:25:27,"cmd: SitFlush: Begin","Aurora-1",2026-05-31 16:25:27
2026-06-02 16:24:18,"cmd: SitFlush: Begin","Aurora-1",2026-05-31 16:24:18
2026-06-02 16:23:23,"cmd: SitFlush: Begin","Aurora-1",2026-05-31 16:23:23
2026-06-02 16:22:32,"cmd: SitFlush: Begin","Aurora-1",2026-05-31 16:22:32
2026-06-02 16:21:39,"cmd: SitFlush: Begin","Aurora-1",2026-05-31 16:21:39
2026-06-02 16:20:37,"cmd: SitFlush: Begin","Aurora-1",2026-05-31 16:20:37
2026-06-02 16:19:17,"cmd: SitFlush: Begin","Aurora-1",2026-05-31 16:19:17
2026-06-02 16:18:29,"cmd: SitFlush: Begin","Aurora-1",2026-05-31 16:18:29
2026-06-02 16:17:48,"cmd: SitFlush: Begin","Aurora-1",2026-05-31 16:17:48
2026-06-02 16:16:44,"cmd: SitFlush: Begin","Aurora-1",2026-05-31 16:16:44
2026-06-02 12:43:24,"cmd: SitFlush: Begin","Aurora-1",2026-05-31 12:43:24
2026-06-02 12:42:20,"cmd: SitFlush: Begin","Aurora-1",2026-05-31 12:42:20
2026-06-02 12:41:13,"cmd: SitFlush: Begin","Aurora-1",2026-05-31 12:41:13
2026-06-02 12:40:07,"cmd: SitFlush: Begin","Aurora-1",2026-05-31 12:40:07
2026-06-02 12:38:58,"cmd: SitFlush: Begin","Aurora-1",2026-05-31 12:38:58
2026-06-02 12:37:48,"cmd: SitFlush: Begin","Aurora-1",2026-05-31 12:37:48
2026-06-02 12:36:24,"cmd: SitFlush: Begin","Aurora-1",2026-05-31 12:36:24
2026-06-02 12:35:20,"cmd: SitFlush: Begin","Aurora-1",2026-05-31 12:35:20
2026-06-02 12:34:15,"cmd: SitFlush: Begin","Aurora-1",2026-05-31 12:34:15
2026-06-02 12:33:09,"cmd: SitFlush: Begin","Aurora-1",2026-05-31 12:33:09
2026-06-02 12:32:01,"cmd: SitFlush: Begin","Aurora-1",2026-05-31 12:32:01
2026-06-02 12:30:52,"cmd: SitFlush: Begin","Aurora-1",2026-05-31 12:30:52
2026-06-02 12:29:45,"cmd: SitFlush: Begin","Aurora-1",2026-05-31 12:29:45
2026-06-02 12:28:35,"cmd: SitFlush: Begin","Aurora-1",2026-05-31 12:28:35
2026-06-02 12:25:37,"cmd: SitFlush: Begin","Aurora-1",2026-05-31 12:25:37
2026-06-02 12:24:33,"cmd: SitFlush: Begin","Aurora-1",2026-05-31 12:24:33
2026-06-02 12:23:45,"cmd: SitFlush: Begin","Aurora-1",2026-05-31 12:23:45
2026-06-02 12:22:57,"cmd: SitFlush: Begin","Aurora-1",2026-05-31 12:22:57
2026-06-02 12:22:12,"cmd: SitFlush: Begin","Aurora-1",2026-05-31 12:22:12
2026-06-02 12:21:36,"cmd: SitFlush: Begin","Aurora-1",2026-05-31 12:21:36
2026-06-02 12:21:04,"cmd: SitFlush: Begin","Aurora-1",2026-05-31 12:21:04
2026-06-02 09:04:20,"cmd: SitFlush: Begin","Aurora-1",2026-05-31 09:04:20
2026-06-02 09:00:55,"cmd: SitFlush: Begin","Aurora-1",2026-05-31 09:00:55
2026-06-02 08:53:34,"cmd: SitFlush: Begin","Aurora-1",2026-05-31 08:53:34
2026-06-01 15:52:34,"cmd: SitFlush: Begin","Aurora-1",2026-05-31 15:52:34
2026-06-01 15:51:18,"cmd: SitFlush: Begin","Aurora-1",2026-05-31 15:51:18
2026-06-01 15:50:00,"cmd: SitFlush: Begin","Aurora-1",2026-05-31 15:50:00
2026-06-01 15:48:39,"cmd: SitFlush: Begin","Aurora-1",2026-05-31 15:48:39
2026-06-01 15:47:34,"cmd: SitFlush: Begin","Aurora-1",2026-05-31 15:47:34
2026-06-01 15:45:48,"cmd: SitFlush: Begin","Aurora-1",2026-05-31 15:45:48
2026-06-01 15:44:07,"cmd: SitFlush: Begin","Aurora-1",2026-05-31 15:44:07
2026-06-01 15:42:22,"cmd: SitFlush: Begin","Aurora-1",2026-05-31 15:42:22
2026-06-01 15:40:49,"cmd: SitFlush: Begin","Aurora-1",2026-05-31 15:40:49
2026-06-01 15:39:36,"cmd: SitFlush: Begin","Aurora-1",2026-05-31 15:39:36
2026-06-01 15:38:15,"cmd: SitFlush: Begin","Aurora-1",2026-05-31 15:38:15
2026-06-01 15:36:58,"cmd: SitFlush: Begin","Aurora-1",2026-05-31 15:36:58
2026-06-01 15:35:32,"cmd: SitFlush: Begin","Aurora-1",2026-05-31 15:35:32
2026-06-01 15:33:56,"cmd: SitFlush: Begin","Aurora-1",2026-05-31 15:33:56
2026-06-01 15:32:18,"cmd: SitFlush: Begin","Aurora-1",2026-05-31 15:32:18
2026-06-01 15:31:22,"cmd: SitFlush: Begin","Aurora-1",2026-05-31 15:31:22
2026-06-01 15:29:11,"cmd: SitFlush: Begin","Aurora-1",2026-05-31 15:29:11
2026-06-01 15:27:35,"cmd: SitFlush: Begin","Aurora-1",2026-05-31 15:27:35
2026-06-01 15:23:57,"cmd: SitFlush: Begin","Aurora-1",2026-05-31 15:23:57
2026-06-01 15:22:22,"cmd: SitFlush: Begin","Aurora-1",2026-05-31 15:22:22
2026-06-01 15:20:46,"cmd: SitFlush: Begin","Aurora-1",2026-05-31 15:20:46
2026-06-01 15:19:09,"cmd: SitFlush: Begin","Aurora-1",2026-05-31 15:19:09
2026-06-01 15:17:33,"cmd: SitFlush: Begin","Aurora-1",2026-05-31 15:17:33
2026-06-01 15:15:57,"cmd: SitFlush: Begin","Aurora-1",2026-05-31 15:15:57
2026-06-01 15:14:51,"cmd: SitFlush: Begin","Aurora-1",2026-05-31 15:14:51
2026-06-01 15:12:30,"cmd: SitFlush: Begin","Aurora-1",2026-05-31 15:12:30
2026-06-01 15:10:43,"cmd: SitFlush: Begin","Aurora-1",2026-05-31 15:10:43
2026-06-01 15:06:14,"cmd: SitFlush: Begin","Aurora-1",2026-05-31 15:06:14
2026-06-01 15:04:28,"cmd: SitFlush: Begin","Aurora-1",2026-05-31 15:04:28
2026-06-01 15:04:02,"cmd: SitFlush: Begin","Aurora-1",2026-05-31 15:04:02
2026-06-01 15:03:37,"cmd: SitFlush: Begin","Aurora-1",2026-05-31 15:03:37
2026-06-01 15:03:09,"cmd: SitFlush: Begin","Aurora-1",2026-05-31 15:03:09
2026-06-01 15:02:44,"cmd: SitFlush: Begin","Aurora-1",2026-05-31 15:02:44
2026-06-01 15:02:19,"cmd: SitFlush: Begin","Aurora-1",2026-05-31 15:02:19
2026-06-01 15:01:53,"cmd: SitFlush: Begin","Aurora-1",2026-05-31 15:01:53
2026-06-01 15:01:23,"cmd: SitFlush: Begin","Aurora-1",2026-05-31 15:01:23
2026-06-01 15:00:58,"cmd: SitFlush: Begin","Aurora-1",2026-05-31 15:00:58
2026-06-01 15:00:33,"cmd: SitFlush: Begin","Aurora-1",2026-05-31 15:00:33
2026-06-01 15:00:08,"cmd: SitFlush: Begin","Aurora-1",2026-05-31 15:00:08
2026-06-01 14:59:42,"cmd: SitFlush: Begin","Aurora-1",2026-05-31 14:59:42
2026-06-01 14:59:17,"cmd: SitFlush: Begin","Aurora-1",2026-05-31 14:59:17
2026-06-01 14:58:51,"cmd: SitFlush: Begin","Aurora-1",2026-05-31 14:58:51
2026-06-01 14:58:23,"cmd: SitFlush: Begin","Aurora-1",2026-05-31 14:58:23
2026-06-01 14:57:31,"cmd: SitFlush: Begin","Aurora-1",2026-05-31 14:57:31
2026-06-01 14:56:49,"cmd: SitFlush: Begin","Aurora-1",2026-05-31 14:56:49
2026-06-01 14:01:18,"cmd: SitFlush: Begin","Aurora-1",2026-05-31 14:01:18
2026-06-01 13:51:53,"cmd: SitFlush: Begin","Aurora-1",2026-05-31 13:51:53
2026-06-01 13:48:35,"cmd: SitFlush: Begin","Aurora-1",2026-05-31 13:48:35
2026-06-01 13:44:58,"cmd: SitFlush: Begin","Aurora-1",2026-05-31 13:44:58
2026-06-01 13:31:47,"cmd: SitFlush: Begin","Aurora-1",2026-05-31 13:31:47
2026-06-01 13:22:19,"cmd: SitFlush: Begin","Aurora-1",2026-05-31 13:22:19
2026-06-01 13:21:13,"cmd: SitFlush: Begin","Aurora-1",2026-05-31 13:21:13
2026-06-01 13:13:39,"cmd: SitFlush: Begin","Aurora-1",2026-05-31 13:13:39
2026-06-01 13:02:19,"cmd: SitFlush: Begin","Aurora-1",2026-05-31 13:02:19
2026-06-01 12:51:56,"cmd: SitFlush: Begin","Aurora-1",2026-05-31 12:51:56
2026-06-01 12:50:54,"cmd: SitFlush: Begin","Aurora-1",2026-05-31 12:50:54
2026-06-01 12:41:43,"cmd: SitFlush: Begin","Aurora-1",2026-05-31 12:41:43
2026-06-01 12:39:48,"cmd: SitFlush: Begin","Aurora-1",2026-05-31 12:39:48
2026-06-01 12:38:44,"cmd: SitFlush: Begin","Aurora-1",2026-05-31 12:38:44
2026-06-01 12:36:20,"cmd: SitFlush: Begin","Aurora-1",2026-05-31 12:36:20
2026-06-01 12:32:42,"cmd: SitFlush: Begin","Aurora-1",2026-05-31 12:32:42
2026-06-01 12:32:10,"cmd: SitFlush: Begin","Aurora-1",2026-05-31 12:32:10
2026-06-01 12:24:16,"cmd: SitFlush: Begin","Aurora-1",2026-05-31 12:24:16
2026-06-01 12:24:04,"cmd: SitFlush: Begin","Aurora-1",2026-05-31 12:24:04
2026-06-01 12:20:18,"cmd: SitFlush: Begin","Aurora-1",2026-05-31 12:20:18
2026-06-01 12:15:44,"cmd: SitFlush: Begin","Aurora-1",2026-05-31 12:15:44
2026-06-01 12:10:44,"cmd: SitFlush: Begin","Aurora-1",2026-05-31 12:10:44
2026-06-01 12:06:52,"cmd: SitFlush: Begin","Aurora-1",2026-05-31 12:06:52
2026-06-01 12:06:16,"cmd: SitFlush: Begin","Aurora-1",2026-05-31 12:06:16
2026-06-01 12:03:38,"cmd: SitFlush: Begin","Aurora-1",2026-05-31 12:03:38
2026-06-01 11:57:25,"cmd: SitFlush: Begin","Aurora-1",2026-05-31 11:57:25
2026-06-01 11:56:24,"cmd: SitFlush: Begin","Aurora-1",2026-05-31 11:56:24
2026-06-01 11:52:12,"cmd: SitFlush: Begin","Aurora-1",2026-05-31 11:52:12
2026-06-01 11:50:04,"cmd: SitFlush: Begin","Aurora-1",2026-05-31 11:50:04
2026-06-01 11:48:46,"cmd: SitFlush: Begin","Aurora-1",2026-05-31 11:48:46
2026-06-01 11:46:34,"cmd: SitFlush: Begin","Aurora-1",2026-05-31 11:46:34
2026-06-01 11:41:10,"cmd: SitFlush: Begin","Aurora-1",2026-05-31 11:41:10
2026-06-01 11:34:36,"cmd: SitFlush: Begin","Aurora-1",2026-05-31 11:34:36
2026-06-01 11:33:45,"cmd: SitFlush: Begin","Aurora-1",2026-05-31 11:33:45
2026-06-01 11:16:27,"cmd: SitFlush: Begin","Aurora-1",2026-05-31 11:16:27
2026-06-01 11:09:37,"cmd: SitFlush: Begin","Aurora-1",2026-05-31 11:09:37
2026-06-01 11:03:00,"cmd: SitFlush: Begin","Aurora-1",2026-05-31 11:03:00
2026-06-01 10:55:02,"cmd: SitFlush: Begin","Aurora-1",2026-05-31 10:55:02
2026-06-01 10:46:49,"cmd: SitFlush: Begin","Aurora-1",2026-05-31 10:46:49
2026-06-01 10:26:20,"cmd: SitFlush: Begin","Aurora-1",2026-05-31 10:26:20
2026-06-01 10:22:42,"cmd: SitFlush: Begin","Aurora-1",2026-05-31 10:22:42
2026-06-01 10:16:19,"cmd: SitFlush: Begin","Aurora-1",2026-05-31 10:16:19
2026-06-01 10:15:30,"cmd: SitFlush: Begin","Aurora-1",2026-05-31 10:15:30
2026-06-01 10:14:31,"cmd: SitFlush: Begin","Aurora-1",2026-05-31 10:14:31
2026-06-01 10:13:11,"cmd: SitFlush: Begin","Aurora-1",2026-05-31 10:13:11
2026-06-01 10:12:28,"cmd: SitFlush: Begin","Aurora-1",2026-05-31 10:12:28
2026-06-01 10:08:47,"cmd: SitFlush: Begin","Aurora-1",2026-05-31 10:08:47
2026-06-01 10:07:54,"cmd: SitFlush: Begin","Aurora-1",2026-05-31 10:07:54
2026-06-01 10:06:07,"cmd: SitFlush: Begin","Aurora-1",2026-05-31 10:06:07
2026-06-01 10:05:11,"cmd: SitFlush: Begin","Aurora-1",2026-05-31 10:05:11
2026-06-01 10:03:25,"cmd: SitFlush: Begin","Aurora-1",2026-05-31 10:03:25
2026-06-01 10:02:27,"cmd: SitFlush: Begin","Aurora-1",2026-05-31 10:02:27
2026-06-01 10:01:08,"cmd: SitFlush: Begin","Aurora-1",2026-05-31 10:01:08
2026-06-01 10:00:06,"cmd: SitFlush: Begin","Aurora-1",2026-05-31 10:00:06
2026-06-01 09:56:23,"cmd: SitFlush: Begin","Aurora-1",2026-05-31 09:56:23
2026-06-01 09:16:12,"cmd: SitFlush: Begin","Aurora-1",2026-05-31 09:16:12
NA,NA,"Aurora-1",NA
2026-09-04 08:55:30,"cmd: SitFlush: Begin","Aurora-2",2026-08-30 08:55:30
2026-09-03 15:41:30,"cmd: SitFlush: Begin","Aurora-2",2026-08-30 15:41:30
2026-09-03 15:36:32,"cmd: SitFlush: Begin","Aurora-2",2026-08-30 15:36:32
2026-09-03 15:11:17,"cmd: SitFlush: Begin","Aurora-2",2026-08-30 15:11:17
2026-09-03 15:10:13,"cmd: SitFlush: Begin","Aurora-2",2026-08-30 15:10:13
2026-09-03 15:08:37,"cmd: SitFlush: Begin","Aurora-2",2026-08-30 15:08:37
2026-09-03 15:07:12,"cmd: SitFlush: Begin","Aurora-2",2026-08-30 15:07:12
2026-09-03 15:05:46,"cmd: SitFlush: Begin","Aurora-2",2026-08-30 15:05:46
2026-09-03 15:05:16,"cmd: SitFlush: Begin","Aurora-2",2026-08-30 15:05:16
2026-09-03 15:04:42,"cmd: SitFlush: Begin","Aurora-2",2026-08-30 15:04:42
2026-09-03 15:04:13,"cmd: SitFlush: Begin","Aurora-2",2026-08-30 15:04:13
2026-09-03 15:02:57,"cmd: SitFlush: Begin","Aurora-2",2026-08-30 15:02:57
2026-09-03 15:02:31,"cmd: SitFlush: Begin","Aurora-2",2026-08-30 15:02:31
2026-09-03 15:02:01,"cmd: SitFlush: Begin","Aurora-2",2026-08-30 15:02:01
2026-09-03 15:01:34,"cmd: SitFlush: Begin","Aurora-2",2026-08-30 15:01:34
2026-09-03 15:00:55,"cmd: SitFlush: Begin","Aurora-2",2026-08-30 15:00:55
2026-09-03 15:00:20,"cmd: SitFlush: Begin","Aurora-2",2026-08-30 15:00:20
2026-09-03 14:59:41,"cmd: SitFlush: Begin","Aurora-2",2026-08-30 14:59:41
2026-09-03 14:59:13,"cmd: SitFlush: Begin","Aurora-2",2026-08-30 14:59:13
2026-09-03 14:58:42,"cmd: SitFlush: Begin","Aurora-2",2026-08-30 14:58:42
2026-09-03 14:58:10,"cmd: SitFlush: Begin","Aurora-2",2026-08-30 14:58:10
2026-09-03 14:53:25,"cmd: SitFlush: Begin","Aurora-2",2026-08-30 14:53:25
2026-09-03 13:15:22,"cmd: SitFlush: Begin","Aurora-2",2026-08-30 13:15:22
2026-09-03 13:12:06,"cmd: SitFlush: Begin","Aurora-2",2026-08-30 13:12:06
2026-09-03 13:09:35,"cmd: SitFlush: Begin","Aurora-2",2026-08-30 13:09:35
2026-09-03 13:06:29,"cmd: SitFlush: Begin","Aurora-2",2026-08-30 13:06:29
2026-09-03 13:04:32,"cmd: SitFlush: Begin","Aurora-2",2026-08-30 13:04:32
2026-09-03 13:01:41,"cmd: SitFlush: Begin","Aurora-2",2026-08-30 13:01:41
2026-09-03 12:58:51,"cmd: SitFlush: Begin","Aurora-2",2026-08-30 12:58:51
2026-09-03 12:55:56,"cmd: SitFlush: Begin","Aurora-2",2026-08-30 12:55:56
2026-09-03 12:53:26,"cmd: SitFlush: Begin","Aurora-2",2026-08-30 12:53:26
2026-09-03 12:50:18,"cmd: SitFlush: Begin","Aurora-2",2026-08-30 12:50:18
2026-09-03 12:42:27,"cmd: SitFlush: Begin","Aurora-2",2026-08-30 12:42:27
2026-09-03 12:39:18,"cmd: SitFlush: Begin","Aurora-2",2026-08-30 12:39:18
2026-09-03 12:35:56,"cmd: SitFlush: Begin","Aurora-2",2026-08-30 12:35:56
2026-09-03 12:32:29,"cmd: SitFlush: Begin","Aurora-2",2026-08-30 12:32:29
2026-09-03 12:30:03,"cmd: SitFlush: Begin","Aurora-2",2026-08-30 12:30:03
2026-09-03 12:26:37,"cmd: SitFlush: Begin","Aurora-2",2026-08-30 12:26:37
2026-09-03 12:24:32,"cmd: SitFlush: Begin","Aurora-2",2026-08-30 12:24:32
2026-09-03 12:21:21,"cmd: SitFlush: Begin","Aurora-2",2026-08-30 12:21:21
2026-09-03 12:18:22,"cmd: SitFlush: Begin","Aurora-2",2026-08-30 12:18:22
2026-09-03 12:16:03,"cmd: SitFlush: Begin","Aurora-2",2026-08-30 12:16:03
2026-09-03 12:13:22,"cmd: SitFlush: Begin","Aurora-2",2026-08-30 12:13:22
2026-09-03 12:10:45,"cmd: SitFlush: Begin","Aurora-2",2026-08-30 12:10:45
2026-09-03 12:07:58,"cmd: SitFlush: Begin","Aurora-2",2026-08-30 12:07:58
2026-09-03 12:05:33,"cmd: SitFlush: Begin","Aurora-2",2026-08-30 12:05:33
2026-09-03 12:02:43,"cmd: SitFlush: Begin","Aurora-2",2026-08-30 12:02:43
2026-09-03 11:59:42,"cmd: SitFlush: Begin","Aurora-2",2026-08-30 11:59:42
2026-09-03 11:57:14,"cmd: SitFlush: Begin","Aurora-2",2026-08-30 11:57:14
2026-09-03 11:54:09,"cmd: SitFlush: Begin","Aurora-2",2026-08-30 11:54:09
2026-09-03 11:52:04,"cmd: SitFlush: Begin","Aurora-2",2026-08-30 11:52:04
2026-09-03 11:49:24,"cmd: SitFlush: Begin","Aurora-2",2026-08-30 11:49:24
2026-09-03 11:46:57,"cmd: SitFlush: Begin","Aurora-2",2026-08-30 11:46:57
2026-09-03 11:44:24,"cmd: SitFlush: Begin","Aurora-2",2026-08-30 11:44:24
2026-09-03 11:42:08,"cmd: SitFlush: Begin","Aurora-2",2026-08-30 11:42:08
2026-09-03 11:39:17,"cmd: SitFlush: Begin","Aurora-2",2026-08-30 11:39:17
2026-09-03 11:36:23,"cmd: SitFlush: Begin","Aurora-2",2026-08-30 11:36:23
2026-09-03 11:33:50,"cmd: SitFlush: Begin","Aurora-2",2026-08-30 11:33:50
2026-09-03 11:30:51,"cmd: SitFlush: Begin","Aurora-2",2026-08-30 11:30:51
2026-09-03 11:28:33,"cmd: SitFlush: Begin","Aurora-2",2026-08-30 11:28:33
2026-09-03 11:25:36,"cmd: SitFlush: Begin","Aurora-2",2026-08-30 11:25:36
2026-09-03 11:22:54,"cmd: SitFlush: Begin","Aurora-2",2026-08-30 11:22:54
2026-09-03 11:20:22,"cmd: SitFlush: Begin","Aurora-2",2026-08-30 11:20:22
2026-09-03 11:17:43,"cmd: SitFlush: Begin","Aurora-2",2026-08-30 11:17:43
2026-09-03 11:14:37,"cmd: SitFlush: Begin","Aurora-2",2026-08-30 11:14:37
2026-09-03 11:11:29,"cmd: SitFlush: Begin","Aurora-2",2026-08-30 11:11:29
2026-09-03 11:08:45,"cmd: SitFlush: Begin","Aurora-2",2026-08-30 11:08:45
2026-09-03 10:48:20,"cmd: SitFlush: Begin","Aurora-2",2026-08-30 10:48:20
2026-09-03 10:44:54,"cmd: SitFlush: Begin","Aurora-2",2026-08-30 10:44:54
2026-09-03 10:43:03,"cmd: SitFlush: Begin","Aurora-2",2026-08-30 10:43:03
2026-09-03 10:41:34,"cmd: SitFlush: Begin","Aurora-2",2026-08-30 10:41:34
2026-09-03 09:05:28,"cmd: SitFlush: Begin","Aurora-2",2026-08-30 09:05:28
2026-09-03 08:36:04,"cmd: SitFlush: Begin","Aurora-2",2026-08-30 08:36:04
2026-09-02 16:08:55,"cmd: SitFlush: Begin","Aurora-2",2026-08-30 16:08:55
2026-09-02 16:00:12,"cmd: SitFlush: Begin","Aurora-2",2026-08-30 16:00:12
2026-09-02 15:52:35,"cmd: SitFlush: Begin","Aurora-2",2026-08-30 15:52:35
2026-09-02 15:44:50,"cmd: SitFlush: Begin","Aurora-2",2026-08-30 15:44:50
2026-09-02 15:29:15,"cmd: SitFlush: Begin","Aurora-2",2026-08-30 15:29:15
2026-09-02 15:19:28,"cmd: SitFlush: Begin","Aurora-2",2026-08-30 15:19:28
2026-09-02 15:09:34,"cmd: SitFlush: Begin","Aurora-2",2026-08-30 15:09:34
2026-09-02 15:04:17,"cmd: SitFlush: Begin","Aurora-2",2026-08-30 15:04:17
2026-09-02 14:56:15,"cmd: SitFlush: Begin","Aurora-2",2026-08-30 14:56:15
2026-09-02 14:55:38,"cmd: SitFlush: Begin","Aurora-2",2026-08-30 14:55:38
2026-09-02 14:55:00,"cmd: SitFlush: Begin","Aurora-2",2026-08-30 14:55:00
2026-09-02 14:52:54,"cmd: SitFlush: Begin","Aurora-2",2026-08-30 14:52:54
2026-09-02 14:50:56,"cmd: SitFlush: Begin","Aurora-2",2026-08-30 14:50:56
2026-09-02 14:35:58,"cmd: SitFlush: Begin","Aurora-2",2026-08-30 14:35:58
2026-09-02 14:34:31,"cmd: SitFlush: Begin","Aurora-2",2026-08-30 14:34:31
2026-09-02 11:22:43,"cmd: SitFlush: Begin","Aurora-2",2026-08-30 11:22:43
2026-09-02 11:14:34,"cmd: SitFlush: Begin","Aurora-2",2026-08-30 11:14:34
2026-09-02 10:38:21,"cmd: SitFlush: Begin","Aurora-2",2026-08-30 10:38:21
2026-09-02 10:37:34,"cmd: SitFlush: Begin","Aurora-2",2026-08-30 10:37:34
2026-09-02 10:37:00,"cmd: SitFlush: Begin","Aurora-2",2026-08-30 10:37:00
2026-09-02 10:36:28,"cmd: SitFlush: Begin","Aurora-2",2026-08-30 10:36:28
2026-09-02 10:35:54,"cmd: SitFlush: Begin","Aurora-2",2026-08-30 10:35:54
2026-09-02 10:35:22,"cmd: SitFlush: Begin","Aurora-2",2026-08-30 10:35:22
2026-09-02 10:34:49,"cmd: SitFlush: Begin","Aurora-2",2026-08-30 10:34:49
2026-09-02 10:34:18,"cmd: SitFlush: Begin","Aurora-2",2026-08-30 10:34:18
2026-09-02 10:33:44,"cmd: SitFlush: Begin","Aurora-2",2026-08-30 10:33:44
2026-09-02 10:32:54,"cmd: SitFlush: Begin","Aurora-2",2026-08-30 10:32:54
2026-09-02 10:32:21,"cmd: SitFlush: Begin","Aurora-2",2026-08-30 10:32:21
2026-09-02 10:31:47,"cmd: SitFlush: Begin","Aurora-2",2026-08-30 10:31:47
2026-09-02 10:30:55,"cmd: SitFlush: Begin","Aurora-2",2026-08-30 10:30:55
2026-09-02 10:30:21,"cmd: SitFlush: Begin","Aurora-2",2026-08-30 10:30:21
2026-09-02 10:29:36,"cmd: SitFlush: Begin","Aurora-2",2026-08-30 10:29:36
2026-09-02 10:28:42,"cmd: SitFlush: Begin","Aurora-2",2026-08-30 10:28:42
2026-09-02 10:27:59,"cmd: SitFlush: Begin","Aurora-2",2026-08-30 10:27:59
2026-09-02 10:27:26,"cmd: SitFlush: Begin","Aurora-2",2026-08-30 10:27:26
2026-09-02 10:26:49,"cmd: SitFlush: Begin","Aurora-2",2026-08-30 10:26:49
2026-09-02 10:26:16,"cmd: SitFlush: Begin","Aurora-2",2026-08-30 10:26:16
2026-09-02 10:25:45,"cmd: SitFlush: Begin","Aurora-2",2026-08-30 10:25:45
2026-09-02 10:25:14,"cmd: SitFlush: Begin","Aurora-2",2026-08-30 10:25:14
2026-09-02 10:24:35,"cmd: SitFlush: Begin","Aurora-2",2026-08-30 10:24:35
2026-09-02 10:24:03,"cmd: SitFlush: Begin","Aurora-2",2026-08-30 10:24:03
2026-09-02 10:23:29,"cmd: SitFlush: Begin","Aurora-2",2026-08-30 10:23:29
2026-09-02 10:22:33,"cmd: SitFlush: Begin","Aurora-2",2026-08-30 10:22:33
2026-09-02 10:22:01,"cmd: SitFlush: Begin","Aurora-2",2026-08-30 10:22:01
2026-09-02 10:21:25,"cmd: SitFlush: Begin","Aurora-2",2026-08-30 10:21:25
2026-09-02 10:20:52,"cmd: SitFlush: Begin","Aurora-2",2026-08-30 10:20:52
2026-09-02 10:20:04,"cmd: SitFlush: Begin","Aurora-2",2026-08-30 10:20:04
2026-09-02 10:19:31,"cmd: SitFlush: Begin","Aurora-2",2026-08-30 10:19:31
2026-09-02 10:18:58,"cmd: SitFlush: Begin","Aurora-2",2026-08-30 10:18:58
2026-09-02 08:57:37,"cmd: SitFlush: Begin","Aurora-2",2026-08-30 08:57:37
2026-09-02 08:50:57,"cmd: SitFlush: Begin","Aurora-2",2026-08-30 08:50:57
2026-09-01 19:06:25,"cmd: SitFlush: Begin","Aurora-2",2026-08-30 19:06:25
2026-09-01 19:05:02,"cmd: SitFlush: Begin","Aurora-2",2026-08-30 19:05:02
2026-09-01 19:03:06,"cmd: SitFlush: Begin","Aurora-2",2026-08-30 19:03:06
2026-09-01 18:57:08,"cmd: SitFlush: Begin","Aurora-2",2026-08-30 18:57:08
2026-09-01 18:55:54,"cmd: SitFlush: Begin","Aurora-2",2026-08-30 18:55:54
2026-09-01 18:54:34,"cmd: SitFlush: Begin","Aurora-2",2026-08-30 18:54:34
2026-09-01 18:47:28,"cmd: SitFlush: Begin","Aurora-2",2026-08-30 18:47:28
2026-09-01 18:40:45,"cmd: SitFlush: Begin","Aurora-2",2026-08-30 18:40:45
2026-09-01 18:32:37,"cmd: SitFlush: Begin","Aurora-2",2026-08-30 18:32:37
2026-09-01 18:23:10,"cmd: SitFlush: Begin","Aurora-2",2026-08-30 18:23:10
2026-09-01 18:22:13,"cmd: SitFlush: Begin","Aurora-2",2026-08-30 18:22:13
2026-09-01 18:21:37,"cmd: SitFlush: Begin","Aurora-2",2026-08-30 18:21:37
2026-09-01 18:20:57,"cmd: SitFlush: Begin","Aurora-2",2026-08-30 18:20:57
2026-09-01 18:20:19,"cmd: SitFlush: Begin","Aurora-2",2026-08-30 18:20:19
2026-09-01 18:19:32,"cmd: SitFlush: Begin","Aurora-2",2026-08-30 18:19:32
2026-09-01 18:18:50,"cmd: SitFlush: Begin","Aurora-2",2026-08-30 18:18:50
2026-09-01 18:18:13,"cmd: SitFlush: Begin","Aurora-2",2026-08-30 18:18:13
2026-09-01 18:17:30,"cmd: SitFlush: Begin","Aurora-2",2026-08-30 18:17:30
2026-09-01 18:16:43,"cmd: SitFlush: Begin","Aurora-2",2026-08-30 18:16:43
2026-09-01 18:15:43,"cmd: SitFlush: Begin","Aurora-2",2026-08-30 18:15:43
2026-09-01 18:14:59,"cmd: SitFlush: Begin","Aurora-2",2026-08-30 18:14:59
2026-09-01 18:14:21,"cmd: SitFlush: Begin","Aurora-2",2026-08-30 18:14:21
2026-09-01 18:13:39,"cmd: SitFlush: Begin","Aurora-2",2026-08-30 18:13:39
2026-09-01 18:12:55,"cmd: SitFlush: Begin","Aurora-2",2026-08-30 18:12:55
2026-09-01 18:12:13,"cmd: SitFlush: Begin","Aurora-2",2026-08-30 18:12:13
2026-09-01 18:11:28,"cmd: SitFlush: Begin","Aurora-2",2026-08-30 18:11:28
2026-09-01 18:10:47,"cmd: SitFlush: Begin","Aurora-2",2026-08-30 18:10:47
2026-09-01 18:09:59,"cmd: SitFlush: Begin","Aurora-2",2026-08-30 18:09:59
2026-09-01 18:09:10,"cmd: SitFlush: Begin","Aurora-2",2026-08-30 18:09:10
2026-09-01 18:08:21,"cmd: SitFlush: Begin","Aurora-2",2026-08-30 18:08:21
2026-09-01 18:07:22,"cmd: SitFlush: Begin","Aurora-2",2026-08-30 18:07:22
2026-09-01 17:13:50,"cmd: SitFlush: Begin","Aurora-2",2026-08-30 17:13:50
2026-09-01 17:12:47,"cmd: SitFlush: Begin","Aurora-2",2026-08-30 17:12:47
2026-09-01 17:11:49,"cmd: SitFlush: Begin","Aurora-2",2026-08-30 17:11:49
2026-09-01 17:10:52,"cmd: SitFlush: Begin","Aurora-2",2026-08-30 17:10:52
2026-09-01 17:09:49,"cmd: SitFlush: Begin","Aurora-2",2026-08-30 17:09:49
2026-09-01 17:07:57,"cmd: SitFlush: Begin","Aurora-2",2026-08-30 17:07:57
2026-09-01 17:06:55,"cmd: SitFlush: Begin","Aurora-2",2026-08-30 17:06:55
2026-09-01 17:05:45,"cmd: SitFlush: Begin","Aurora-2",2026-08-30 17:05:45
2026-09-01 17:04:20,"cmd: SitFlush: Begin","Aurora-2",2026-08-30 17:04:20
2026-09-01 17:03:08,"cmd: SitFlush: Begin","Aurora-2",2026-08-30 17:03:08
2026-09-01 17:01:13,"cmd: SitFlush: Begin","Aurora-2",2026-08-30 17:01:13
2026-09-01 16:54:20,"cmd: SitFlush: Begin","Aurora-2",2026-08-30 16:54:20
2026-09-01 16:53:12,"cmd: SitFlush: Begin","Aurora-2",2026-08-30 16:53:12
2026-09-01 16:52:35,"cmd: SitFlush: Begin","Aurora-2",2026-08-30 16:52:35
2026-09-01 16:51:41,"cmd: SitFlush: Begin","Aurora-2",2026-08-30 16:51:41
2026-09-01 16:50:35,"cmd: SitFlush: Begin","Aurora-2",2026-08-30 16:50:35
2026-09-01 16:49:51,"cmd: SitFlush: Begin","Aurora-2",2026-08-30 16:49:51
2026-09-01 16:49:00,"cmd: SitFlush: Begin","Aurora-2",2026-08-30 16:49:00
2026-09-01 16:48:05,"cmd: SitFlush: Begin","Aurora-2",2026-08-30 16:48:05
2026-09-01 16:47:17,"cmd: SitFlush: Begin","Aurora-2",2026-08-30 16:47:17
2026-09-01 14:36:11,"cmd: SitFlush: Begin","Aurora-2",2026-08-30 14:36:11
2026-09-01 14:34:01,"cmd: SitFlush: Begin","Aurora-2",2026-08-30 14:34:01
2026-09-01 14:29:09,"cmd: SitFlush: Begin","Aurora-2",2026-08-30 14:29:09
2026-09-01 14:23:39,"cmd: SitFlush: Begin","Aurora-2",2026-08-30 14:23:39
2026-09-01 14:23:10,"cmd: SitFlush: Begin","Aurora-2",2026-08-30 14:23:10
2026-09-01 14:22:45,"cmd: SitFlush: Begin","Aurora-2",2026-08-30 14:22:45
2026-09-01 14:22:20,"cmd: SitFlush: Begin","Aurora-2",2026-08-30 14:22:20
2026-09-01 14:21:55,"cmd: SitFlush: Begin","Aurora-2",2026-08-30 14:21:55
2026-09-01 14:21:31,"cmd: SitFlush: Begin","Aurora-2",2026-08-30 14:21:31
2026-09-01 14:21:03,"cmd: SitFlush: Begin","Aurora-2",2026-08-30 14:21:03
2026-09-01 14:20:38,"cmd: SitFlush: Begin","Aurora-2",2026-08-30 14:20:38
2026-09-01 14:20:13,"cmd: SitFlush: Begin","Aurora-2",2026-08-30 14:20:13
2026-09-01 14:19:49,"cmd: SitFlush: Begin","Aurora-2",2026-08-30 14:19:49
2026-09-01 14:19:24,"cmd: SitFlush: Begin","Aurora-2",2026-08-30 14:19:24
2026-09-01 14:18:59,"cmd: SitFlush: Begin","Aurora-2",2026-08-30 14:18:59
2026-09-01 14:18:31,"cmd: SitFlush: Begin","Aurora-2",2026-08-30 14:18:31
2026-09-01 14:17:57,"cmd: SitFlush: Begin","Aurora-2",2026-08-30 14:17:57
2026-09-01 09:22:25,"cmd: SitFlush: Begin","Aurora-2",2026-08-30 09:22:25
2026-09-01 09:20:42,"cmd: SitFlush: Begin","Aurora-2",2026-08-30 09:20:42
2026-09-01 09:09:16,"cmd: SitFlush: Begin","Aurora-2",2026-08-30 09:09:16
2026-08-31 09:23:39,"cmd: SitFlush: Begin","Aurora-2",2026-08-30 09:23:39
2026-08-31 09:20:47,"cmd: SitFlush: Begin","Aurora-2",2026-08-30 09:20:47
2026-08-31 09:18:39,"cmd: SitFlush: Begin","Aurora-2",2026-08-30 09:18:39
2026-08-31 09:09:03,"cmd: SitFlush: Begin","Aurora-2",2026-08-30 09:09:03
2026-08-28 16:00:29,"cmd: SitFlush: Begin","Aurora-2",2026-08-23 16:00:29
2026-08-28 15:59:21,"cmd: SitFlush: Begin","Aurora-2",2026-08-23 15:59:21
2026-08-28 15:58:13,"cmd: SitFlush: Begin","Aurora-2",2026-08-23 15:58:13
2026-08-28 15:57:04,"cmd: SitFlush: Begin","Aurora-2",2026-08-23 15:57:04
2026-08-28 15:55:57,"cmd: SitFlush: Begin","Aurora-2",2026-08-23 15:55:57
2026-08-28 15:54:49,"cmd: SitFlush: Begin","Aurora-2",2026-08-23 15:54:49
2026-08-28 15:44:43,"cmd: SitFlush: Begin","Aurora-2",2026-08-23 15:44:43
2026-08-28 15:43:47,"cmd: SitFlush: Begin","Aurora-2",2026-08-23 15:43:47
2026-08-28 15:42:55,"cmd: SitFlush: Begin","Aurora-2",2026-08-23 15:42:55
2026-08-28 15:42:02,"cmd: SitFlush: Begin","Aurora-2",2026-08-23 15:42:02
2026-08-28 15:41:10,"cmd: SitFlush: Begin","Aurora-2",2026-08-23 15:41:10
2026-08-28 15:40:17,"cmd: SitFlush: Begin","Aurora-2",2026-08-23 15:40:17
2026-08-28 15:39:25,"cmd: SitFlush: Begin","Aurora-2",2026-08-23 15:39:25
2026-08-28 15:38:33,"cmd: SitFlush: Begin","Aurora-2",2026-08-23 15:38:33
2026-08-28 15:37:39,"cmd: SitFlush: Begin","Aurora-2",2026-08-23 15:37:39
2026-08-28 15:37:00,"cmd: SitFlush: Begin","Aurora-2",2026-08-23 15:37:00
2026-08-28 15:36:07,"cmd: SitFlush: Begin","Aurora-2",2026-08-23 15:36:07
2026-08-28 15:35:15,"cmd: SitFlush: Begin","Aurora-2",2026-08-23 15:35:15
2026-08-28 15:34:22,"cmd: SitFlush: Begin","Aurora-2",2026-08-23 15:34:22
2026-08-28 15:33:30,"cmd: SitFlush: Begin","Aurora-2",2026-08-23 15:33:30
2026-08-28 15:32:38,"cmd: SitFlush: Begin","Aurora-2",2026-08-23 15:32:38
2026-08-28 15:31:46,"cmd: SitFlush: Begin","Aurora-2",2026-08-23 15:31:46
2026-08-28 15:30:53,"cmd: SitFlush: Begin","Aurora-2",2026-08-23 15:30:53
2026-08-28 15:27:10,"cmd: SitFlush: Begin","Aurora-2",2026-08-23 15:27:10
2026-08-28 15:26:02,"cmd: SitFlush: Begin","Aurora-2",2026-08-23 15:26:02
2026-08-28 15:24:54,"cmd: SitFlush: Begin","Aurora-2",2026-08-23 15:24:54
2026-08-28 15:23:45,"cmd: SitFlush: Begin","Aurora-2",2026-08-23 15:23:45
2026-08-28 15:22:34,"cmd: SitFlush: Begin","Aurora-2",2026-08-23 15:22:34
2026-08-28 15:21:26,"cmd: SitFlush: Begin","Aurora-2",2026-08-23 15:21:26
2026-08-28 15:20:17,"cmd: SitFlush: Begin","Aurora-2",2026-08-23 15:20:17
2026-08-28 15:19:09,"cmd: SitFlush: Begin","Aurora-2",2026-08-23 15:19:09
2026-08-28 15:18:01,"cmd: SitFlush: Begin","Aurora-2",2026-08-23 15:18:01
2026-08-28 15:16:53,"cmd: SitFlush: Begin","Aurora-2",2026-08-23 15:16:53
2026-08-28 15:15:45,"cmd: SitFlush: Begin","Aurora-2",2026-08-23 15:15:45
2026-08-28 15:14:38,"cmd: SitFlush: Begin","Aurora-2",2026-08-23 15:14:38
2026-08-28 15:12:08,"cmd: SitFlush: Begin","Aurora-2",2026-08-23 15:12:08
2026-08-28 15:11:00,"cmd: SitFlush: Begin","Aurora-2",2026-08-23 15:11:00
2026-08-28 15:09:52,"cmd: SitFlush: Begin","Aurora-2",2026-08-23 15:09:52
2026-08-28 15:08:45,"cmd: SitFlush: Begin","Aurora-2",2026-08-23 15:08:45
2026-08-28 15:07:37,"cmd: SitFlush: Begin","Aurora-2",2026-08-23 15:07:37
2026-08-28 15:06:25,"cmd: SitFlush: Begin","Aurora-2",2026-08-23 15:06:25
2026-08-28 15:05:18,"cmd: SitFlush: Begin","Aurora-2",2026-08-23 15:05:18
2026-08-28 15:04:10,"cmd: SitFlush: Begin","Aurora-2",2026-08-23 15:04:10
2026-08-28 15:03:01,"cmd: SitFlush: Begin","Aurora-2",2026-08-23 15:03:01
2026-08-28 15:01:54,"cmd: SitFlush: Begin","Aurora-2",2026-08-23 15:01:54
2026-08-28 15:00:46,"cmd: SitFlush: Begin","Aurora-2",2026-08-23 15:00:46
2026-08-28 14:59:38,"cmd: SitFlush: Begin","Aurora-2",2026-08-23 14:59:38
2026-08-28 14:58:31,"cmd: SitFlush: Begin","Aurora-2",2026-08-23 14:58:31
2026-08-28 14:54:01,"cmd: SitFlush: Begin","Aurora-2",2026-08-23 14:54:01
2026-08-28 14:42:07,"cmd: SitFlush: Begin","Aurora-2",2026-08-23 14:42:07
2026-08-28 14:40:32,"cmd: SitFlush: Begin","Aurora-2",2026-08-23 14:40:32
2026-08-28 14:38:58,"cmd: SitFlush: Begin","Aurora-2",2026-08-23 14:38:58
2026-08-28 14:37:23,"cmd: SitFlush: Begin","Aurora-2",2026-08-23 14:37:23
2026-08-28 14:35:49,"cmd: SitFlush: Begin","Aurora-2",2026-08-23 14:35:49
2026-08-28 14:34:15,"cmd: SitFlush: Begin","Aurora-2",2026-08-23 14:34:15
2026-08-28 14:32:41,"cmd: SitFlush: Begin","Aurora-2",2026-08-23 14:32:41
2026-08-28 14:31:07,"cmd: SitFlush: Begin","Aurora-2",2026-08-23 14:31:07
2026-08-28 14:29:33,"cmd: SitFlush: Begin","Aurora-2",2026-08-23 14:29:33
2026-08-28 14:27:59,"cmd: SitFlush: Begin","Aurora-2",2026-08-23 14:27:59
2026-08-28 14:26:24,"cmd: SitFlush: Begin","Aurora-2",2026-08-23 14:26:24
2026-08-28 14:24:50,"cmd: SitFlush: Begin","Aurora-2",2026-08-23 14:24:50
2026-08-28 14:23:17,"cmd: SitFlush: Begin","Aurora-2",2026-08-23 14:23:17
2026-08-28 14:21:35,"cmd: SitFlush: Begin","Aurora-2",2026-08-23 14:21:35
2026-08-28 14:17:26,"cmd: SitFlush: Begin","Aurora-2",2026-08-23 14:17:26
2026-08-28 14:15:57,"cmd: SitFlush: Begin","Aurora-2",2026-08-23 14:15:57
2026-08-28 14:14:25,"cmd: SitFlush: Begin","Aurora-2",2026-08-23 14:14:25
2026-08-28 14:13:06,"cmd: SitFlush: Begin","Aurora-2",2026-08-23 14:13:06
2026-08-28 14:11:36,"cmd: SitFlush: Begin","Aurora-2",2026-08-23 14:11:36
2026-08-28 14:10:12,"cmd: SitFlush: Begin","Aurora-2",2026-08-23 14:10:12
2026-08-28 13:56:59,"cmd: SitFlush: Begin","Aurora-2",2026-08-23 13:56:59
2026-08-28 13:55:52,"cmd: SitFlush: Begin","Aurora-2",2026-08-23 13:55:52
2026-08-28 13:54:44,"cmd: SitFlush: Begin","Aurora-2",2026-08-23 13:54:44
2026-08-28 13:53:37,"cmd: SitFlush: Begin","Aurora-2",2026-08-23 13:53:37
2026-08-28 13:52:29,"cmd: SitFlush: Begin","Aurora-2",2026-08-23 13:52:29
2026-08-28 13:38:51,"cmd: SitFlush: Begin","Aurora-2",2026-08-23 13:38:51
2026-08-28 13:37:40,"cmd: SitFlush: Begin","Aurora-2",2026-08-23 13:37:40
2026-08-28 13:36:33,"cmd: SitFlush: Begin","Aurora-2",2026-08-23 13:36:33
2026-08-28 13:35:26,"cmd: SitFlush: Begin","Aurora-2",2026-08-23 13:35:26
2026-08-28 13:34:18,"cmd: SitFlush: Begin","Aurora-2",2026-08-23 13:34:18
2026-08-28 13:33:11,"cmd: SitFlush: Begin","Aurora-2",2026-08-23 13:33:11
2026-08-28 13:32:04,"cmd: SitFlush: Begin","Aurora-2",2026-08-23 13:32:04
2026-08-28 13:30:56,"cmd: SitFlush: Begin","Aurora-2",2026-08-23 13:30:56
2026-08-28 13:29:48,"cmd: SitFlush: Begin","Aurora-2",2026-08-23 13:29:48
2026-08-28 13:28:36,"cmd: SitFlush: Begin","Aurora-2",2026-08-23 13:28:36
2026-08-28 13:27:29,"cmd: SitFlush: Begin","Aurora-2",2026-08-23 13:27:29
2026-08-28 13:26:21,"cmd: SitFlush: Begin","Aurora-2",2026-08-23 13:26:21
2026-08-28 13:25:14,"cmd: SitFlush: Begin","Aurora-2",2026-08-23 13:25:14
2026-08-28 13:24:07,"cmd: SitFlush: Begin","Aurora-2",2026-08-23 13:24:07
2026-08-28 13:22:59,"cmd: SitFlush: Begin","Aurora-2",2026-08-23 13:22:59
2026-08-28 13:21:52,"cmd: SitFlush: Begin","Aurora-2",2026-08-23 13:21:52
2026-08-28 13:20:46,"cmd: SitFlush: Begin","Aurora-2",2026-08-23 13:20:46
2026-08-28 13:14:39,"cmd: SitFlush: Begin","Aurora-2",2026-08-23 13:14:39
2026-08-28 13:13:31,"cmd: SitFlush: Begin","Aurora-2",2026-08-23 13:13:31
2026-08-28 13:12:24,"cmd: SitFlush: Begin","Aurora-2",2026-08-23 13:12:24
2026-08-28 13:11:16,"cmd: SitFlush: Begin","Aurora-2",2026-08-23 13:11:16
2026-08-28 13:10:04,"cmd: SitFlush: Begin","Aurora-2",2026-08-23 13:10:04
2026-08-28 13:08:56,"cmd: SitFlush: Begin","Aurora-2",2026-08-23 13:08:56
2026-08-28 13:07:47,"cmd: SitFlush: Begin","Aurora-2",2026-08-23 13:07:47
2026-08-28 13:06:39,"cmd: SitFlush: Begin","Aurora-2",2026-08-23 13:06:39
2026-08-28 13:05:32,"cmd: SitFlush: Begin","Aurora-2",2026-08-23 13:05:32
2026-08-28 13:04:24,"cmd: SitFlush: Begin","Aurora-2",2026-08-23 13:04:24
2026-08-28 13:03:16,"cmd: SitFlush: Begin","Aurora-2",2026-08-23 13:03:16
2026-08-28 13:02:08,"cmd: SitFlush: Begin","Aurora-2",2026-08-23 13:02:08
2026-08-28 13:00:56,"cmd: SitFlush: Begin","Aurora-2",2026-08-23 13:00:56
2026-08-28 12:59:48,"cmd: SitFlush: Begin","Aurora-2",2026-08-23 12:59:48
2026-08-28 12:58:40,"cmd: SitFlush: Begin","Aurora-2",2026-08-23 12:58:40
2026-08-28 12:57:33,"cmd: SitFlush: Begin","Aurora-2",2026-08-23 12:57:33
2026-08-28 12:56:25,"cmd: SitFlush: Begin","Aurora-2",2026-08-23 12:56:25
2026-08-28 12:55:17,"cmd: SitFlush: Begin","Aurora-2",2026-08-23 12:55:17
2026-08-28 12:54:09,"cmd: SitFlush: Begin","Aurora-2",2026-08-23 12:54:09
2026-08-28 12:53:00,"cmd: SitFlush: Begin","Aurora-2",2026-08-23 12:53:00
2026-08-28 12:51:55,"cmd: SitFlush: Begin","Aurora-2",2026-08-23 12:51:55
2026-08-28 12:50:48,"cmd: SitFlush: Begin","Aurora-2",2026-08-23 12:50:48
2026-08-28 12:49:40,"cmd: SitFlush: Begin","Aurora-2",2026-08-23 12:49:40
2026-08-28 12:48:32,"cmd: SitFlush: Begin","Aurora-2",2026-08-23 12:48:32
2026-08-28 12:47:24,"cmd: SitFlush: Begin","Aurora-2",2026-08-23 12:47:24
2026-08-28 12:46:16,"cmd: SitFlush: Begin","Aurora-2",2026-08-23 12:46:16
2026-08-28 12:45:09,"cmd: SitFlush: Begin","Aurora-2",2026-08-23 12:45:09
2026-08-28 12:44:01,"cmd: SitFlush: Begin","Aurora-2",2026-08-23 12:44:01
2026-08-28 12:42:15,"cmd: SitFlush: Begin","Aurora-2",2026-08-23 12:42:15
2026-08-28 12:41:49,"cmd: SitFlush: Begin","Aurora-2",2026-08-23 12:41:49
2026-08-28 12:41:15,"cmd: SitFlush: Begin","Aurora-2",2026-08-23 12:41:15
2026-08-28 12:40:03,"cmd: SitFlush: Begin","Aurora-2",2026-08-23 12:40:03
2026-08-28 12:38:56,"cmd: SitFlush: Begin","Aurora-2",2026-08-23 12:38:56
2026-08-28 12:37:48,"cmd: SitFlush: Begin","Aurora-2",2026-08-23 12:37:48
2026-08-28 12:36:40,"cmd: SitFlush: Begin","Aurora-2",2026-08-23 12:36:40
2026-08-28 12:35:33,"cmd: SitFlush: Begin","Aurora-2",2026-08-23 12:35:33
2026-08-28 12:34:25,"cmd: SitFlush: Begin","Aurora-2",2026-08-23 12:34:25
2026-08-28 12:33:17,"cmd: SitFlush: Begin","Aurora-2",2026-08-23 12:33:17
2026-08-28 12:32:09,"cmd: SitFlush: Begin","Aurora-2",2026-08-23 12:32:09
2026-08-28 12:30:25,"cmd: SitFlush: Begin","Aurora-2",2026-08-23 12:30:25
2026-08-28 12:22:26,"cmd: SitFlush: Begin","Aurora-2",2026-08-23 12:22:26
2026-08-28 12:21:17,"cmd: SitFlush: Begin","Aurora-2",2026-08-23 12:21:17
2026-08-28 12:20:10,"cmd: SitFlush: Begin","Aurora-2",2026-08-23 12:20:10
2026-08-28 12:19:02,"cmd: SitFlush: Begin","Aurora-2",2026-08-23 12:19:02
2026-08-28 12:17:54,"cmd: SitFlush: Begin","Aurora-2",2026-08-23 12:17:54
2026-08-28 12:16:46,"cmd: SitFlush: Begin","Aurora-2",2026-08-23 12:16:46
2026-08-28 12:15:38,"cmd: SitFlush: Begin","Aurora-2",2026-08-23 12:15:38
2026-08-28 12:14:27,"cmd: SitFlush: Begin","Aurora-2",2026-08-23 12:14:27
2026-08-28 12:13:19,"cmd: SitFlush: Begin","Aurora-2",2026-08-23 12:13:19
2026-08-28 12:12:11,"cmd: SitFlush: Begin","Aurora-2",2026-08-23 12:12:11
2026-08-28 12:11:04,"cmd: SitFlush: Begin","Aurora-2",2026-08-23 12:11:04
2026-08-28 12:09:55,"cmd: SitFlush: Begin","Aurora-2",2026-08-23 12:09:55
2026-08-28 12:08:48,"cmd: SitFlush: Begin","Aurora-2",2026-08-23 12:08:48
2026-08-28 12:07:40,"cmd: SitFlush: Begin","Aurora-2",2026-08-23 12:07:40
2026-08-28 12:06:33,"cmd: SitFlush: Begin","Aurora-2",2026-08-23 12:06:33
2026-08-28 12:05:21,"cmd: SitFlush: Begin","Aurora-2",2026-08-23 12:05:21
2026-08-28 12:04:13,"cmd: SitFlush: Begin","Aurora-2",2026-08-23 12:04:13
2026-08-28 12:03:05,"cmd: SitFlush: Begin","Aurora-2",2026-08-23 12:03:05
2026-08-28 12:01:57,"cmd: SitFlush: Begin","Aurora-2",2026-08-23 12:01:57
2026-08-28 12:00:49,"cmd: SitFlush: Begin","Aurora-2",2026-08-23 12:00:49
2026-08-28 11:59:42,"cmd: SitFlush: Begin","Aurora-2",2026-08-23 11:59:42
2026-08-28 11:58:32,"cmd: SitFlush: Begin","Aurora-2",2026-08-23 11:58:32
2026-08-28 11:57:24,"cmd: SitFlush: Begin","Aurora-2",2026-08-23 11:57:24
2026-08-28 11:54:34,"cmd: SitFlush: Begin","Aurora-2",2026-08-23 11:54:34
2026-08-28 11:53:25,"cmd: SitFlush: Begin","Aurora-2",2026-08-23 11:53:25
2026-08-28 11:52:17,"cmd: SitFlush: Begin","Aurora-2",2026-08-23 11:52:17
2026-08-28 11:51:07,"cmd: SitFlush: Begin","Aurora-2",2026-08-23 11:51:07
2026-08-28 11:40:44,"cmd: SitFlush: Begin","Aurora-2",2026-08-23 11:40:44
2026-08-28 11:33:33,"cmd: SitFlush: Begin","Aurora-2",2026-08-23 11:33:33
2026-08-28 11:32:34,"cmd: SitFlush: Begin","Aurora-2",2026-08-23 11:32:34
2026-08-28 11:32:05,"cmd: SitFlush: Begin","Aurora-2",2026-08-23 11:32:05
2026-08-28 11:27:06,"cmd: SitFlush: Begin","Aurora-2",2026-08-23 11:27:06
2026-08-28 11:25:21,"cmd: SitFlush: Begin","Aurora-2",2026-08-23 11:25:21
2026-08-28 11:24:53,"cmd: SitFlush: Begin","Aurora-2",2026-08-23 11:24:53
2026-08-28 11:24:13,"cmd: SitFlush: Begin","Aurora-2",2026-08-23 11:24:13
2026-08-28 11:23:28,"cmd: SitFlush: Begin","Aurora-2",2026-08-23 11:23:28
2026-08-28 11:22:51,"cmd: SitFlush: Begin","Aurora-2",2026-08-23 11:22:51
2026-08-28 11:22:18,"cmd: SitFlush: Begin","Aurora-2",2026-08-23 11:22:18
2026-08-28 11:21:44,"cmd: SitFlush: Begin","Aurora-2",2026-08-23 11:21:44
2026-08-28 11:21:00,"cmd: SitFlush: Begin","Aurora-2",2026-08-23 11:21:00
2026-08-28 11:20:31,"cmd: SitFlush: Begin","Aurora-2",2026-08-23 11:20:31
2026-08-28 11:19:53,"cmd: SitFlush: Begin","Aurora-2",2026-08-23 11:19:53
2026-08-28 11:19:16,"cmd: SitFlush: Begin","Aurora-2",2026-08-23 11:19:16
2026-08-28 11:11:33,"cmd: SitFlush: Begin","Aurora-2",2026-08-23 11:11:33
2026-08-28 11:10:24,"cmd: SitFlush: Begin","Aurora-2",2026-08-23 11:10:24
2026-08-28 11:09:15,"cmd: SitFlush: Begin","Aurora-2",2026-08-23 11:09:15
2026-08-28 11:08:06,"cmd: SitFlush: Begin","Aurora-2",2026-08-23 11:08:06
2026-08-28 11:06:58,"cmd: SitFlush: Begin","Aurora-2",2026-08-23 11:06:58
2026-08-28 11:05:50,"cmd: SitFlush: Begin","Aurora-2",2026-08-23 11:05:50
2026-08-28 11:04:42,"cmd: SitFlush: Begin","Aurora-2",2026-08-23 11:04:42
2026-08-28 11:03:31,"cmd: SitFlush: Begin","Aurora-2",2026-08-23 11:03:31
2026-08-28 11:02:23,"cmd: SitFlush: Begin","Aurora-2",2026-08-23 11:02:23
2026-08-28 11:01:15,"cmd: SitFlush: Begin","Aurora-2",2026-08-23 11:01:15
2026-08-28 11:00:08,"cmd: SitFlush: Begin","Aurora-2",2026-08-23 11:00:08
2026-08-28 10:58:59,"cmd: SitFlush: Begin","Aurora-2",2026-08-23 10:58:59
2026-08-28 10:57:50,"cmd: SitFlush: Begin","Aurora-2",2026-08-23 10:57:50
2026-08-28 10:56:41,"cmd: SitFlush: Begin","Aurora-2",2026-08-23 10:56:41
2026-08-28 10:55:32,"cmd: SitFlush: Begin","Aurora-2",2026-08-23 10:55:32
2026-08-28 10:54:19,"cmd: SitFlush: Begin","Aurora-2",2026-08-23 10:54:19
2026-08-28 10:53:10,"cmd: SitFlush: Begin","Aurora-2",2026-08-23 10:53:10
2026-08-28 10:52:00,"cmd: SitFlush: Begin","Aurora-2",2026-08-23 10:52:00
2026-08-28 10:50:51,"cmd: SitFlush: Begin","Aurora-2",2026-08-23 10:50:51
2026-08-28 10:49:43,"cmd: SitFlush: Begin","Aurora-2",2026-08-23 10:49:43
2026-08-28 10:48:34,"cmd: SitFlush: Begin","Aurora-2",2026-08-23 10:48:34
2026-08-28 10:47:25,"cmd: SitFlush: Begin","Aurora-2",2026-08-23 10:47:25
2026-08-28 10:46:16,"cmd: SitFlush: Begin","Aurora-2",2026-08-23 10:46:16
2026-08-28 10:36:32,"cmd: SitFlush: Begin","Aurora-2",2026-08-23 10:36:32
2026-08-28 10:35:44,"cmd: SitFlush: Begin","Aurora-2",2026-08-23 10:35:44
2026-08-28 10:34:46,"cmd: SitFlush: Begin","Aurora-2",2026-08-23 10:34:46
2026-08-28 10:33:34,"cmd: SitFlush: Begin","Aurora-2",2026-08-23 10:33:34
2026-08-28 10:32:27,"cmd: SitFlush: Begin","Aurora-2",2026-08-23 10:32:27
2026-08-28 10:31:20,"cmd: SitFlush: Begin","Aurora-2",2026-08-23 10:31:20
2026-08-28 10:30:13,"cmd: SitFlush: Begin","Aurora-2",2026-08-23 10:30:13
2026-08-28 10:29:05,"cmd: SitFlush: Begin","Aurora-2",2026-08-23 10:29:05
2026-08-28 10:27:57,"cmd: SitFlush: Begin","Aurora-2",2026-08-23 10:27:57
2026-08-28 10:27:25,"cmd: SitFlush: Begin","Aurora-2",2026-08-23 10:27:25
2026-08-28 10:27:01,"cmd: SitFlush: Begin","Aurora-2",2026-08-23 10:27:01
2026-08-28 10:25:33,"cmd: SitFlush: Begin","Aurora-2",2026-08-23 10:25:33
2026-08-28 10:24:49,"cmd: SitFlush: Begin","Aurora-2",2026-08-23 10:24:49
2026-08-28 10:23:11,"cmd: SitFlush: Begin","Aurora-2",2026-08-23 10:23:11
2026-08-28 10:06:04,"cmd: SitFlush: Begin","Aurora-2",2026-08-23 10:06:04
2026-08-28 10:04:57,"cmd: SitFlush: Begin","Aurora-2",2026-08-23 10:04:57
2026-08-28 10:03:50,"cmd: SitFlush: Begin","Aurora-2",2026-08-23 10:03:50
2026-08-28 10:02:43,"cmd: SitFlush: Begin","Aurora-2",2026-08-23 10:02:43
2026-08-28 10:01:36,"cmd: SitFlush: Begin","Aurora-2",2026-08-23 10:01:36
2026-08-28 10:00:28,"cmd: SitFlush: Begin","Aurora-2",2026-08-23 10:00:28
2026-08-28 09:59:20,"cmd: SitFlush: Begin","Aurora-2",2026-08-23 09:59:20
2026-08-28 09:58:09,"cmd: SitFlush: Begin","Aurora-2",2026-08-23 09:58:09
2026-08-28 09:57:02,"cmd: SitFlush: Begin","Aurora-2",2026-08-23 09:57:02
2026-08-28 09:55:55,"cmd: SitFlush: Begin","Aurora-2",2026-08-23 09:55:55
2026-08-28 09:54:47,"cmd: SitFlush: Begin","Aurora-2",2026-08-23 09:54:47
2026-08-28 09:53:40,"cmd: SitFlush: Begin","Aurora-2",2026-08-23 09:53:40
2026-08-28 09:52:33,"cmd: SitFlush: Begin","Aurora-2",2026-08-23 09:52:33
2026-08-28 09:51:27,"cmd: SitFlush: Begin","Aurora-2",2026-08-23 09:51:27
2026-08-28 09:49:18,"cmd: SitFlush: Begin","Aurora-2",2026-08-23 09:49:18
2026-08-28 09:46:47,"cmd: SitFlush: Begin","Aurora-2",2026-08-23 09:46:47
2026-08-28 08:41:36,"cmd: SitFlush: Begin","Aurora-2",2026-08-23 08:41:36
2026-08-28 08:35:56,"cmd: SitFlush: Begin","Aurora-2",2026-08-23 08:35:56
2026-08-27 17:25:57,"cmd: SitFlush: Begin","Aurora-2",2026-08-23 17:25:57
2026-08-27 17:23:04,"cmd: SitFlush: Begin","Aurora-2",2026-08-23 17:23:04
2026-08-27 17:20:30,"cmd: SitFlush: Begin","Aurora-2",2026-08-23 17:20:30
2026-08-27 17:13:13,"cmd: SitFlush: Begin","Aurora-2",2026-08-23 17:13:13
2026-08-27 17:07:55,"cmd: SitFlush: Begin","Aurora-2",2026-08-23 17:07:55
2026-08-27 17:05:34,"cmd: SitFlush: Begin","Aurora-2",2026-08-23 17:05:34
2026-08-27 17:03:45,"cmd: SitFlush: Begin","Aurora-2",2026-08-23 17:03:45
2026-08-27 16:58:49,"cmd: SitFlush: Begin","Aurora-2",2026-08-23 16:58:49
2026-08-27 16:46:47,"cmd: SitFlush: Begin","Aurora-2",2026-08-23 16:46:47
2026-08-27 16:44:25,"cmd: SitFlush: Begin","Aurora-2",2026-08-23 16:44:25
2026-08-27 16:42:35,"cmd: SitFlush: Begin","Aurora-2",2026-08-23 16:42:35
2026-08-27 16:41:43,"cmd: SitFlush: Begin","Aurora-2",2026-08-23 16:41:43
2026-08-27 16:40:50,"cmd: SitFlush: Begin","Aurora-2",2026-08-23 16:40:50
2026-08-27 16:39:56,"cmd: SitFlush: Begin","Aurora-2",2026-08-23 16:39:56
2026-08-27 16:38:56,"cmd: SitFlush: Begin","Aurora-2",2026-08-23 16:38:56
2026-08-27 16:37:48,"cmd: SitFlush: Begin","Aurora-2",2026-08-23 16:37:48
2026-08-27 14:35:44,"cmd: SitFlush: Begin","Aurora-2",2026-08-23 14:35:44
2026-08-27 14:23:29,"cmd: SitFlush: Begin","Aurora-2",2026-08-23 14:23:29
2026-08-27 12:42:40,"cmd: SitFlush: Begin","Aurora-2",2026-08-23 12:42:40
2026-08-27 12:40:57,"cmd: SitFlush: Begin","Aurora-2",2026-08-23 12:40:57
2026-08-27 12:39:15,"cmd: SitFlush: Begin","Aurora-2",2026-08-23 12:39:15
2026-08-27 12:37:28,"cmd: SitFlush: Begin","Aurora-2",2026-08-23 12:37:28
2026-08-27 12:35:44,"cmd: SitFlush: Begin","Aurora-2",2026-08-23 12:35:44
2026-08-27 12:34:00,"cmd: SitFlush: Begin","Aurora-2",2026-08-23 12:34:00
2026-08-27 12:32:14,"cmd: SitFlush: Begin","Aurora-2",2026-08-23 12:32:14
2026-08-27 12:30:27,"cmd: SitFlush: Begin","Aurora-2",2026-08-23 12:30:27
2026-08-27 12:28:43,"cmd: SitFlush: Begin","Aurora-2",2026-08-23 12:28:43
2026-08-27 12:27:00,"cmd: SitFlush: Begin","Aurora-2",2026-08-23 12:27:00
2026-08-27 12:25:17,"cmd: SitFlush: Begin","Aurora-2",2026-08-23 12:25:17
2026-08-27 12:23:35,"cmd: SitFlush: Begin","Aurora-2",2026-08-23 12:23:35
2026-08-27 12:21:52,"cmd: SitFlush: Begin","Aurora-2",2026-08-23 12:21:52
2026-08-27 12:20:10,"cmd: SitFlush: Begin","Aurora-2",2026-08-23 12:20:10
2026-08-27 12:18:28,"cmd: SitFlush: Begin","Aurora-2",2026-08-23 12:18:28
2026-08-27 12:16:39,"cmd: SitFlush: Begin","Aurora-2",2026-08-23 12:16:39
2026-08-27 12:14:57,"cmd: SitFlush: Begin","Aurora-2",2026-08-23 12:14:57
2026-08-27 12:13:13,"cmd: SitFlush: Begin","Aurora-2",2026-08-23 12:13:13
2026-08-27 12:11:30,"cmd: SitFlush: Begin","Aurora-2",2026-08-23 12:11:30
2026-08-27 12:09:48,"cmd: SitFlush: Begin","Aurora-2",2026-08-23 12:09:48
2026-08-27 12:08:05,"cmd: SitFlush: Begin","Aurora-2",2026-08-23 12:08:05
2026-08-27 12:06:23,"cmd: SitFlush: Begin","Aurora-2",2026-08-23 12:06:23
2026-08-27 12:04:40,"cmd: SitFlush: Begin","Aurora-2",2026-08-23 12:04:40
2026-08-27 11:56:53,"cmd: SitFlush: Begin","Aurora-2",2026-08-23 11:56:53
2026-08-27 11:49:28,"cmd: SitFlush: Begin","Aurora-2",2026-08-23 11:49:28
2026-08-27 11:44:05,"cmd: SitFlush: Begin","Aurora-2",2026-08-23 11:44:05
2026-08-27 11:38:44,"cmd: SitFlush: Begin","Aurora-2",2026-08-23 11:38:44
2026-08-27 11:33:28,"cmd: SitFlush: Begin","Aurora-2",2026-08-23 11:33:28
2026-08-27 11:28:09,"cmd: SitFlush: Begin","Aurora-2",2026-08-23 11:28:09
2026-08-27 11:22:53,"cmd: SitFlush: Begin","Aurora-2",2026-08-23 11:22:53
2026-08-27 11:17:35,"cmd: SitFlush: Begin","Aurora-2",2026-08-23 11:17:35
2026-08-27 11:12:16,"cmd: SitFlush: Begin","Aurora-2",2026-08-23 11:12:16
2026-08-27 11:06:59,"cmd: SitFlush: Begin","Aurora-2",2026-08-23 11:06:59
2026-08-27 11:01:37,"cmd: SitFlush: Begin","Aurora-2",2026-08-23 11:01:37
2026-08-27 10:56:17,"cmd: SitFlush: Begin","Aurora-2",2026-08-23 10:56:17
2026-08-27 10:50:58,"cmd: SitFlush: Begin","Aurora-2",2026-08-23 10:50:58
2026-08-27 10:45:41,"cmd: SitFlush: Begin","Aurora-2",2026-08-23 10:45:41
2026-08-27 10:40:25,"cmd: SitFlush: Begin","Aurora-2",2026-08-23 10:40:25
2026-08-27 10:35:09,"cmd: SitFlush: Begin","Aurora-2",2026-08-23 10:35:09
2026-08-27 10:29:52,"cmd: SitFlush: Begin","Aurora-2",2026-08-23 10:29:52
2026-08-27 10:24:32,"cmd: SitFlush: Begin","Aurora-2",2026-08-23 10:24:32
2026-08-27 10:18:55,"cmd: SitFlush: Begin","Aurora-2",2026-08-23 10:18:55
2026-08-27 10:17:31,"cmd: SitFlush: Begin","Aurora-2",2026-08-23 10:17:31
2026-08-27 10:16:20,"cmd: SitFlush: Begin","Aurora-2",2026-08-23 10:16:20
2026-08-27 10:11:07,"cmd: SitFlush: Begin","Aurora-2",2026-08-23 10:11:07
2026-08-27 10:05:51,"cmd: SitFlush: Begin","Aurora-2",2026-08-23 10:05:51
2026-08-27 10:00:32,"cmd: SitFlush: Begin","Aurora-2",2026-08-23 10:00:32
2026-08-27 09:55:11,"cmd: SitFlush: Begin","Aurora-2",2026-08-23 09:55:11
2026-08-27 09:49:49,"cmd: SitFlush: Begin","Aurora-2",2026-08-23 09:49:49
2026-08-27 09:44:28,"cmd: SitFlush: Begin","Aurora-2",2026-08-23 09:44:28
2026-08-27 09:35:04,"cmd: SitFlush: Begin","Aurora-2",2026-08-23 09:35:04
2026-08-27 09:28:50,"cmd: SitFlush: Begin","Aurora-2",2026-08-23 09:28:50
2026-08-27 09:22:11,"cmd: SitFlush: Begin","Aurora-2",2026-08-23 09:22:11
2026-08-27 09:14:24,"cmd: SitFlush: Begin","Aurora-2",2026-08-23 09:14:24
2026-08-27 08:42:15,"cmd: SitFlush: Begin","Aurora-2",2026-08-23 08:42:15
2026-08-26 19:02:03,"cmd: SitFlush: Begin","Aurora-2",2026-08-23 19:02:03
2026-08-26 19:01:53,"cmd: SitFlush: Begin","Aurora-2",2026-08-23 19:01:53
2026-08-26 18:52:13,"cmd: SitFlush: Begin","Aurora-2",2026-08-23 18:52:13
2026-08-26 18:51:34,"cmd: SitFlush: Begin","Aurora-2",2026-08-23 18:51:34
2026-08-26 18:51:24,"cmd: SitFlush: Begin","Aurora-2",2026-08-23 18:51:24
2026-08-26 18:38:46,"cmd: SitFlush: Begin","Aurora-2",2026-08-23 18:38:46
2026-08-26 18:38:36,"cmd: SitFlush: Begin","Aurora-2",2026-08-23 18:38:36
2026-08-26 18:31:16,"cmd: SitFlush: Begin","Aurora-2",2026-08-23 18:31:16
2026-08-26 18:30:50,"cmd: SitFlush: Begin","Aurora-2",2026-08-23 18:30:50
2026-08-26 18:01:13,"cmd: SitFlush: Begin","Aurora-2",2026-08-23 18:01:13
2026-08-26 17:59:58,"cmd: SitFlush: Begin","Aurora-2",2026-08-23 17:59:58
2026-08-26 17:49:57,"cmd: SitFlush: Begin","Aurora-2",2026-08-23 17:49:57
2026-08-26 17:49:16,"cmd: SitFlush: Begin","Aurora-2",2026-08-23 17:49:16
2026-08-26 17:48:36,"cmd: SitFlush: Begin","Aurora-2",2026-08-23 17:48:36
2026-08-26 17:47:48,"cmd: SitFlush: Begin","Aurora-2",2026-08-23 17:47:48
2026-08-26 17:47:05,"cmd: SitFlush: Begin","Aurora-2",2026-08-23 17:47:05
2026-08-26 17:46:24,"cmd: SitFlush: Begin","Aurora-2",2026-08-23 17:46:24
2026-08-26 17:45:27,"cmd: SitFlush: Begin","Aurora-2",2026-08-23 17:45:27
2026-08-26 17:44:44,"cmd: SitFlush: Begin","Aurora-2",2026-08-23 17:44:44
2026-08-26 17:44:00,"cmd: SitFlush: Begin","Aurora-2",2026-08-23 17:44:00
2026-08-26 17:43:17,"cmd: SitFlush: Begin","Aurora-2",2026-08-23 17:43:17
2026-08-26 17:42:33,"cmd: SitFlush: Begin","Aurora-2",2026-08-23 17:42:33
2026-08-26 17:41:51,"cmd: SitFlush: Begin","Aurora-2",2026-08-23 17:41:51
2026-08-26 17:41:03,"cmd: SitFlush: Begin","Aurora-2",2026-08-23 17:41:03
2026-08-26 17:40:18,"cmd: SitFlush: Begin","Aurora-2",2026-08-23 17:40:18
2026-08-26 17:39:39,"cmd: SitFlush: Begin","Aurora-2",2026-08-23 17:39:39
2026-08-26 17:38:57,"cmd: SitFlush: Begin","Aurora-2",2026-08-23 17:38:57
2026-08-26 17:38:11,"cmd: SitFlush: Begin","Aurora-2",2026-08-23 17:38:11
2026-08-26 17:37:32,"cmd: SitFlush: Begin","Aurora-2",2026-08-23 17:37:32
2026-08-26 17:36:51,"cmd: SitFlush: Begin","Aurora-2",2026-08-23 17:36:51
2026-08-26 17:35:51,"cmd: SitFlush: Begin","Aurora-2",2026-08-23 17:35:51
2026-08-26 17:35:03,"cmd: SitFlush: Begin","Aurora-2",2026-08-23 17:35:03
2026-08-26 17:32:10,"cmd: SitFlush: Begin","Aurora-2",2026-08-23 17:32:10
2026-08-26 16:18:40,"cmd: SitFlush: Begin","Aurora-2",2026-08-23 16:18:40
2026-08-26 16:16:18,"cmd: SitFlush: Begin","Aurora-2",2026-08-23 16:16:18
2026-08-26 16:13:49,"cmd: SitFlush: Begin","Aurora-2",2026-08-23 16:13:49
2026-08-26 16:11:28,"cmd: SitFlush: Begin","Aurora-2",2026-08-23 16:11:28
2026-08-26 16:09:07,"cmd: SitFlush: Begin","Aurora-2",2026-08-23 16:09:07
2026-08-26 16:06:45,"cmd: SitFlush: Begin","Aurora-2",2026-08-23 16:06:45
2026-08-26 16:04:23,"cmd: SitFlush: Begin","Aurora-2",2026-08-23 16:04:23
2026-08-26 16:02:01,"cmd: SitFlush: Begin","Aurora-2",2026-08-23 16:02:01
2026-08-26 15:59:40,"cmd: SitFlush: Begin","Aurora-2",2026-08-23 15:59:40
2026-08-26 15:57:17,"cmd: SitFlush: Begin","Aurora-2",2026-08-23 15:57:17
2026-08-26 15:54:50,"cmd: SitFlush: Begin","Aurora-2",2026-08-23 15:54:50
2026-08-26 15:52:29,"cmd: SitFlush: Begin","Aurora-2",2026-08-23 15:52:29
2026-08-26 15:50:08,"cmd: SitFlush: Begin","Aurora-2",2026-08-23 15:50:08
2026-08-26 15:47:46,"cmd: SitFlush: Begin","Aurora-2",2026-08-23 15:47:46
2026-08-26 15:45:25,"cmd: SitFlush: Begin","Aurora-2",2026-08-23 15:45:25
2026-08-26 15:43:03,"cmd: SitFlush: Begin","Aurora-2",2026-08-23 15:43:03
2026-08-26 15:40:42,"cmd: SitFlush: Begin","Aurora-2",2026-08-23 15:40:42
2026-08-26 15:38:44,"cmd: SitFlush: Begin","Aurora-2",2026-08-23 15:38:44
2026-08-26 15:36:16,"cmd: SitFlush: Begin","Aurora-2",2026-08-23 15:36:16
2026-08-26 15:33:55,"cmd: SitFlush: Begin","Aurora-2",2026-08-23 15:33:55
2026-08-26 15:31:33,"cmd: SitFlush: Begin","Aurora-2",2026-08-23 15:31:33
2026-08-26 15:29:11,"cmd: SitFlush: Begin","Aurora-2",2026-08-23 15:29:11
2026-08-26 15:26:50,"cmd: SitFlush: Begin","Aurora-2",2026-08-23 15:26:50
2026-08-26 15:25:29,"cmd: SitFlush: Begin","Aurora-2",2026-08-23 15:25:29
2026-08-26 15:23:07,"cmd: SitFlush: Begin","Aurora-2",2026-08-23 15:23:07
2026-08-26 15:20:53,"cmd: SitFlush: Begin","Aurora-2",2026-08-23 15:20:53
2026-08-26 15:14:35,"cmd: SitFlush: Begin","Aurora-2",2026-08-23 15:14:35
2026-08-26 15:09:09,"cmd: SitFlush: Begin","Aurora-2",2026-08-23 15:09:09
2026-08-26 15:03:38,"cmd: SitFlush: Begin","Aurora-2",2026-08-23 15:03:38
2026-08-26 14:58:12,"cmd: SitFlush: Begin","Aurora-2",2026-08-23 14:58:12
2026-08-26 14:52:43,"cmd: SitFlush: Begin","Aurora-2",2026-08-23 14:52:43
2026-08-26 14:47:16,"cmd: SitFlush: Begin","Aurora-2",2026-08-23 14:47:16
2026-08-26 14:41:14,"cmd: SitFlush: Begin","Aurora-2",2026-08-23 14:41:14
2026-08-26 14:35:36,"cmd: SitFlush: Begin","Aurora-2",2026-08-23 14:35:36
2026-08-26 14:29:29,"cmd: SitFlush: Begin","Aurora-2",2026-08-23 14:29:29
2026-08-26 14:26:35,"cmd: SitFlush: Begin","Aurora-2",2026-08-23 14:26:35
2026-08-26 14:25:39,"cmd: SitFlush: Begin","Aurora-2",2026-08-23 14:25:39
2026-08-26 14:24:43,"cmd: SitFlush: Begin","Aurora-2",2026-08-23 14:24:43
2026-08-26 14:23:59,"cmd: SitFlush: Begin","Aurora-2",2026-08-23 14:23:59
2026-08-26 14:17:28,"cmd: SitFlush: Begin","Aurora-2",2026-08-23 14:17:28
2026-08-26 14:16:49,"cmd: SitFlush: Begin","Aurora-2",2026-08-23 14:16:49
2026-08-26 14:11:19,"cmd: SitFlush: Begin","Aurora-2",2026-08-23 14:11:19
2026-08-26 14:05:48,"cmd: SitFlush: Begin","Aurora-2",2026-08-23 14:05:48
2026-08-26 14:00:15,"cmd: SitFlush: Begin","Aurora-2",2026-08-23 14:00:15
2026-08-26 13:54:40,"cmd: SitFlush: Begin","Aurora-2",2026-08-23 13:54:40
2026-08-26 13:49:13,"cmd: SitFlush: Begin","Aurora-2",2026-08-23 13:49:13
2026-08-26 13:43:43,"cmd: SitFlush: Begin","Aurora-2",2026-08-23 13:43:43
2026-08-26 13:37:52,"cmd: SitFlush: Begin","Aurora-2",2026-08-23 13:37:52
2026-08-26 13:31:55,"cmd: SitFlush: Begin","Aurora-2",2026-08-23 13:31:55
2026-08-26 13:28:25,"cmd: SitFlush: Begin","Aurora-2",2026-08-23 13:28:25
2026-08-26 13:24:56,"cmd: SitFlush: Begin","Aurora-2",2026-08-23 13:24:56
2026-08-26 13:20:35,"cmd: SitFlush: Begin","Aurora-2",2026-08-23 13:20:35
2026-08-26 13:19:25,"cmd: SitFlush: Begin","Aurora-2",2026-08-23 13:19:25
2026-08-26 13:14:04,"cmd: SitFlush: Begin","Aurora-2",2026-08-23 13:14:04
2026-08-26 13:08:51,"cmd: SitFlush: Begin","Aurora-2",2026-08-23 13:08:51
2026-08-26 13:03:25,"cmd: SitFlush: Begin","Aurora-2",2026-08-23 13:03:25
2026-08-26 12:56:20,"cmd: SitFlush: Begin","Aurora-2",2026-08-23 12:56:20
2026-08-26 12:51:05,"cmd: SitFlush: Begin","Aurora-2",2026-08-23 12:51:05
2026-08-26 12:46:14,"cmd: SitFlush: Begin","Aurora-2",2026-08-23 12:46:14
2026-08-26 12:42:19,"cmd: SitFlush: Begin","Aurora-2",2026-08-23 12:42:19
2026-08-26 12:34:17,"cmd: SitFlush: Begin","Aurora-2",2026-08-23 12:34:17
2026-08-26 12:29:59,"cmd: SitFlush: Begin","Aurora-2",2026-08-23 12:29:59
2026-08-26 12:25:41,"cmd: SitFlush: Begin","Aurora-2",2026-08-23 12:25:41
2026-08-26 12:20:29,"cmd: SitFlush: Begin","Aurora-2",2026-08-23 12:20:29
2026-08-26 12:04:29,"cmd: SitFlush: Begin","Aurora-2",2026-08-23 12:04:29
2026-08-26 12:03:44,"cmd: SitFlush: Begin","Aurora-2",2026-08-23 12:03:44
2026-08-26 12:02:38,"cmd: SitFlush: Begin","Aurora-2",2026-08-23 12:02:38
2026-08-26 12:01:55,"cmd: SitFlush: Begin","Aurora-2",2026-08-23 12:01:55
2026-08-26 12:00:41,"cmd: SitFlush: Begin","Aurora-2",2026-08-23 12:00:41
2026-08-26 11:59:52,"cmd: SitFlush: Begin","Aurora-2",2026-08-23 11:59:52
2026-08-26 11:58:39,"cmd: SitFlush: Begin","Aurora-2",2026-08-23 11:58:39
2026-08-26 11:57:45,"cmd: SitFlush: Begin","Aurora-2",2026-08-23 11:57:45
2026-08-26 11:56:44,"cmd: SitFlush: Begin","Aurora-2",2026-08-23 11:56:44
2026-08-26 11:55:43,"cmd: SitFlush: Begin","Aurora-2",2026-08-23 11:55:43
2026-08-26 11:54:58,"cmd: SitFlush: Begin","Aurora-2",2026-08-23 11:54:58
2026-08-26 11:54:18,"cmd: SitFlush: Begin","Aurora-2",2026-08-23 11:54:18
2026-08-26 11:53:40,"cmd: SitFlush: Begin","Aurora-2",2026-08-23 11:53:40
2026-08-26 11:52:21,"cmd: SitFlush: Begin","Aurora-2",2026-08-23 11:52:21
2026-08-26 11:49:04,"cmd: SitFlush: Begin","Aurora-2",2026-08-23 11:49:04
2026-08-26 11:42:39,"cmd: SitFlush: Begin","Aurora-2",2026-08-23 11:42:39
2026-08-26 11:40:49,"cmd: SitFlush: Begin","Aurora-2",2026-08-23 11:40:49
2026-08-26 11:40:11,"cmd: SitFlush: Begin","Aurora-2",2026-08-23 11:40:11
2026-08-26 11:37:26,"cmd: SitFlush: Begin","Aurora-2",2026-08-23 11:37:26
2026-08-26 11:32:47,"cmd: SitFlush: Begin","Aurora-2",2026-08-23 11:32:47
2026-08-26 11:29:31,"cmd: SitFlush: Begin","Aurora-2",2026-08-23 11:29:31
2026-08-26 11:26:47,"cmd: SitFlush: Begin","Aurora-2",2026-08-23 11:26:47
2026-08-26 11:26:19,"cmd: SitFlush: Begin","Aurora-2",2026-08-23 11:26:19
2026-08-26 11:25:30,"cmd: SitFlush: Begin","Aurora-2",2026-08-23 11:25:30
2026-08-26 11:23:52,"cmd: SitFlush: Begin","Aurora-2",2026-08-23 11:23:52
2026-08-26 11:22:32,"cmd: SitFlush: Begin","Aurora-2",2026-08-23 11:22:32
2026-08-26 11:21:10,"cmd: SitFlush: Begin","Aurora-2",2026-08-23 11:21:10
2026-08-26 11:19:56,"cmd: SitFlush: Begin","Aurora-2",2026-08-23 11:19:56
2026-08-26 11:08:28,"cmd: SitFlush: Begin","Aurora-2",2026-08-23 11:08:28
2026-08-26 11:06:40,"cmd: SitFlush: Begin","Aurora-2",2026-08-23 11:06:40
2026-08-26 11:00:59,"cmd: SitFlush: Begin","Aurora-2",2026-08-23 11:00:59
2026-08-26 10:35:12,"cmd: SitFlush: Begin","Aurora-2",2026-08-23 10:35:12
2026-08-26 10:34:08,"cmd: SitFlush: Begin","Aurora-2",2026-08-23 10:34:08
2026-08-26 10:33:25,"cmd: SitFlush: Begin","Aurora-2",2026-08-23 10:33:25
2026-08-26 10:31:47,"cmd: SitFlush: Begin","Aurora-2",2026-08-23 10:31:47
2026-08-26 10:31:03,"cmd: SitFlush: Begin","Aurora-2",2026-08-23 10:31:03
2026-08-26 10:15:53,"cmd: SitFlush: Begin","Aurora-2",2026-08-23 10:15:53
2026-08-26 10:14:22,"cmd: SitFlush: Begin","Aurora-2",2026-08-23 10:14:22
2026-08-26 10:12:11,"cmd: SitFlush: Begin","Aurora-2",2026-08-23 10:12:11
2026-08-26 10:10:38,"cmd: SitFlush: Begin","Aurora-2",2026-08-23 10:10:38
2026-08-26 10:07:47,"cmd: SitFlush: Begin","Aurora-2",2026-08-23 10:07:47
2026-08-26 10:05:22,"cmd: SitFlush: Begin","Aurora-2",2026-08-23 10:05:22
2026-08-26 10:02:46,"cmd: SitFlush: Begin","Aurora-2",2026-08-23 10:02:46
2026-08-26 10:00:29,"cmd: SitFlush: Begin","Aurora-2",2026-08-23 10:00:29
2026-08-26 09:52:23,"cmd: SitFlush: Begin","Aurora-2",2026-08-23 09:52:23
2026-08-26 09:51:30,"cmd: SitFlush: Begin","Aurora-2",2026-08-23 09:51:30
2026-08-26 09:49:53,"cmd: SitFlush: Begin","Aurora-2",2026-08-23 09:49:53
2026-08-26 09:49:03,"cmd: SitFlush: Begin","Aurora-2",2026-08-23 09:49:03
2026-08-26 09:48:25,"cmd: SitFlush: Begin","Aurora-2",2026-08-23 09:48:25
2026-08-26 09:47:52,"cmd: SitFlush: Begin","Aurora-2",2026-08-23 09:47:52
2026-08-26 09:46:57,"cmd: SitFlush: Begin","Aurora-2",2026-08-23 09:46:57
2026-08-26 09:46:04,"cmd: SitFlush: Begin","Aurora-2",2026-08-23 09:46:04
2026-08-26 08:36:42,"cmd: SitFlush: Begin","Aurora-2",2026-08-23 08:36:42
2026-08-26 08:30:37,"cmd: SitFlush: Begin","Aurora-2",2026-08-23 08:30:37
2026-08-24 15:18:32,"cmd: SitFlush: Begin","Aurora-2",2026-08-23 15:18:32
2026-08-24 15:16:52,"cmd: SitFlush: Begin","Aurora-2",2026-08-23 15:16:52
2026-08-24 15:14:39,"cmd: SitFlush: Begin","Aurora-2",2026-08-23 15:14:39
2026-08-24 15:12:06,"cmd: SitFlush: Begin","Aurora-2",2026-08-23 15:12:06
2026-08-24 15:10:13,"cmd: SitFlush: Begin","Aurora-2",2026-08-23 15:10:13
2026-08-24 15:08:46,"cmd: SitFlush: Begin","Aurora-2",2026-08-23 15:08:46
2026-08-24 15:07:19,"cmd: SitFlush: Begin","Aurora-2",2026-08-23 15:07:19
2026-08-24 14:59:00,"cmd: SitFlush: Begin","Aurora-2",2026-08-23 14:59:00
2026-08-24 14:57:27,"cmd: SitFlush: Begin","Aurora-2",2026-08-23 14:57:27
2026-08-24 14:55:50,"cmd: SitFlush: Begin","Aurora-2",2026-08-23 14:55:50
2026-08-24 14:51:37,"cmd: SitFlush: Begin","Aurora-2",2026-08-23 14:51:37
2026-08-24 13:58:12,"cmd: SitFlush: Begin","Aurora-2",2026-08-23 13:58:12
2026-08-24 13:53:49,"cmd: SitFlush: Begin","Aurora-2",2026-08-23 13:53:49
2026-08-24 13:48:10,"cmd: SitFlush: Begin","Aurora-2",2026-08-23 13:48:10
2026-08-24 13:42:08,"cmd: SitFlush: Begin","Aurora-2",2026-08-23 13:42:08
2026-08-24 13:38:13,"cmd: SitFlush: Begin","Aurora-2",2026-08-23 13:38:13
2026-08-24 13:33:57,"cmd: SitFlush: Begin","Aurora-2",2026-08-23 13:33:57
2026-08-24 13:29:32,"cmd: SitFlush: Begin","Aurora-2",2026-08-23 13:29:32
2026-08-24 13:26:31,"cmd: SitFlush: Begin","Aurora-2",2026-08-23 13:26:31
2026-08-24 13:23:08,"cmd: SitFlush: Begin","Aurora-2",2026-08-23 13:23:08
2026-08-24 13:19:19,"cmd: SitFlush: Begin","Aurora-2",2026-08-23 13:19:19
2026-08-24 13:12:43,"cmd: SitFlush: Begin","Aurora-2",2026-08-23 13:12:43
2026-08-24 13:09:50,"cmd: SitFlush: Begin","Aurora-2",2026-08-23 13:09:50
2026-08-24 13:06:31,"cmd: SitFlush: Begin","Aurora-2",2026-08-23 13:06:31
2026-08-24 13:02:33,"cmd: SitFlush: Begin","Aurora-2",2026-08-23 13:02:33
2026-08-24 13:00:25,"cmd: SitFlush: Begin","Aurora-2",2026-08-23 13:00:25
2026-08-24 12:35:31,"cmd: SitFlush: Begin","Aurora-2",2026-08-23 12:35:31
2026-08-24 12:34:50,"cmd: SitFlush: Begin","Aurora-2",2026-08-23 12:34:50
2026-08-24 12:34:19,"cmd: SitFlush: Begin","Aurora-2",2026-08-23 12:34:19
2026-08-24 12:33:42,"cmd: SitFlush: Begin","Aurora-2",2026-08-23 12:33:42
2026-08-24 12:33:09,"cmd: SitFlush: Begin","Aurora-2",2026-08-23 12:33:09
2026-08-24 12:32:32,"cmd: SitFlush: Begin","Aurora-2",2026-08-23 12:32:32
2026-08-24 12:31:58,"cmd: SitFlush: Begin","Aurora-2",2026-08-23 12:31:58
2026-08-24 12:31:19,"cmd: SitFlush: Begin","Aurora-2",2026-08-23 12:31:19
2026-08-24 12:30:46,"cmd: SitFlush: Begin","Aurora-2",2026-08-23 12:30:46
2026-08-24 12:30:11,"cmd: SitFlush: Begin","Aurora-2",2026-08-23 12:30:11
2026-08-24 12:29:36,"cmd: SitFlush: Begin","Aurora-2",2026-08-23 12:29:36
2026-08-24 12:28:56,"cmd: SitFlush: Begin","Aurora-2",2026-08-23 12:28:56
2026-08-24 12:28:19,"cmd: SitFlush: Begin","Aurora-2",2026-08-23 12:28:19
2026-08-24 12:27:41,"cmd: SitFlush: Begin","Aurora-2",2026-08-23 12:27:41
2026-08-24 12:27:07,"cmd: SitFlush: Begin","Aurora-2",2026-08-23 12:27:07
2026-08-24 12:26:30,"cmd: SitFlush: Begin","Aurora-2",2026-08-23 12:26:30
2026-08-24 12:25:59,"cmd: SitFlush: Begin","Aurora-2",2026-08-23 12:25:59
2026-08-24 12:25:23,"cmd: SitFlush: Begin","Aurora-2",2026-08-23 12:25:23
2026-08-24 12:24:51,"cmd: SitFlush: Begin","Aurora-2",2026-08-23 12:24:51
2026-08-24 12:24:14,"cmd: SitFlush: Begin","Aurora-2",2026-08-23 12:24:14
2026-08-24 12:23:41,"cmd: SitFlush: Begin","Aurora-2",2026-08-23 12:23:41
2026-08-24 12:23:02,"cmd: SitFlush: Begin","Aurora-2",2026-08-23 12:23:02
2026-08-24 12:22:26,"cmd: SitFlush: Begin","Aurora-2",2026-08-23 12:22:26
2026-08-24 12:21:44,"cmd: SitFlush: Begin","Aurora-2",2026-08-23 12:21:44
2026-08-24 12:21:08,"cmd: SitFlush: Begin","Aurora-2",2026-08-23 12:21:08
2026-08-24 12:20:30,"cmd: SitFlush: Begin","Aurora-2",2026-08-23 12:20:30
2026-08-24 12:19:54,"cmd: SitFlush: Begin","Aurora-2",2026-08-23 12:19:54
2026-08-24 12:19:13,"cmd: SitFlush: Begin","Aurora-2",2026-08-23 12:19:13
2026-08-24 12:18:39,"cmd: SitFlush: Begin","Aurora-2",2026-08-23 12:18:39
2026-08-24 12:17:48,"cmd: SitFlush: Begin","Aurora-2",2026-08-23 12:17:48
2026-08-24 12:16:02,"cmd: SitFlush: Begin","Aurora-2",2026-08-23 12:16:02
2026-08-24 12:14:33,"cmd: SitFlush: Begin","Aurora-2",2026-08-23 12:14:33
2026-08-24 12:13:54,"cmd: SitFlush: Begin","Aurora-2",2026-08-23 12:13:54
2026-08-24 12:11:57,"cmd: SitFlush: Begin","Aurora-2",2026-08-23 12:11:57
2026-08-24 08:46:58,"cmd: SitFlush: Begin","Aurora-2",2026-08-23 08:46:58
2026-08-21 20:39:51,"cmd: SitFlush: Begin","Aurora-2",2026-08-16 20:39:51
2026-08-21 20:37:49,"cmd: SitFlush: Begin","Aurora-2",2026-08-16 20:37:49
2026-08-21 20:35:44,"cmd: SitFlush: Begin","Aurora-2",2026-08-16 20:35:44
2026-08-21 20:33:40,"cmd: SitFlush: Begin","Aurora-2",2026-08-16 20:33:40
2026-08-21 20:31:36,"cmd: SitFlush: Begin","Aurora-2",2026-08-16 20:31:36
2026-08-21 20:29:34,"cmd: SitFlush: Begin","Aurora-2",2026-08-16 20:29:34
2026-08-21 20:27:26,"cmd: SitFlush: Begin","Aurora-2",2026-08-16 20:27:26
2026-08-21 20:25:24,"cmd: SitFlush: Begin","Aurora-2",2026-08-16 20:25:24
2026-08-21 20:23:21,"cmd: SitFlush: Begin","Aurora-2",2026-08-16 20:23:21
2026-08-21 20:21:17,"cmd: SitFlush: Begin","Aurora-2",2026-08-16 20:21:17
2026-08-21 20:19:14,"cmd: SitFlush: Begin","Aurora-2",2026-08-16 20:19:14
2026-08-21 20:17:12,"cmd: SitFlush: Begin","Aurora-2",2026-08-16 20:17:12
2026-08-21 20:15:09,"cmd: SitFlush: Begin","Aurora-2",2026-08-16 20:15:09
2026-08-21 20:13:06,"cmd: SitFlush: Begin","Aurora-2",2026-08-16 20:13:06
2026-08-21 20:11:00,"cmd: SitFlush: Begin","Aurora-2",2026-08-16 20:11:00
2026-08-21 20:08:57,"cmd: SitFlush: Begin","Aurora-2",2026-08-16 20:08:57
2026-08-21 20:06:54,"cmd: SitFlush: Begin","Aurora-2",2026-08-16 20:06:54
2026-08-21 20:04:52,"cmd: SitFlush: Begin","Aurora-2",2026-08-16 20:04:52
2026-08-21 20:02:49,"cmd: SitFlush: Begin","Aurora-2",2026-08-16 20:02:49
2026-08-21 20:00:45,"cmd: SitFlush: Begin","Aurora-2",2026-08-16 20:00:45
2026-08-21 19:58:42,"cmd: SitFlush: Begin","Aurora-2",2026-08-16 19:58:42
2026-08-21 19:56:40,"cmd: SitFlush: Begin","Aurora-2",2026-08-16 19:56:40
2026-08-21 19:54:34,"cmd: SitFlush: Begin","Aurora-2",2026-08-16 19:54:34
2026-08-21 19:52:31,"cmd: SitFlush: Begin","Aurora-2",2026-08-16 19:52:31
2026-08-21 19:50:29,"cmd: SitFlush: Begin","Aurora-2",2026-08-16 19:50:29
2026-08-21 19:48:25,"cmd: SitFlush: Begin","Aurora-2",2026-08-16 19:48:25
2026-08-21 19:46:23,"cmd: SitFlush: Begin","Aurora-2",2026-08-16 19:46:23
2026-08-21 19:44:24,"cmd: SitFlush: Begin","Aurora-2",2026-08-16 19:44:24
2026-08-21 19:42:18,"cmd: SitFlush: Begin","Aurora-2",2026-08-16 19:42:18
2026-08-21 19:39:49,"cmd: SitFlush: Begin","Aurora-2",2026-08-16 19:39:49
2026-08-21 19:36:00,"cmd: SitFlush: Begin","Aurora-2",2026-08-16 19:36:00
2026-08-21 19:31:57,"cmd: SitFlush: Begin","Aurora-2",2026-08-16 19:31:57
2026-08-21 19:29:27,"cmd: SitFlush: Begin","Aurora-2",2026-08-16 19:29:27
2026-08-21 19:26:04,"cmd: SitFlush: Begin","Aurora-2",2026-08-16 19:26:04
2026-08-21 19:22:46,"cmd: SitFlush: Begin","Aurora-2",2026-08-16 19:22:46
2026-08-21 19:17:09,"cmd: SitFlush: Begin","Aurora-2",2026-08-16 19:17:09
2026-08-21 19:12:59,"cmd: SitFlush: Begin","Aurora-2",2026-08-16 19:12:59
2026-08-21 19:09:22,"cmd: SitFlush: Begin","Aurora-2",2026-08-16 19:09:22
2026-08-21 19:05:08,"cmd: SitFlush: Begin","Aurora-2",2026-08-16 19:05:08
2026-08-21 18:46:33,"cmd: SitFlush: Begin","Aurora-2",2026-08-16 18:46:33
2026-08-21 18:45:27,"cmd: SitFlush: Begin","Aurora-2",2026-08-16 18:45:27
2026-08-21 18:44:29,"cmd: SitFlush: Begin","Aurora-2",2026-08-16 18:44:29
2026-08-21 18:34:39,"cmd: SitFlush: Begin","Aurora-2",2026-08-16 18:34:39
2026-08-21 18:33:16,"cmd: SitFlush: Begin","Aurora-2",2026-08-16 18:33:16
2026-08-21 18:32:02,"cmd: SitFlush: Begin","Aurora-2",2026-08-16 18:32:02
2026-08-21 18:30:53,"cmd: SitFlush: Begin","Aurora-2",2026-08-16 18:30:53
2026-08-21 18:24:35,"cmd: SitFlush: Begin","Aurora-2",2026-08-16 18:24:35
2026-08-21 18:18:46,"cmd: SitFlush: Begin","Aurora-2",2026-08-16 18:18:46
2026-08-21 18:16:04,"cmd: SitFlush: Begin","Aurora-2",2026-08-16 18:16:04
2026-08-21 18:13:56,"cmd: SitFlush: Begin","Aurora-2",2026-08-16 18:13:56
2026-08-21 18:07:00,"cmd: SitFlush: Begin","Aurora-2",2026-08-16 18:07:00
2026-08-21 18:06:26,"cmd: SitFlush: Begin","Aurora-2",2026-08-16 18:06:26
2026-08-21 18:05:51,"cmd: SitFlush: Begin","Aurora-2",2026-08-16 18:05:51
2026-08-21 18:05:08,"cmd: SitFlush: Begin","Aurora-2",2026-08-16 18:05:08
2026-08-21 18:04:21,"cmd: SitFlush: Begin","Aurora-2",2026-08-16 18:04:21
2026-08-21 18:03:38,"cmd: SitFlush: Begin","Aurora-2",2026-08-16 18:03:38
2026-08-21 18:03:02,"cmd: SitFlush: Begin","Aurora-2",2026-08-16 18:03:02
2026-08-21 18:02:21,"cmd: SitFlush: Begin","Aurora-2",2026-08-16 18:02:21
2026-08-21 18:01:43,"cmd: SitFlush: Begin","Aurora-2",2026-08-16 18:01:43
2026-08-21 18:01:07,"cmd: SitFlush: Begin","Aurora-2",2026-08-16 18:01:07
2026-08-21 18:00:27,"cmd: SitFlush: Begin","Aurora-2",2026-08-16 18:00:27
2026-08-21 17:59:42,"cmd: SitFlush: Begin","Aurora-2",2026-08-16 17:59:42
2026-08-21 17:59:01,"cmd: SitFlush: Begin","Aurora-2",2026-08-16 17:59:01
2026-08-21 17:58:20,"cmd: SitFlush: Begin","Aurora-2",2026-08-16 17:58:20
2026-08-21 17:57:38,"cmd: SitFlush: Begin","Aurora-2",2026-08-16 17:57:38
2026-08-21 17:56:59,"cmd: SitFlush: Begin","Aurora-2",2026-08-16 17:56:59
2026-08-21 17:56:18,"cmd: SitFlush: Begin","Aurora-2",2026-08-16 17:56:18
2026-08-21 17:55:44,"cmd: SitFlush: Begin","Aurora-2",2026-08-16 17:55:44
2026-08-21 17:55:08,"cmd: SitFlush: Begin","Aurora-2",2026-08-16 17:55:08
2026-08-21 17:54:32,"cmd: SitFlush: Begin","Aurora-2",2026-08-16 17:54:32
2026-08-21 17:53:54,"cmd: SitFlush: Begin","Aurora-2",2026-08-16 17:53:54
2026-08-21 17:53:12,"cmd: SitFlush: Begin","Aurora-2",2026-08-16 17:53:12
2026-08-21 17:02:03,"cmd: SitFlush: Begin","Aurora-2",2026-08-16 17:02:03
2026-08-21 16:56:48,"cmd: SitFlush: Begin","Aurora-2",2026-08-16 16:56:48
2026-08-21 16:53:26,"cmd: SitFlush: Begin","Aurora-2",2026-08-16 16:53:26
2026-08-21 16:50:05,"cmd: SitFlush: Begin","Aurora-2",2026-08-16 16:50:05
2026-08-21 16:47:23,"cmd: SitFlush: Begin","Aurora-2",2026-08-16 16:47:23
2026-08-21 16:43:35,"cmd: SitFlush: Begin","Aurora-2",2026-08-16 16:43:35
2026-08-21 16:41:02,"cmd: SitFlush: Begin","Aurora-2",2026-08-16 16:41:02
2026-08-21 16:38:08,"cmd: SitFlush: Begin","Aurora-2",2026-08-16 16:38:08
2026-08-21 16:35:54,"cmd: SitFlush: Begin","Aurora-2",2026-08-16 16:35:54
2026-08-21 16:30:57,"cmd: SitFlush: Begin","Aurora-2",2026-08-16 16:30:57
2026-08-21 16:26:17,"cmd: SitFlush: Begin","Aurora-2",2026-08-16 16:26:17
2026-08-21 16:26:09,"cmd: SitFlush: Begin","Aurora-2",2026-08-16 16:26:09
2026-08-21 16:23:08,"cmd: SitFlush: Begin","Aurora-2",2026-08-16 16:23:08
2026-08-21 16:18:48,"cmd: SitFlush: Begin","Aurora-2",2026-08-16 16:18:48
2026-08-21 16:15:28,"cmd: SitFlush: Begin","Aurora-2",2026-08-16 16:15:28
2026-08-21 16:12:53,"cmd: SitFlush: Begin","Aurora-2",2026-08-16 16:12:53
2026-08-21 16:10:22,"cmd: SitFlush: Begin","Aurora-2",2026-08-16 16:10:22
2026-08-21 16:05:11,"cmd: SitFlush: Begin","Aurora-2",2026-08-16 16:05:11
2026-08-21 16:00:56,"cmd: SitFlush: Begin","Aurora-2",2026-08-16 16:00:56
2026-08-21 15:57:46,"cmd: SitFlush: Begin","Aurora-2",2026-08-16 15:57:46
2026-08-21 15:54:34,"cmd: SitFlush: Begin","Aurora-2",2026-08-16 15:54:34
2026-08-21 15:50:32,"cmd: SitFlush: Begin","Aurora-2",2026-08-16 15:50:32
2026-08-21 15:37:06,"cmd: SitFlush: Begin","Aurora-2",2026-08-16 15:37:06
2026-08-21 15:29:24,"cmd: SitFlush: Begin","Aurora-2",2026-08-16 15:29:24
2026-08-21 15:22:35,"cmd: SitFlush: Begin","Aurora-2",2026-08-16 15:22:35
2026-08-21 15:16:03,"cmd: SitFlush: Begin","Aurora-2",2026-08-16 15:16:03
2026-08-21 15:07:25,"cmd: SitFlush: Begin","Aurora-2",2026-08-16 15:07:25
2026-08-21 15:00:54,"cmd: SitFlush: Begin","Aurora-2",2026-08-16 15:00:54
2026-08-21 14:54:51,"cmd: SitFlush: Begin","Aurora-2",2026-08-16 14:54:51
2026-08-21 14:50:02,"cmd: SitFlush: Begin","Aurora-2",2026-08-16 14:50:02
2026-08-21 14:44:12,"cmd: SitFlush: Begin","Aurora-2",2026-08-16 14:44:12
2026-08-21 14:30:56,"cmd: SitFlush: Begin","Aurora-2",2026-08-16 14:30:56
2026-08-21 14:24:02,"cmd: SitFlush: Begin","Aurora-2",2026-08-16 14:24:02
2026-08-21 14:17:11,"cmd: SitFlush: Begin","Aurora-2",2026-08-16 14:17:11
2026-08-21 13:54:19,"cmd: SitFlush: Begin","Aurora-2",2026-08-16 13:54:19
2026-08-21 13:50:32,"cmd: SitFlush: Begin","Aurora-2",2026-08-16 13:50:32
2026-08-21 13:45:38,"cmd: SitFlush: Begin","Aurora-2",2026-08-16 13:45:38
2026-08-21 13:41:52,"cmd: SitFlush: Begin","Aurora-2",2026-08-16 13:41:52
2026-08-21 13:38:08,"cmd: SitFlush: Begin","Aurora-2",2026-08-16 13:38:08
2026-08-21 13:34:56,"cmd: SitFlush: Begin","Aurora-2",2026-08-16 13:34:56
2026-08-21 13:24:01,"cmd: SitFlush: Begin","Aurora-2",2026-08-16 13:24:01
2026-08-21 13:20:55,"cmd: SitFlush: Begin","Aurora-2",2026-08-16 13:20:55
2026-08-21 13:18:47,"cmd: SitFlush: Begin","Aurora-2",2026-08-16 13:18:47
2026-08-21 13:01:36,"cmd: SitFlush: Begin","Aurora-2",2026-08-16 13:01:36
2026-08-21 12:55:19,"cmd: SitFlush: Begin","Aurora-2",2026-08-16 12:55:19
2026-08-21 12:47:40,"cmd: SitFlush: Begin","Aurora-2",2026-08-16 12:47:40
2026-08-21 12:42:04,"cmd: SitFlush: Begin","Aurora-2",2026-08-16 12:42:04
2026-08-21 12:41:32,"cmd: SitFlush: Begin","Aurora-2",2026-08-16 12:41:32
2026-08-21 12:35:26,"cmd: SitFlush: Begin","Aurora-2",2026-08-16 12:35:26
2026-08-21 12:29:16,"cmd: SitFlush: Begin","Aurora-2",2026-08-16 12:29:16
2026-08-21 12:20:44,"cmd: SitFlush: Begin","Aurora-2",2026-08-16 12:20:44
2026-08-21 12:19:56,"cmd: SitFlush: Begin","Aurora-2",2026-08-16 12:19:56
2026-08-21 12:11:56,"cmd: SitFlush: Begin","Aurora-2",2026-08-16 12:11:56
2026-08-21 12:03:25,"cmd: SitFlush: Begin","Aurora-2",2026-08-16 12:03:25
2026-08-21 11:56:27,"cmd: SitFlush: Begin","Aurora-2",2026-08-16 11:56:27
2026-08-21 11:48:15,"cmd: SitFlush: Begin","Aurora-2",2026-08-16 11:48:15
2026-08-21 11:40:07,"cmd: SitFlush: Begin","Aurora-2",2026-08-16 11:40:07
2026-08-21 11:33:54,"cmd: SitFlush: Begin","Aurora-2",2026-08-16 11:33:54
2026-08-21 11:27:08,"cmd: SitFlush: Begin","Aurora-2",2026-08-16 11:27:08
2026-08-21 11:20:36,"cmd: SitFlush: Begin","Aurora-2",2026-08-16 11:20:36
2026-08-21 11:14:26,"cmd: SitFlush: Begin","Aurora-2",2026-08-16 11:14:26
2026-08-21 11:09:04,"cmd: SitFlush: Begin","Aurora-2",2026-08-16 11:09:04
2026-08-21 10:43:45,"cmd: SitFlush: Begin","Aurora-2",2026-08-16 10:43:45
2026-08-21 10:42:29,"cmd: SitFlush: Begin","Aurora-2",2026-08-16 10:42:29
2026-08-21 10:41:12,"cmd: SitFlush: Begin","Aurora-2",2026-08-16 10:41:12
2026-08-21 10:39:56,"cmd: SitFlush: Begin","Aurora-2",2026-08-16 10:39:56
2026-08-21 10:38:39,"cmd: SitFlush: Begin","Aurora-2",2026-08-16 10:38:39
2026-08-21 10:37:19,"cmd: SitFlush: Begin","Aurora-2",2026-08-16 10:37:19
2026-08-21 10:36:03,"cmd: SitFlush: Begin","Aurora-2",2026-08-16 10:36:03
2026-08-21 10:34:45,"cmd: SitFlush: Begin","Aurora-2",2026-08-16 10:34:45
2026-08-21 10:33:27,"cmd: SitFlush: Begin","Aurora-2",2026-08-16 10:33:27
2026-08-21 10:32:09,"cmd: SitFlush: Begin","Aurora-2",2026-08-16 10:32:09
2026-08-21 10:30:52,"cmd: SitFlush: Begin","Aurora-2",2026-08-16 10:30:52
2026-08-21 10:28:45,"cmd: SitFlush: Begin","Aurora-2",2026-08-16 10:28:45
2026-08-21 08:55:44,"cmd: SitFlush: Begin","Aurora-2",2026-08-16 08:55:44
2026-08-20 18:46:30,"cmd: SitFlush: Begin","Aurora-2",2026-08-16 18:46:30
2026-08-20 18:43:50,"cmd: SitFlush: Begin","Aurora-2",2026-08-16 18:43:50
2026-08-20 18:42:59,"cmd: SitFlush: Begin","Aurora-2",2026-08-16 18:42:59
2026-08-20 18:42:05,"cmd: SitFlush: Begin","Aurora-2",2026-08-16 18:42:05
2026-08-20 18:41:03,"cmd: SitFlush: Begin","Aurora-2",2026-08-16 18:41:03
2026-08-20 18:33:00,"cmd: SitFlush: Begin","Aurora-2",2026-08-16 18:33:00
2026-08-20 18:32:20,"cmd: SitFlush: Begin","Aurora-2",2026-08-16 18:32:20
2026-08-20 18:31:32,"cmd: SitFlush: Begin","Aurora-2",2026-08-16 18:31:32
2026-08-20 18:13:31,"cmd: SitFlush: Begin","Aurora-2",2026-08-16 18:13:31
2026-08-20 17:53:53,"cmd: SitFlush: Begin","Aurora-2",2026-08-16 17:53:53
2026-08-20 17:51:44,"cmd: SitFlush: Begin","Aurora-2",2026-08-16 17:51:44
2026-08-20 17:49:52,"cmd: SitFlush: Begin","Aurora-2",2026-08-16 17:49:52
2026-08-20 16:22:30,"cmd: SitFlush: Begin","Aurora-2",2026-08-16 16:22:30
2026-08-20 16:18:41,"cmd: SitFlush: Begin","Aurora-2",2026-08-16 16:18:41
2026-08-20 16:13:59,"cmd: SitFlush: Begin","Aurora-2",2026-08-16 16:13:59
2026-08-20 16:08:10,"cmd: SitFlush: Begin","Aurora-2",2026-08-16 16:08:10
2026-08-20 15:58:41,"cmd: SitFlush: Begin","Aurora-2",2026-08-16 15:58:41
2026-08-20 15:53:09,"cmd: SitFlush: Begin","Aurora-2",2026-08-16 15:53:09
2026-08-20 15:51:56,"cmd: SitFlush: Begin","Aurora-2",2026-08-16 15:51:56
2026-08-20 15:50:49,"cmd: SitFlush: Begin","Aurora-2",2026-08-16 15:50:49
2026-08-20 15:49:40,"cmd: SitFlush: Begin","Aurora-2",2026-08-16 15:49:40
2026-08-20 15:48:36,"cmd: SitFlush: Begin","Aurora-2",2026-08-16 15:48:36
2026-08-20 15:43:14,"cmd: SitFlush: Begin","Aurora-2",2026-08-16 15:43:14
2026-08-20 15:42:07,"cmd: SitFlush: Begin","Aurora-2",2026-08-16 15:42:07
2026-08-20 15:40:58,"cmd: SitFlush: Begin","Aurora-2",2026-08-16 15:40:58
2026-08-20 15:39:54,"cmd: SitFlush: Begin","Aurora-2",2026-08-16 15:39:54
2026-08-20 15:36:36,"cmd: SitFlush: Begin","Aurora-2",2026-08-16 15:36:36
2026-08-20 15:34:48,"cmd: SitFlush: Begin","Aurora-2",2026-08-16 15:34:48
2026-08-20 15:33:00,"cmd: SitFlush: Begin","Aurora-2",2026-08-16 15:33:00
2026-08-20 15:31:18,"cmd: SitFlush: Begin","Aurora-2",2026-08-16 15:31:18
2026-08-20 15:29:40,"cmd: SitFlush: Begin","Aurora-2",2026-08-16 15:29:40
2026-08-20 15:25:25,"cmd: SitFlush: Begin","Aurora-2",2026-08-16 15:25:25
2026-08-20 15:15:30,"cmd: SitFlush: Begin","Aurora-2",2026-08-16 15:15:30
2026-08-20 14:44:27,"cmd: SitFlush: Begin","Aurora-2",2026-08-16 14:44:27
2026-08-20 14:43:53,"cmd: SitFlush: Begin","Aurora-2",2026-08-16 14:43:53
2026-08-20 14:41:18,"cmd: SitFlush: Begin","Aurora-2",2026-08-16 14:41:18
2026-08-20 14:39:57,"cmd: SitFlush: Begin","Aurora-2",2026-08-16 14:39:57
2026-08-20 14:37:34,"cmd: SitFlush: Begin","Aurora-2",2026-08-16 14:37:34
2026-08-20 14:37:03,"cmd: SitFlush: Begin","Aurora-2",2026-08-16 14:37:03
2026-08-20 14:36:32,"cmd: SitFlush: Begin","Aurora-2",2026-08-16 14:36:32
2026-08-20 14:36:01,"cmd: SitFlush: Begin","Aurora-2",2026-08-16 14:36:01
2026-08-20 14:35:11,"cmd: SitFlush: Begin","Aurora-2",2026-08-16 14:35:11
2026-08-20 13:08:48,"cmd: SitFlush: Begin","Aurora-2",2026-08-16 13:08:48
2026-08-20 13:06:31,"cmd: SitFlush: Begin","Aurora-2",2026-08-16 13:06:31
2026-08-20 13:05:19,"cmd: SitFlush: Begin","Aurora-2",2026-08-16 13:05:19
2026-08-20 13:04:30,"cmd: SitFlush: Begin","Aurora-2",2026-08-16 13:04:30
2026-08-20 13:02:28,"cmd: SitFlush: Begin","Aurora-2",2026-08-16 13:02:28
2026-08-20 13:01:27,"cmd: SitFlush: Begin","Aurora-2",2026-08-16 13:01:27
2026-08-20 12:59:52,"cmd: SitFlush: Begin","Aurora-2",2026-08-16 12:59:52
2026-08-20 12:56:59,"cmd: SitFlush: Begin","Aurora-2",2026-08-16 12:56:59
2026-08-20 12:53:54,"cmd: SitFlush: Begin","Aurora-2",2026-08-16 12:53:54
2026-08-20 12:51:53,"cmd: SitFlush: Begin","Aurora-2",2026-08-16 12:51:53
2026-08-20 12:51:02,"cmd: SitFlush: Begin","Aurora-2",2026-08-16 12:51:02
2026-08-20 10:57:40,"cmd: SitFlush: Begin","Aurora-2",2026-08-16 10:57:40
2026-08-20 10:55:28,"cmd: SitFlush: Begin","Aurora-2",2026-08-16 10:55:28
2026-08-20 10:51:15,"cmd: SitFlush: Begin","Aurora-2",2026-08-16 10:51:15
2026-08-20 10:47:37,"cmd: SitFlush: Begin","Aurora-2",2026-08-16 10:47:37
2026-08-20 10:43:15,"cmd: SitFlush: Begin","Aurora-2",2026-08-16 10:43:15
2026-08-20 10:39:58,"cmd: SitFlush: Begin","Aurora-2",2026-08-16 10:39:58
2026-08-20 10:35:50,"cmd: SitFlush: Begin","Aurora-2",2026-08-16 10:35:50
2026-08-20 10:33:24,"cmd: SitFlush: Begin","Aurora-2",2026-08-16 10:33:24
2026-08-20 10:23:35,"cmd: SitFlush: Begin","Aurora-2",2026-08-16 10:23:35
2026-08-20 10:20:09,"cmd: SitFlush: Begin","Aurora-2",2026-08-16 10:20:09
2026-08-20 10:16:07,"cmd: SitFlush: Begin","Aurora-2",2026-08-16 10:16:07
2026-08-20 10:12:22,"cmd: SitFlush: Begin","Aurora-2",2026-08-16 10:12:22
2026-08-20 10:08:50,"cmd: SitFlush: Begin","Aurora-2",2026-08-16 10:08:50
2026-08-20 09:58:52,"cmd: SitFlush: Begin","Aurora-2",2026-08-16 09:58:52
2026-08-20 09:54:54,"cmd: SitFlush: Begin","Aurora-2",2026-08-16 09:54:54
2026-08-20 09:50:34,"cmd: SitFlush: Begin","Aurora-2",2026-08-16 09:50:34
2026-08-20 09:45:13,"cmd: SitFlush: Begin","Aurora-2",2026-08-16 09:45:13
2026-08-20 09:39:09,"cmd: SitFlush: Begin","Aurora-2",2026-08-16 09:39:09
2026-08-20 09:27:59,"cmd: SitFlush: Begin","Aurora-2",2026-08-16 09:27:59
2026-08-20 09:27:14,"cmd: SitFlush: Begin","Aurora-2",2026-08-16 09:27:14
2026-08-20 09:26:23,"cmd: SitFlush: Begin","Aurora-2",2026-08-16 09:26:23
2026-08-20 09:25:33,"cmd: SitFlush: Begin","Aurora-2",2026-08-16 09:25:33
2026-08-20 09:24:48,"cmd: SitFlush: Begin","Aurora-2",2026-08-16 09:24:48
2026-08-20 09:23:57,"cmd: SitFlush: Begin","Aurora-2",2026-08-16 09:23:57
2026-08-20 09:23:28,"cmd: SitFlush: Begin","Aurora-2",2026-08-16 09:23:28
2026-08-20 09:22:28,"cmd: SitFlush: Begin","Aurora-2",2026-08-16 09:22:28
2026-08-20 09:21:52,"cmd: SitFlush: Begin","Aurora-2",2026-08-16 09:21:52
2026-08-20 09:21:05,"cmd: SitFlush: Begin","Aurora-2",2026-08-16 09:21:05
2026-08-20 09:19:30,"cmd: SitFlush: Begin","Aurora-2",2026-08-16 09:19:30
2026-08-20 09:18:45,"cmd: SitFlush: Begin","Aurora-2",2026-08-16 09:18:45
2026-08-20 09:18:11,"cmd: SitFlush: Begin","Aurora-2",2026-08-16 09:18:11
2026-08-20 09:17:03,"cmd: SitFlush: Begin","Aurora-2",2026-08-16 09:17:03
2026-08-20 08:35:37,"cmd: SitFlush: Begin","Aurora-2",2026-08-16 08:35:37
2026-08-20 08:22:34,"cmd: SitFlush: Begin","Aurora-2",2026-08-16 08:22:34
2026-08-19 16:30:23,"cmd: SitFlush: Begin","Aurora-2",2026-08-16 16:30:23
2026-08-19 16:28:53,"cmd: SitFlush: Begin","Aurora-2",2026-08-16 16:28:53
2026-08-19 16:27:25,"cmd: SitFlush: Begin","Aurora-2",2026-08-16 16:27:25
2026-08-19 16:25:51,"cmd: SitFlush: Begin","Aurora-2",2026-08-16 16:25:51
2026-08-19 16:24:22,"cmd: SitFlush: Begin","Aurora-2",2026-08-16 16:24:22
2026-08-19 16:22:53,"cmd: SitFlush: Begin","Aurora-2",2026-08-16 16:22:53
2026-08-19 16:21:24,"cmd: SitFlush: Begin","Aurora-2",2026-08-16 16:21:24
2026-08-19 16:19:51,"cmd: SitFlush: Begin","Aurora-2",2026-08-16 16:19:51
2026-08-19 16:18:22,"cmd: SitFlush: Begin","Aurora-2",2026-08-16 16:18:22
2026-08-19 16:16:53,"cmd: SitFlush: Begin","Aurora-2",2026-08-16 16:16:53
2026-08-19 16:15:24,"cmd: SitFlush: Begin","Aurora-2",2026-08-16 16:15:24
2026-08-19 16:13:50,"cmd: SitFlush: Begin","Aurora-2",2026-08-16 16:13:50
2026-08-19 16:12:21,"cmd: SitFlush: Begin","Aurora-2",2026-08-16 16:12:21
2026-08-19 16:10:52,"cmd: SitFlush: Begin","Aurora-2",2026-08-16 16:10:52
2026-08-19 16:09:24,"cmd: SitFlush: Begin","Aurora-2",2026-08-16 16:09:24
2026-08-19 16:05:01,"cmd: SitFlush: Begin","Aurora-2",2026-08-16 16:05:01
2026-08-19 16:02:55,"cmd: SitFlush: Begin","Aurora-2",2026-08-16 16:02:55
2026-08-19 13:47:43,"cmd: SitFlush: Begin","Aurora-2",2026-08-16 13:47:43
2026-08-19 13:46:35,"cmd: SitFlush: Begin","Aurora-2",2026-08-16 13:46:35
2026-08-19 13:45:16,"cmd: SitFlush: Begin","Aurora-2",2026-08-16 13:45:16
2026-08-19 13:44:21,"cmd: SitFlush: Begin","Aurora-2",2026-08-16 13:44:21
2026-08-19 13:43:38,"cmd: SitFlush: Begin","Aurora-2",2026-08-16 13:43:38
2026-08-19 13:42:55,"cmd: SitFlush: Begin","Aurora-2",2026-08-16 13:42:55
2026-08-19 13:41:36,"cmd: SitFlush: Begin","Aurora-2",2026-08-16 13:41:36
2026-08-19 13:40:25,"cmd: SitFlush: Begin","Aurora-2",2026-08-16 13:40:25
2026-08-19 13:38:29,"cmd: SitFlush: Begin","Aurora-2",2026-08-16 13:38:29
2026-08-19 13:37:19,"cmd: SitFlush: Begin","Aurora-2",2026-08-16 13:37:19
2026-08-19 13:34:41,"cmd: SitFlush: Begin","Aurora-2",2026-08-16 13:34:41
2026-08-19 13:33:42,"cmd: SitFlush: Begin","Aurora-2",2026-08-16 13:33:42
2026-08-19 13:32:48,"cmd: SitFlush: Begin","Aurora-2",2026-08-16 13:32:48
2026-08-19 13:31:50,"cmd: SitFlush: Begin","Aurora-2",2026-08-16 13:31:50
2026-08-19 13:29:53,"cmd: SitFlush: Begin","Aurora-2",2026-08-16 13:29:53
2026-08-19 13:29:01,"cmd: SitFlush: Begin","Aurora-2",2026-08-16 13:29:01
2026-08-19 13:27:53,"cmd: SitFlush: Begin","Aurora-2",2026-08-16 13:27:53
2026-08-19 13:21:33,"cmd: SitFlush: Begin","Aurora-2",2026-08-16 13:21:33
2026-08-19 13:19:34,"cmd: SitFlush: Begin","Aurora-2",2026-08-16 13:19:34
2026-08-19 13:17:29,"cmd: SitFlush: Begin","Aurora-2",2026-08-16 13:17:29
2026-08-19 13:10:22,"cmd: SitFlush: Begin","Aurora-2",2026-08-16 13:10:22
2026-08-19 13:08:35,"cmd: SitFlush: Begin","Aurora-2",2026-08-16 13:08:35
2026-08-19 13:06:55,"cmd: SitFlush: Begin","Aurora-2",2026-08-16 13:06:55
2026-08-19 13:04:42,"cmd: SitFlush: Begin","Aurora-2",2026-08-16 13:04:42
2026-08-19 13:01:11,"cmd: SitFlush: Begin","Aurora-2",2026-08-16 13:01:11
2026-08-19 12:59:02,"cmd: SitFlush: Begin","Aurora-2",2026-08-16 12:59:02
2026-08-19 12:56:54,"cmd: SitFlush: Begin","Aurora-2",2026-08-16 12:56:54
2026-08-19 12:30:47,"cmd: SitFlush: Begin","Aurora-2",2026-08-16 12:30:47
2026-08-19 12:30:18,"cmd: SitFlush: Begin","Aurora-2",2026-08-16 12:30:18
2026-08-19 12:29:47,"cmd: SitFlush: Begin","Aurora-2",2026-08-16 12:29:47
2026-08-19 12:29:19,"cmd: SitFlush: Begin","Aurora-2",2026-08-16 12:29:19
2026-08-19 12:28:50,"cmd: SitFlush: Begin","Aurora-2",2026-08-16 12:28:50
2026-08-19 12:28:20,"cmd: SitFlush: Begin","Aurora-2",2026-08-16 12:28:20
2026-08-19 12:27:51,"cmd: SitFlush: Begin","Aurora-2",2026-08-16 12:27:51
2026-08-19 12:27:18,"cmd: SitFlush: Begin","Aurora-2",2026-08-16 12:27:18
2026-08-19 12:26:47,"cmd: SitFlush: Begin","Aurora-2",2026-08-16 12:26:47
2026-08-19 12:26:19,"cmd: SitFlush: Begin","Aurora-2",2026-08-16 12:26:19
2026-08-19 12:25:50,"cmd: SitFlush: Begin","Aurora-2",2026-08-16 12:25:50
2026-08-19 12:25:20,"cmd: SitFlush: Begin","Aurora-2",2026-08-16 12:25:20
2026-08-19 12:24:51,"cmd: SitFlush: Begin","Aurora-2",2026-08-16 12:24:51
2026-08-19 12:24:21,"cmd: SitFlush: Begin","Aurora-2",2026-08-16 12:24:21
2026-08-19 12:22:12,"cmd: SitFlush: Begin","Aurora-2",2026-08-16 12:22:12
2026-08-19 12:09:03,"cmd: SitFlush: Begin","Aurora-2",2026-08-16 12:09:03
2026-08-19 12:07:27,"cmd: SitFlush: Begin","Aurora-2",2026-08-16 12:07:27
2026-08-19 12:06:29,"cmd: SitFlush: Begin","Aurora-2",2026-08-16 12:06:29
2026-08-19 11:27:33,"cmd: SitFlush: Begin","Aurora-2",2026-08-16 11:27:33
2026-08-19 11:25:08,"cmd: SitFlush: Begin","Aurora-2",2026-08-16 11:25:08
2026-08-19 11:22:36,"cmd: SitFlush: Begin","Aurora-2",2026-08-16 11:22:36
2026-08-19 11:20:56,"cmd: SitFlush: Begin","Aurora-2",2026-08-16 11:20:56
2026-08-19 11:18:50,"cmd: SitFlush: Begin","Aurora-2",2026-08-16 11:18:50
2026-08-19 11:16:40,"cmd: SitFlush: Begin","Aurora-2",2026-08-16 11:16:40
2026-08-19 11:14:26,"cmd: SitFlush: Begin","Aurora-2",2026-08-16 11:14:26
2026-08-19 11:10:16,"cmd: SitFlush: Begin","Aurora-2",2026-08-16 11:10:16
2026-08-19 11:05:39,"cmd: SitFlush: Begin","Aurora-2",2026-08-16 11:05:39
2026-08-19 11:03:19,"cmd: SitFlush: Begin","Aurora-2",2026-08-16 11:03:19
2026-08-19 10:58:34,"cmd: SitFlush: Begin","Aurora-2",2026-08-16 10:58:34
2026-08-19 10:54:49,"cmd: SitFlush: Begin","Aurora-2",2026-08-16 10:54:49
2026-08-19 10:50:37,"cmd: SitFlush: Begin","Aurora-2",2026-08-16 10:50:37
2026-08-19 10:45:34,"cmd: SitFlush: Begin","Aurora-2",2026-08-16 10:45:34
2026-08-19 10:42:03,"cmd: SitFlush: Begin","Aurora-2",2026-08-16 10:42:03
2026-08-19 08:53:03,"cmd: SitFlush: Begin","Aurora-2",2026-08-16 08:53:03
2026-08-19 08:47:38,"cmd: SitFlush: Begin","Aurora-2",2026-08-16 08:47:38
2026-08-18 16:50:05,"cmd: SitFlush: Begin","Aurora-2",2026-08-16 16:50:05
2026-08-18 16:44:40,"cmd: SitFlush: Begin","Aurora-2",2026-08-16 16:44:40
2026-08-18 16:43:31,"cmd: SitFlush: Begin","Aurora-2",2026-08-16 16:43:31
2026-08-18 16:42:13,"cmd: SitFlush: Begin","Aurora-2",2026-08-16 16:42:13
2026-08-18 16:40:33,"cmd: SitFlush: Begin","Aurora-2",2026-08-16 16:40:33
2026-08-18 16:38:59,"cmd: SitFlush: Begin","Aurora-2",2026-08-16 16:38:59
2026-08-18 16:38:11,"cmd: SitFlush: Begin","Aurora-2",2026-08-16 16:38:11
2026-08-18 16:35:54,"cmd: SitFlush: Begin","Aurora-2",2026-08-16 16:35:54
2026-08-18 15:14:10,"cmd: SitFlush: Begin","Aurora-2",2026-08-16 15:14:10
2026-08-18 15:12:38,"cmd: SitFlush: Begin","Aurora-2",2026-08-16 15:12:38
2026-08-18 15:11:07,"cmd: SitFlush: Begin","Aurora-2",2026-08-16 15:11:07
2026-08-18 15:09:35,"cmd: SitFlush: Begin","Aurora-2",2026-08-16 15:09:35
2026-08-18 15:08:04,"cmd: SitFlush: Begin","Aurora-2",2026-08-16 15:08:04
2026-08-18 15:06:32,"cmd: SitFlush: Begin","Aurora-2",2026-08-16 15:06:32
2026-08-18 15:03:27,"cmd: SitFlush: Begin","Aurora-2",2026-08-16 15:03:27
2026-08-18 14:58:40,"cmd: SitFlush: Begin","Aurora-2",2026-08-16 14:58:40
2026-08-18 14:57:45,"cmd: SitFlush: Begin","Aurora-2",2026-08-16 14:57:45
2026-08-18 14:56:52,"cmd: SitFlush: Begin","Aurora-2",2026-08-16 14:56:52
2026-08-18 14:55:57,"cmd: SitFlush: Begin","Aurora-2",2026-08-16 14:55:57
2026-08-18 14:54:59,"cmd: SitFlush: Begin","Aurora-2",2026-08-16 14:54:59
2026-08-18 14:54:04,"cmd: SitFlush: Begin","Aurora-2",2026-08-16 14:54:04
2026-08-18 14:53:11,"cmd: SitFlush: Begin","Aurora-2",2026-08-16 14:53:11
2026-08-18 14:52:19,"cmd: SitFlush: Begin","Aurora-2",2026-08-16 14:52:19
2026-08-18 14:40:15,"cmd: SitFlush: Begin","Aurora-2",2026-08-16 14:40:15
2026-08-18 14:39:38,"cmd: SitFlush: Begin","Aurora-2",2026-08-16 14:39:38
2026-08-18 14:38:58,"cmd: SitFlush: Begin","Aurora-2",2026-08-16 14:38:58
2026-08-18 14:38:14,"cmd: SitFlush: Begin","Aurora-2",2026-08-16 14:38:14
2026-08-18 14:37:31,"cmd: SitFlush: Begin","Aurora-2",2026-08-16 14:37:31
2026-08-18 14:36:53,"cmd: SitFlush: Begin","Aurora-2",2026-08-16 14:36:53
2026-08-18 14:36:11,"cmd: SitFlush: Begin","Aurora-2",2026-08-16 14:36:11
2026-08-18 14:35:33,"cmd: SitFlush: Begin","Aurora-2",2026-08-16 14:35:33
2026-08-18 14:34:12,"cmd: SitFlush: Begin","Aurora-2",2026-08-16 14:34:12
2026-08-18 14:33:39,"cmd: SitFlush: Begin","Aurora-2",2026-08-16 14:33:39
2026-08-18 14:32:15,"cmd: SitFlush: Begin","Aurora-2",2026-08-16 14:32:15
2026-08-18 14:30:18,"cmd: SitFlush: Begin","Aurora-2",2026-08-16 14:30:18
2026-08-18 14:29:53,"cmd: SitFlush: Begin","Aurora-2",2026-08-16 14:29:53
2026-08-18 14:29:29,"cmd: SitFlush: Begin","Aurora-2",2026-08-16 14:29:29
2026-08-18 14:29:04,"cmd: SitFlush: Begin","Aurora-2",2026-08-16 14:29:04
2026-08-18 14:28:40,"cmd: SitFlush: Begin","Aurora-2",2026-08-16 14:28:40
2026-08-18 14:28:15,"cmd: SitFlush: Begin","Aurora-2",2026-08-16 14:28:15
2026-08-18 14:27:51,"cmd: SitFlush: Begin","Aurora-2",2026-08-16 14:27:51
2026-08-18 14:27:24,"cmd: SitFlush: Begin","Aurora-2",2026-08-16 14:27:24
2026-08-18 14:26:56,"cmd: SitFlush: Begin","Aurora-2",2026-08-16 14:26:56
2026-08-18 14:26:30,"cmd: SitFlush: Begin","Aurora-2",2026-08-16 14:26:30
2026-08-18 14:26:05,"cmd: SitFlush: Begin","Aurora-2",2026-08-16 14:26:05
2026-08-18 14:25:40,"cmd: SitFlush: Begin","Aurora-2",2026-08-16 14:25:40
2026-08-18 14:25:15,"cmd: SitFlush: Begin","Aurora-2",2026-08-16 14:25:15
2026-08-18 14:24:50,"cmd: SitFlush: Begin","Aurora-2",2026-08-16 14:24:50
2026-08-18 14:24:25,"cmd: SitFlush: Begin","Aurora-2",2026-08-16 14:24:25
2026-08-18 14:23:51,"cmd: SitFlush: Begin","Aurora-2",2026-08-16 14:23:51
2026-08-18 09:31:51,"cmd: SitFlush: Begin","Aurora-2",2026-08-16 09:31:51
2026-08-18 09:29:53,"cmd: SitFlush: Begin","Aurora-2",2026-08-16 09:29:53
2026-08-18 09:27:01,"cmd: SitFlush: Begin","Aurora-2",2026-08-16 09:27:01
2026-08-18 09:18:33,"cmd: SitFlush: Begin","Aurora-2",2026-08-16 09:18:33
2026-08-17 15:29:29,"cmd: SitFlush: Begin","Aurora-2",2026-08-16 15:29:29
2026-08-17 13:40:50,"cmd: SitFlush: Begin","Aurora-2",2026-08-16 13:40:50
2026-08-17 13:36:44,"cmd: SitFlush: Begin","Aurora-2",2026-08-16 13:36:44
2026-08-17 13:30:12,"cmd: SitFlush: Begin","Aurora-2",2026-08-16 13:30:12
2026-08-17 13:27:14,"cmd: SitFlush: Begin","Aurora-2",2026-08-16 13:27:14
2026-08-17 13:24:32,"cmd: SitFlush: Begin","Aurora-2",2026-08-16 13:24:32
2026-08-17 13:21:36,"cmd: SitFlush: Begin","Aurora-2",2026-08-16 13:21:36
2026-08-17 13:18:25,"cmd: SitFlush: Begin","Aurora-2",2026-08-16 13:18:25
2026-08-17 13:13:29,"cmd: SitFlush: Begin","Aurora-2",2026-08-16 13:13:29
2026-08-17 13:12:00,"cmd: SitFlush: Begin","Aurora-2",2026-08-16 13:12:00
2026-08-17 13:11:09,"cmd: SitFlush: Begin","Aurora-2",2026-08-16 13:11:09
2026-08-17 13:08:25,"cmd: SitFlush: Begin","Aurora-2",2026-08-16 13:08:25
2026-08-17 13:02:47,"cmd: SitFlush: Begin","Aurora-2",2026-08-16 13:02:47
2026-08-17 11:52:51,"cmd: SitFlush: Begin","Aurora-2",2026-08-16 11:52:51
2026-08-17 11:52:04,"cmd: SitFlush: Begin","Aurora-2",2026-08-16 11:52:04
2026-08-17 11:49:52,"cmd: SitFlush: Begin","Aurora-2",2026-08-16 11:49:52
2026-08-17 11:46:37,"cmd: SitFlush: Begin","Aurora-2",2026-08-16 11:46:37
2026-08-17 11:45:45,"cmd: SitFlush: Begin","Aurora-2",2026-08-16 11:45:45
2026-08-17 11:44:40,"cmd: SitFlush: Begin","Aurora-2",2026-08-16 11:44:40
2026-08-17 09:01:41,"cmd: SitFlush: Begin","Aurora-2",2026-08-16 09:01:41
2026-08-17 08:54:22,"cmd: SitFlush: Begin","Aurora-2",2026-08-16 08:54:22
2026-08-14 16:04:16,"cmd: SitFlush: Begin","Aurora-2",2026-08-09 16:04:16
2026-08-14 16:01:48,"cmd: SitFlush: Begin","Aurora-2",2026-08-09 16:01:48
2026-08-14 15:56:31,"cmd: SitFlush: Begin","Aurora-2",2026-08-09 15:56:31
2026-08-14 15:51:44,"cmd: SitFlush: Begin","Aurora-2",2026-08-09 15:51:44
2026-08-14 15:46:37,"cmd: SitFlush: Begin","Aurora-2",2026-08-09 15:46:37
2026-08-14 15:41:52,"cmd: SitFlush: Begin","Aurora-2",2026-08-09 15:41:52
2026-08-14 15:28:27,"cmd: SitFlush: Begin","Aurora-2",2026-08-09 15:28:27
2026-08-14 15:26:00,"cmd: SitFlush: Begin","Aurora-2",2026-08-09 15:26:00
2026-08-14 15:18:58,"cmd: SitFlush: Begin","Aurora-2",2026-08-09 15:18:58
2026-08-14 15:18:03,"cmd: SitFlush: Begin","Aurora-2",2026-08-09 15:18:03
2026-08-14 11:44:28,"cmd: SitFlush: Begin","Aurora-2",2026-08-09 11:44:28
2026-08-14 11:42:34,"cmd: SitFlush: Begin","Aurora-2",2026-08-09 11:42:34
2026-08-14 11:40:44,"cmd: SitFlush: Begin","Aurora-2",2026-08-09 11:40:44
2026-08-14 11:39:04,"cmd: SitFlush: Begin","Aurora-2",2026-08-09 11:39:04
2026-08-14 11:37:16,"cmd: SitFlush: Begin","Aurora-2",2026-08-09 11:37:16
2026-08-14 11:36:48,"cmd: SitFlush: Begin","Aurora-2",2026-08-09 11:36:48
2026-08-14 11:34:59,"cmd: SitFlush: Begin","Aurora-2",2026-08-09 11:34:59
2026-08-14 11:33:29,"cmd: SitFlush: Begin","Aurora-2",2026-08-09 11:33:29
2026-08-14 11:31:40,"cmd: SitFlush: Begin","Aurora-2",2026-08-09 11:31:40
2026-08-14 11:29:46,"cmd: SitFlush: Begin","Aurora-2",2026-08-09 11:29:46
2026-08-14 11:27:57,"cmd: SitFlush: Begin","Aurora-2",2026-08-09 11:27:57
2026-08-14 11:26:05,"cmd: SitFlush: Begin","Aurora-2",2026-08-09 11:26:05
2026-08-14 11:24:22,"cmd: SitFlush: Begin","Aurora-2",2026-08-09 11:24:22
2026-08-14 10:59:03,"cmd: SitFlush: Begin","Aurora-2",2026-08-09 10:59:03
2026-08-14 10:58:22,"cmd: SitFlush: Begin","Aurora-2",2026-08-09 10:58:22
2026-08-14 10:57:47,"cmd: SitFlush: Begin","Aurora-2",2026-08-09 10:57:47
2026-08-14 10:57:11,"cmd: SitFlush: Begin","Aurora-2",2026-08-09 10:57:11
2026-08-14 10:56:34,"cmd: SitFlush: Begin","Aurora-2",2026-08-09 10:56:34
2026-08-14 10:55:58,"cmd: SitFlush: Begin","Aurora-2",2026-08-09 10:55:58
2026-08-14 10:55:19,"cmd: SitFlush: Begin","Aurora-2",2026-08-09 10:55:19
2026-08-14 10:54:41,"cmd: SitFlush: Begin","Aurora-2",2026-08-09 10:54:41
2026-08-14 10:54:04,"cmd: SitFlush: Begin","Aurora-2",2026-08-09 10:54:04
2026-08-14 10:53:29,"cmd: SitFlush: Begin","Aurora-2",2026-08-09 10:53:29
2026-08-14 10:52:50,"cmd: SitFlush: Begin","Aurora-2",2026-08-09 10:52:50
2026-08-14 10:52:12,"cmd: SitFlush: Begin","Aurora-2",2026-08-09 10:52:12
2026-08-14 10:51:30,"cmd: SitFlush: Begin","Aurora-2",2026-08-09 10:51:30
2026-08-14 10:50:52,"cmd: SitFlush: Begin","Aurora-2",2026-08-09 10:50:52
2026-08-14 10:50:15,"cmd: SitFlush: Begin","Aurora-2",2026-08-09 10:50:15
2026-08-14 10:49:38,"cmd: SitFlush: Begin","Aurora-2",2026-08-09 10:49:38
2026-08-14 10:49:03,"cmd: SitFlush: Begin","Aurora-2",2026-08-09 10:49:03
2026-08-14 10:48:27,"cmd: SitFlush: Begin","Aurora-2",2026-08-09 10:48:27
2026-08-14 10:47:51,"cmd: SitFlush: Begin","Aurora-2",2026-08-09 10:47:51
2026-08-14 10:47:14,"cmd: SitFlush: Begin","Aurora-2",2026-08-09 10:47:14
2026-08-14 10:46:38,"cmd: SitFlush: Begin","Aurora-2",2026-08-09 10:46:38
2026-08-14 10:45:58,"cmd: SitFlush: Begin","Aurora-2",2026-08-09 10:45:58
2026-08-14 10:45:18,"cmd: SitFlush: Begin","Aurora-2",2026-08-09 10:45:18
2026-08-14 10:44:37,"cmd: SitFlush: Begin","Aurora-2",2026-08-09 10:44:37
2026-08-14 10:43:58,"cmd: SitFlush: Begin","Aurora-2",2026-08-09 10:43:58
2026-08-14 10:43:19,"cmd: SitFlush: Begin","Aurora-2",2026-08-09 10:43:19
2026-08-14 10:42:40,"cmd: SitFlush: Begin","Aurora-2",2026-08-09 10:42:40
2026-08-14 10:42:00,"cmd: SitFlush: Begin","Aurora-2",2026-08-09 10:42:00
2026-08-14 10:41:22,"cmd: SitFlush: Begin","Aurora-2",2026-08-09 10:41:22
2026-08-14 10:40:41,"cmd: SitFlush: Begin","Aurora-2",2026-08-09 10:40:41
2026-08-14 10:39:10,"cmd: SitFlush: Begin","Aurora-2",2026-08-09 10:39:10
2026-08-14 10:37:51,"cmd: SitFlush: Begin","Aurora-2",2026-08-09 10:37:51
2026-08-14 10:36:21,"cmd: SitFlush: Begin","Aurora-2",2026-08-09 10:36:21
2026-08-14 09:29:09,"cmd: SitFlush: Begin","Aurora-2",2026-08-09 09:29:09
2026-08-14 09:27:56,"cmd: SitFlush: Begin","Aurora-2",2026-08-09 09:27:56
2026-08-14 09:26:44,"cmd: SitFlush: Begin","Aurora-2",2026-08-09 09:26:44
2026-08-14 09:25:31,"cmd: SitFlush: Begin","Aurora-2",2026-08-09 09:25:31
2026-08-14 09:24:14,"cmd: SitFlush: Begin","Aurora-2",2026-08-09 09:24:14
2026-08-14 09:23:01,"cmd: SitFlush: Begin","Aurora-2",2026-08-09 09:23:01
2026-08-14 09:21:49,"cmd: SitFlush: Begin","Aurora-2",2026-08-09 09:21:49
2026-08-14 09:20:35,"cmd: SitFlush: Begin","Aurora-2",2026-08-09 09:20:35
2026-08-14 09:19:17,"cmd: SitFlush: Begin","Aurora-2",2026-08-09 09:19:17
2026-08-14 09:18:04,"cmd: SitFlush: Begin","Aurora-2",2026-08-09 09:18:04
2026-08-14 09:16:50,"cmd: SitFlush: Begin","Aurora-2",2026-08-09 09:16:50
2026-08-14 09:15:37,"cmd: SitFlush: Begin","Aurora-2",2026-08-09 09:15:37
2026-08-14 09:13:18,"cmd: SitFlush: Begin","Aurora-2",2026-08-09 09:13:18
2026-08-14 09:12:03,"cmd: SitFlush: Begin","Aurora-2",2026-08-09 09:12:03
2026-08-14 09:11:14,"cmd: SitFlush: Begin","Aurora-2",2026-08-09 09:11:14
2026-08-14 08:56:11,"cmd: SitFlush: Begin","Aurora-2",2026-08-09 08:56:11
2026-08-13 17:33:19,"cmd: SitFlush: Begin","Aurora-2",2026-08-09 17:33:19
2026-08-13 17:31:55,"cmd: SitFlush: Begin","Aurora-2",2026-08-09 17:31:55
2026-08-13 17:30:31,"cmd: SitFlush: Begin","Aurora-2",2026-08-09 17:30:31
2026-08-13 17:29:06,"cmd: SitFlush: Begin","Aurora-2",2026-08-09 17:29:06
2026-08-13 17:27:47,"cmd: SitFlush: Begin","Aurora-2",2026-08-09 17:27:47
2026-08-13 17:26:25,"cmd: SitFlush: Begin","Aurora-2",2026-08-09 17:26:25
2026-08-13 17:25:05,"cmd: SitFlush: Begin","Aurora-2",2026-08-09 17:25:05
2026-08-13 17:23:41,"cmd: SitFlush: Begin","Aurora-2",2026-08-09 17:23:41
2026-08-13 17:22:13,"cmd: SitFlush: Begin","Aurora-2",2026-08-09 17:22:13
2026-08-13 17:21:14,"cmd: SitFlush: Begin","Aurora-2",2026-08-09 17:21:14
2026-08-13 17:20:15,"cmd: SitFlush: Begin","Aurora-2",2026-08-09 17:20:15
2026-08-13 17:19:18,"cmd: SitFlush: Begin","Aurora-2",2026-08-09 17:19:18
2026-08-13 17:18:22,"cmd: SitFlush: Begin","Aurora-2",2026-08-09 17:18:22
2026-08-13 17:17:29,"cmd: SitFlush: Begin","Aurora-2",2026-08-09 17:17:29
2026-08-13 17:16:31,"cmd: SitFlush: Begin","Aurora-2",2026-08-09 17:16:31
2026-08-13 17:15:40,"cmd: SitFlush: Begin","Aurora-2",2026-08-09 17:15:40
2026-08-13 17:14:50,"cmd: SitFlush: Begin","Aurora-2",2026-08-09 17:14:50
2026-08-13 17:14:02,"cmd: SitFlush: Begin","Aurora-2",2026-08-09 17:14:02
2026-08-13 17:13:12,"cmd: SitFlush: Begin","Aurora-2",2026-08-09 17:13:12
2026-08-13 17:12:22,"cmd: SitFlush: Begin","Aurora-2",2026-08-09 17:12:22
2026-08-13 17:06:43,"cmd: SitFlush: Begin","Aurora-2",2026-08-09 17:06:43
2026-08-13 17:05:48,"cmd: SitFlush: Begin","Aurora-2",2026-08-09 17:05:48
2026-08-13 17:01:57,"cmd: SitFlush: Begin","Aurora-2",2026-08-09 17:01:57
2026-08-13 17:01:06,"cmd: SitFlush: Begin","Aurora-2",2026-08-09 17:01:06
2026-08-13 16:57:13,"cmd: SitFlush: Begin","Aurora-2",2026-08-09 16:57:13
2026-08-13 16:56:01,"cmd: SitFlush: Begin","Aurora-2",2026-08-09 16:56:01
2026-08-13 16:55:00,"cmd: SitFlush: Begin","Aurora-2",2026-08-09 16:55:00
2026-08-13 16:53:52,"cmd: SitFlush: Begin","Aurora-2",2026-08-09 16:53:52
2026-08-13 16:52:50,"cmd: SitFlush: Begin","Aurora-2",2026-08-09 16:52:50
2026-08-13 16:42:43,"cmd: SitFlush: Begin","Aurora-2",2026-08-09 16:42:43
2026-08-13 16:24:14,"cmd: SitFlush: Begin","Aurora-2",2026-08-09 16:24:14
2026-08-13 16:23:00,"cmd: SitFlush: Begin","Aurora-2",2026-08-09 16:23:00
2026-08-13 16:21:47,"cmd: SitFlush: Begin","Aurora-2",2026-08-09 16:21:47
2026-08-13 16:20:32,"cmd: SitFlush: Begin","Aurora-2",2026-08-09 16:20:32
2026-08-13 16:19:14,"cmd: SitFlush: Begin","Aurora-2",2026-08-09 16:19:14
2026-08-13 16:17:58,"cmd: SitFlush: Begin","Aurora-2",2026-08-09 16:17:58
2026-08-13 16:16:43,"cmd: SitFlush: Begin","Aurora-2",2026-08-09 16:16:43
2026-08-13 16:15:28,"cmd: SitFlush: Begin","Aurora-2",2026-08-09 16:15:28
2026-08-13 16:14:09,"cmd: SitFlush: Begin","Aurora-2",2026-08-09 16:14:09
2026-08-13 16:12:56,"cmd: SitFlush: Begin","Aurora-2",2026-08-09 16:12:56
2026-08-13 16:11:43,"cmd: SitFlush: Begin","Aurora-2",2026-08-09 16:11:43
2026-08-13 16:10:30,"cmd: SitFlush: Begin","Aurora-2",2026-08-09 16:10:30
2026-08-13 16:09:12,"cmd: SitFlush: Begin","Aurora-2",2026-08-09 16:09:12
2026-08-13 16:07:57,"cmd: SitFlush: Begin","Aurora-2",2026-08-09 16:07:57
2026-08-13 16:06:42,"cmd: SitFlush: Begin","Aurora-2",2026-08-09 16:06:42
2026-08-13 16:05:25,"cmd: SitFlush: Begin","Aurora-2",2026-08-09 16:05:25
2026-08-13 16:04:05,"cmd: SitFlush: Begin","Aurora-2",2026-08-09 16:04:05
2026-08-13 16:02:51,"cmd: SitFlush: Begin","Aurora-2",2026-08-09 16:02:51
2026-08-13 16:01:34,"cmd: SitFlush: Begin","Aurora-2",2026-08-09 16:01:34
2026-08-13 16:00:18,"cmd: SitFlush: Begin","Aurora-2",2026-08-09 16:00:18
2026-08-13 15:58:59,"cmd: SitFlush: Begin","Aurora-2",2026-08-09 15:58:59
2026-08-13 15:57:45,"cmd: SitFlush: Begin","Aurora-2",2026-08-09 15:57:45
2026-08-13 15:56:31,"cmd: SitFlush: Begin","Aurora-2",2026-08-09 15:56:31
2026-08-13 15:51:52,"cmd: SitFlush: Begin","Aurora-2",2026-08-09 15:51:52
2026-08-13 15:46:40,"cmd: SitFlush: Begin","Aurora-2",2026-08-09 15:46:40
2026-08-13 15:45:42,"cmd: SitFlush: Begin","Aurora-2",2026-08-09 15:45:42
2026-08-13 15:44:44,"cmd: SitFlush: Begin","Aurora-2",2026-08-09 15:44:44
2026-08-13 15:43:49,"cmd: SitFlush: Begin","Aurora-2",2026-08-09 15:43:49
2026-08-13 15:42:47,"cmd: SitFlush: Begin","Aurora-2",2026-08-09 15:42:47
2026-08-13 15:41:48,"cmd: SitFlush: Begin","Aurora-2",2026-08-09 15:41:48
2026-08-13 15:40:29,"cmd: SitFlush: Begin","Aurora-2",2026-08-09 15:40:29
2026-08-13 15:39:07,"cmd: SitFlush: Begin","Aurora-2",2026-08-09 15:39:07
2026-08-13 15:38:12,"cmd: SitFlush: Begin","Aurora-2",2026-08-09 15:38:12
2026-08-13 13:37:39,"cmd: SitFlush: Begin","Aurora-2",2026-08-09 13:37:39
2026-08-13 13:24:05,"cmd: SitFlush: Begin","Aurora-2",2026-08-09 13:24:05
2026-08-13 13:10:25,"cmd: SitFlush: Begin","Aurora-2",2026-08-09 13:10:25
2026-08-13 12:56:41,"cmd: SitFlush: Begin","Aurora-2",2026-08-09 12:56:41
2026-08-13 12:43:03,"cmd: SitFlush: Begin","Aurora-2",2026-08-09 12:43:03
2026-08-13 12:29:28,"cmd: SitFlush: Begin","Aurora-2",2026-08-09 12:29:28
2026-08-13 12:15:58,"cmd: SitFlush: Begin","Aurora-2",2026-08-09 12:15:58
2026-08-13 12:02:27,"cmd: SitFlush: Begin","Aurora-2",2026-08-09 12:02:27
2026-08-13 11:48:49,"cmd: SitFlush: Begin","Aurora-2",2026-08-09 11:48:49
2026-08-13 11:35:18,"cmd: SitFlush: Begin","Aurora-2",2026-08-09 11:35:18
2026-08-13 11:20:54,"cmd: SitFlush: Begin","Aurora-2",2026-08-09 11:20:54
2026-08-13 11:16:15,"cmd: SitFlush: Begin","Aurora-2",2026-08-09 11:16:15
2026-08-13 11:15:49,"cmd: SitFlush: Begin","Aurora-2",2026-08-09 11:15:49
2026-08-13 11:14:11,"cmd: SitFlush: Begin","Aurora-2",2026-08-09 11:14:11
2026-08-13 11:12:58,"cmd: SitFlush: Begin","Aurora-2",2026-08-09 11:12:58
2026-08-13 11:09:31,"cmd: SitFlush: Begin","Aurora-2",2026-08-09 11:09:31
2026-08-13 10:30:28,"cmd: SitFlush: Begin","Aurora-2",2026-08-09 10:30:28
2026-08-13 09:49:59,"cmd: SitFlush: Begin","Aurora-2",2026-08-09 09:49:59
2026-08-13 09:47:39,"cmd: SitFlush: Begin","Aurora-2",2026-08-09 09:47:39
2026-08-13 09:46:55,"cmd: SitFlush: Begin","Aurora-2",2026-08-09 09:46:55
2026-08-13 09:44:04,"cmd: SitFlush: Begin","Aurora-2",2026-08-09 09:44:04
2026-08-13 09:42:49,"cmd: SitFlush: Begin","Aurora-2",2026-08-09 09:42:49
2026-08-13 09:22:00,"cmd: SitFlush: Begin","Aurora-2",2026-08-09 09:22:00
2026-08-13 08:55:21,"cmd: SitFlush: Begin","Aurora-2",2026-08-09 08:55:21
2026-08-12 19:02:14,"cmd: SitFlush: Begin","Aurora-2",2026-08-09 19:02:14
2026-08-12 18:58:39,"cmd: SitFlush: Begin","Aurora-2",2026-08-09 18:58:39
2026-08-12 18:55:29,"cmd: SitFlush: Begin","Aurora-2",2026-08-09 18:55:29
2026-08-12 18:54:06,"cmd: SitFlush: Begin","Aurora-2",2026-08-09 18:54:06
2026-08-12 18:52:15,"cmd: SitFlush: Begin","Aurora-2",2026-08-09 18:52:15
2026-08-12 18:50:53,"cmd: SitFlush: Begin","Aurora-2",2026-08-09 18:50:53
2026-08-12 18:49:46,"cmd: SitFlush: Begin","Aurora-2",2026-08-09 18:49:46
2026-08-12 18:49:05,"cmd: SitFlush: Begin","Aurora-2",2026-08-09 18:49:05
2026-08-12 18:47:01,"cmd: SitFlush: Begin","Aurora-2",2026-08-09 18:47:01
2026-08-12 18:43:07,"cmd: SitFlush: Begin","Aurora-2",2026-08-09 18:43:07
2026-08-12 18:40:11,"cmd: SitFlush: Begin","Aurora-2",2026-08-09 18:40:11
2026-08-12 18:37:00,"cmd: SitFlush: Begin","Aurora-2",2026-08-09 18:37:00
2026-08-12 18:33:18,"cmd: SitFlush: Begin","Aurora-2",2026-08-09 18:33:18
2026-08-12 18:30:01,"cmd: SitFlush: Begin","Aurora-2",2026-08-09 18:30:01
2026-08-12 18:26:21,"cmd: SitFlush: Begin","Aurora-2",2026-08-09 18:26:21
2026-08-12 17:26:30,"cmd: SitFlush: Begin","Aurora-2",2026-08-09 17:26:30
2026-08-12 17:24:21,"cmd: SitFlush: Begin","Aurora-2",2026-08-09 17:24:21
2026-08-12 17:21:36,"cmd: SitFlush: Begin","Aurora-2",2026-08-09 17:21:36
2026-08-12 17:18:37,"cmd: SitFlush: Begin","Aurora-2",2026-08-09 17:18:37
2026-08-12 17:15:52,"cmd: SitFlush: Begin","Aurora-2",2026-08-09 17:15:52
2026-08-12 17:15:42,"cmd: SitFlush: Begin","Aurora-2",2026-08-09 17:15:42
2026-08-12 17:12:20,"cmd: SitFlush: Begin","Aurora-2",2026-08-09 17:12:20
2026-08-12 17:08:29,"cmd: SitFlush: Begin","Aurora-2",2026-08-09 17:08:29
2026-08-12 17:05:41,"cmd: SitFlush: Begin","Aurora-2",2026-08-09 17:05:41
2026-08-12 17:05:31,"cmd: SitFlush: Begin","Aurora-2",2026-08-09 17:05:31
2026-08-12 17:05:17,"cmd: SitFlush: Begin","Aurora-2",2026-08-09 17:05:17
2026-08-12 17:02:43,"cmd: SitFlush: Begin","Aurora-2",2026-08-09 17:02:43
2026-08-12 16:59:13,"cmd: SitFlush: Begin","Aurora-2",2026-08-09 16:59:13
2026-08-12 16:59:03,"cmd: SitFlush: Begin","Aurora-2",2026-08-09 16:59:03
2026-08-12 16:58:52,"cmd: SitFlush: Begin","Aurora-2",2026-08-09 16:58:52
2026-08-12 16:55:26,"cmd: SitFlush: Begin","Aurora-2",2026-08-09 16:55:26
2026-08-12 16:55:15,"cmd: SitFlush: Begin","Aurora-2",2026-08-09 16:55:15
2026-08-12 16:51:56,"cmd: SitFlush: Begin","Aurora-2",2026-08-09 16:51:56
2026-08-12 16:51:47,"cmd: SitFlush: Begin","Aurora-2",2026-08-09 16:51:47
2026-08-12 16:42:40,"cmd: SitFlush: Begin","Aurora-2",2026-08-09 16:42:40
2026-08-12 16:33:02,"cmd: SitFlush: Begin","Aurora-2",2026-08-09 16:33:02
2026-08-12 16:31:58,"cmd: SitFlush: Begin","Aurora-2",2026-08-09 16:31:58
2026-08-12 16:31:19,"cmd: SitFlush: Begin","Aurora-2",2026-08-09 16:31:19
2026-08-12 16:30:40,"cmd: SitFlush: Begin","Aurora-2",2026-08-09 16:30:40
2026-08-12 16:30:03,"cmd: SitFlush: Begin","Aurora-2",2026-08-09 16:30:03
2026-08-12 16:29:17,"cmd: SitFlush: Begin","Aurora-2",2026-08-09 16:29:17
2026-08-12 16:28:29,"cmd: SitFlush: Begin","Aurora-2",2026-08-09 16:28:29
2026-08-12 16:27:52,"cmd: SitFlush: Begin","Aurora-2",2026-08-09 16:27:52
2026-08-12 16:27:14,"cmd: SitFlush: Begin","Aurora-2",2026-08-09 16:27:14
2026-08-12 16:26:33,"cmd: SitFlush: Begin","Aurora-2",2026-08-09 16:26:33
2026-08-12 16:25:52,"cmd: SitFlush: Begin","Aurora-2",2026-08-09 16:25:52
2026-08-12 16:25:09,"cmd: SitFlush: Begin","Aurora-2",2026-08-09 16:25:09
2026-08-12 16:24:30,"cmd: SitFlush: Begin","Aurora-2",2026-08-09 16:24:30
2026-08-12 16:23:53,"cmd: SitFlush: Begin","Aurora-2",2026-08-09 16:23:53
2026-08-12 16:23:11,"cmd: SitFlush: Begin","Aurora-2",2026-08-09 16:23:11
2026-08-12 16:21:16,"cmd: SitFlush: Begin","Aurora-2",2026-08-09 16:21:16
2026-08-12 16:19:52,"cmd: SitFlush: Begin","Aurora-2",2026-08-09 16:19:52
2026-08-12 13:14:40,"cmd: SitFlush: Begin","Aurora-2",2026-08-09 13:14:40
2026-08-12 13:14:15,"cmd: SitFlush: Begin","Aurora-2",2026-08-09 13:14:15
2026-08-12 13:13:49,"cmd: SitFlush: Begin","Aurora-2",2026-08-09 13:13:49
2026-08-12 13:13:24,"cmd: SitFlush: Begin","Aurora-2",2026-08-09 13:13:24
2026-08-12 13:12:21,"cmd: SitFlush: Begin","Aurora-2",2026-08-09 13:12:21
2026-08-12 13:11:58,"cmd: SitFlush: Begin","Aurora-2",2026-08-09 13:11:58
2026-08-12 13:11:28,"cmd: SitFlush: Begin","Aurora-2",2026-08-09 13:11:28
2026-08-12 12:02:31,"cmd: SitFlush: Begin","Aurora-2",2026-08-09 12:02:31
2026-08-12 12:01:40,"cmd: SitFlush: Begin","Aurora-2",2026-08-09 12:01:40
2026-08-12 12:01:21,"cmd: SitFlush: Begin","Aurora-2",2026-08-09 12:01:21
2026-08-12 12:01:04,"cmd: SitFlush: Begin","Aurora-2",2026-08-09 12:01:04
2026-08-12 11:58:22,"cmd: SitFlush: Begin","Aurora-2",2026-08-09 11:58:22
2026-08-12 11:57:37,"cmd: SitFlush: Begin","Aurora-2",2026-08-09 11:57:37
2026-08-12 11:57:24,"cmd: SitFlush: Begin","Aurora-2",2026-08-09 11:57:24
2026-08-12 11:06:00,"cmd: SitFlush: Begin","Aurora-2",2026-08-09 11:06:00
2026-08-12 10:21:06,"cmd: SitFlush: Begin","Aurora-2",2026-08-09 10:21:06
2026-08-12 10:13:31,"cmd: SitFlush: Begin","Aurora-2",2026-08-09 10:13:31
2026-08-12 10:11:36,"cmd: SitFlush: Begin","Aurora-2",2026-08-09 10:11:36
2026-08-12 10:10:21,"cmd: SitFlush: Begin","Aurora-2",2026-08-09 10:10:21
2026-08-12 10:08:22,"cmd: SitFlush: Begin","Aurora-2",2026-08-09 10:08:22
2026-08-12 10:06:04,"cmd: SitFlush: Begin","Aurora-2",2026-08-09 10:06:04
2026-08-12 10:03:43,"cmd: SitFlush: Begin","Aurora-2",2026-08-09 10:03:43
2026-08-12 10:01:59,"cmd: SitFlush: Begin","Aurora-2",2026-08-09 10:01:59
2026-08-12 09:59:39,"cmd: SitFlush: Begin","Aurora-2",2026-08-09 09:59:39
2026-08-12 09:58:01,"cmd: SitFlush: Begin","Aurora-2",2026-08-09 09:58:01
2026-08-12 09:56:20,"cmd: SitFlush: Begin","Aurora-2",2026-08-09 09:56:20
2026-08-12 09:54:39,"cmd: SitFlush: Begin","Aurora-2",2026-08-09 09:54:39
2026-08-12 09:53:04,"cmd: SitFlush: Begin","Aurora-2",2026-08-09 09:53:04
2026-08-12 09:50:24,"cmd: SitFlush: Begin","Aurora-2",2026-08-09 09:50:24
2026-08-12 09:47:47,"cmd: SitFlush: Begin","Aurora-2",2026-08-09 09:47:47
2026-08-12 09:45:47,"cmd: SitFlush: Begin","Aurora-2",2026-08-09 09:45:47
2026-08-12 09:43:49,"cmd: SitFlush: Begin","Aurora-2",2026-08-09 09:43:49
2026-08-12 09:41:47,"cmd: SitFlush: Begin","Aurora-2",2026-08-09 09:41:47
2026-08-12 09:39:51,"cmd: SitFlush: Begin","Aurora-2",2026-08-09 09:39:51
2026-08-12 09:37:34,"cmd: SitFlush: Begin","Aurora-2",2026-08-09 09:37:34
2026-08-12 09:36:11,"cmd: SitFlush: Begin","Aurora-2",2026-08-09 09:36:11
2026-08-12 09:34:06,"cmd: SitFlush: Begin","Aurora-2",2026-08-09 09:34:06
2026-08-12 09:32:15,"cmd: SitFlush: Begin","Aurora-2",2026-08-09 09:32:15
2026-08-12 09:30:28,"cmd: SitFlush: Begin","Aurora-2",2026-08-09 09:30:28
2026-08-12 09:28:18,"cmd: SitFlush: Begin","Aurora-2",2026-08-09 09:28:18
2026-08-12 09:25:41,"cmd: SitFlush: Begin","Aurora-2",2026-08-09 09:25:41
2026-08-12 09:14:49,"cmd: SitFlush: Begin","Aurora-2",2026-08-09 09:14:49
2026-08-12 09:11:30,"cmd: SitFlush: Begin","Aurora-2",2026-08-09 09:11:30
2026-08-12 09:10:32,"cmd: SitFlush: Begin","Aurora-2",2026-08-09 09:10:32
2026-08-12 09:09:41,"cmd: SitFlush: Begin","Aurora-2",2026-08-09 09:09:41
2026-08-12 08:22:25,"cmd: SitFlush: Begin","Aurora-2",2026-08-09 08:22:25
2026-08-12 08:17:33,"cmd: SitFlush: Begin","Aurora-2",2026-08-09 08:17:33
2026-08-11 22:45:44,"cmd: SitFlush: Begin","Aurora-2",2026-08-09 22:45:44
2026-08-11 22:36:36,"cmd: SitFlush: Begin","Aurora-2",2026-08-09 22:36:36
2026-08-11 22:34:45,"cmd: SitFlush: Begin","Aurora-2",2026-08-09 22:34:45
2026-08-11 22:33:02,"cmd: SitFlush: Begin","Aurora-2",2026-08-09 22:33:02
2026-08-11 22:31:08,"cmd: SitFlush: Begin","Aurora-2",2026-08-09 22:31:08
2026-08-11 22:29:03,"cmd: SitFlush: Begin","Aurora-2",2026-08-09 22:29:03
2026-08-11 22:27:09,"cmd: SitFlush: Begin","Aurora-2",2026-08-09 22:27:09
2026-08-11 22:25:06,"cmd: SitFlush: Begin","Aurora-2",2026-08-09 22:25:06
2026-08-11 22:21:59,"cmd: SitFlush: Begin","Aurora-2",2026-08-09 22:21:59
2026-08-11 22:19:08,"cmd: SitFlush: Begin","Aurora-2",2026-08-09 22:19:08
2026-08-11 22:16:30,"cmd: SitFlush: Begin","Aurora-2",2026-08-09 22:16:30
2026-08-11 22:13:25,"cmd: SitFlush: Begin","Aurora-2",2026-08-09 22:13:25
2026-08-11 22:10:02,"cmd: SitFlush: Begin","Aurora-2",2026-08-09 22:10:02
2026-08-11 21:58:40,"cmd: SitFlush: Begin","Aurora-2",2026-08-09 21:58:40
2026-08-11 21:55:33,"cmd: SitFlush: Begin","Aurora-2",2026-08-09 21:55:33
2026-08-11 21:52:14,"cmd: SitFlush: Begin","Aurora-2",2026-08-09 21:52:14
2026-08-11 21:49:00,"cmd: SitFlush: Begin","Aurora-2",2026-08-09 21:49:00
2026-08-11 21:45:58,"cmd: SitFlush: Begin","Aurora-2",2026-08-09 21:45:58
2026-08-11 21:42:28,"cmd: SitFlush: Begin","Aurora-2",2026-08-09 21:42:28
2026-08-11 21:33:45,"cmd: SitFlush: Begin","Aurora-2",2026-08-09 21:33:45
2026-08-11 21:30:51,"cmd: SitFlush: Begin","Aurora-2",2026-08-09 21:30:51
2026-08-11 21:28:44,"cmd: SitFlush: Begin","Aurora-2",2026-08-09 21:28:44
2026-08-11 21:26:50,"cmd: SitFlush: Begin","Aurora-2",2026-08-09 21:26:50
2026-08-11 21:24:53,"cmd: SitFlush: Begin","Aurora-2",2026-08-09 21:24:53
2026-08-11 21:23:05,"cmd: SitFlush: Begin","Aurora-2",2026-08-09 21:23:05
2026-08-11 21:20:10,"cmd: SitFlush: Begin","Aurora-2",2026-08-09 21:20:10
2026-08-11 21:17:56,"cmd: SitFlush: Begin","Aurora-2",2026-08-09 21:17:56
2026-08-11 21:15:44,"cmd: SitFlush: Begin","Aurora-2",2026-08-09 21:15:44
2026-08-11 21:13:18,"cmd: SitFlush: Begin","Aurora-2",2026-08-09 21:13:18
2026-08-11 21:11:18,"cmd: SitFlush: Begin","Aurora-2",2026-08-09 21:11:18
2026-08-11 21:09:22,"cmd: SitFlush: Begin","Aurora-2",2026-08-09 21:09:22
2026-08-11 21:07:16,"cmd: SitFlush: Begin","Aurora-2",2026-08-09 21:07:16
2026-08-11 21:05:15,"cmd: SitFlush: Begin","Aurora-2",2026-08-09 21:05:15
2026-08-11 21:03:12,"cmd: SitFlush: Begin","Aurora-2",2026-08-09 21:03:12
2026-08-11 21:01:08,"cmd: SitFlush: Begin","Aurora-2",2026-08-09 21:01:08
2026-08-11 20:58:06,"cmd: SitFlush: Begin","Aurora-2",2026-08-09 20:58:06
2026-08-11 20:54:45,"cmd: SitFlush: Begin","Aurora-2",2026-08-09 20:54:45
2026-08-11 20:51:23,"cmd: SitFlush: Begin","Aurora-2",2026-08-09 20:51:23
2026-08-11 20:48:35,"cmd: SitFlush: Begin","Aurora-2",2026-08-09 20:48:35
2026-08-11 20:45:09,"cmd: SitFlush: Begin","Aurora-2",2026-08-09 20:45:09
2026-08-11 20:41:44,"cmd: SitFlush: Begin","Aurora-2",2026-08-09 20:41:44
2026-08-11 20:39:11,"cmd: SitFlush: Begin","Aurora-2",2026-08-09 20:39:11
2026-08-11 20:35:40,"cmd: SitFlush: Begin","Aurora-2",2026-08-09 20:35:40
2026-08-11 20:32:27,"cmd: SitFlush: Begin","Aurora-2",2026-08-09 20:32:27
2026-08-11 20:29:20,"cmd: SitFlush: Begin","Aurora-2",2026-08-09 20:29:20
2026-08-11 20:17:35,"cmd: SitFlush: Begin","Aurora-2",2026-08-09 20:17:35
2026-08-11 20:14:25,"cmd: SitFlush: Begin","Aurora-2",2026-08-09 20:14:25
2026-08-11 20:11:20,"cmd: SitFlush: Begin","Aurora-2",2026-08-09 20:11:20
2026-08-11 20:08:25,"cmd: SitFlush: Begin","Aurora-2",2026-08-09 20:08:25
2026-08-11 20:05:11,"cmd: SitFlush: Begin","Aurora-2",2026-08-09 20:05:11
2026-08-11 19:54:26,"cmd: SitFlush: Begin","Aurora-2",2026-08-09 19:54:26
2026-08-11 19:51:18,"cmd: SitFlush: Begin","Aurora-2",2026-08-09 19:51:18
2026-08-11 19:44:10,"cmd: SitFlush: Begin","Aurora-2",2026-08-09 19:44:10
2026-08-11 19:37:18,"cmd: SitFlush: Begin","Aurora-2",2026-08-09 19:37:18
2026-08-11 19:32:36,"cmd: SitFlush: Begin","Aurora-2",2026-08-09 19:32:36
2026-08-11 19:30:02,"cmd: SitFlush: Begin","Aurora-2",2026-08-09 19:30:02
2026-08-11 19:29:13,"cmd: SitFlush: Begin","Aurora-2",2026-08-09 19:29:13
2026-08-11 19:25:40,"cmd: SitFlush: Begin","Aurora-2",2026-08-09 19:25:40
2026-08-11 19:19:35,"cmd: SitFlush: Begin","Aurora-2",2026-08-09 19:19:35
2026-08-11 19:16:53,"cmd: SitFlush: Begin","Aurora-2",2026-08-09 19:16:53
2026-08-11 19:07:27,"cmd: SitFlush: Begin","Aurora-2",2026-08-09 19:07:27
2026-08-11 19:04:23,"cmd: SitFlush: Begin","Aurora-2",2026-08-09 19:04:23
2026-08-11 18:56:54,"cmd: SitFlush: Begin","Aurora-2",2026-08-09 18:56:54
2026-08-11 18:46:59,"cmd: SitFlush: Begin","Aurora-2",2026-08-09 18:46:59
2026-08-11 18:35:39,"cmd: SitFlush: Begin","Aurora-2",2026-08-09 18:35:39
2026-08-11 18:30:36,"cmd: SitFlush: Begin","Aurora-2",2026-08-09 18:30:36
2026-08-11 18:19:38,"cmd: SitFlush: Begin","Aurora-2",2026-08-09 18:19:38
2026-08-11 18:07:59,"cmd: SitFlush: Begin","Aurora-2",2026-08-09 18:07:59
2026-08-11 17:58:25,"cmd: SitFlush: Begin","Aurora-2",2026-08-09 17:58:25
2026-08-11 17:44:23,"cmd: SitFlush: Begin","Aurora-2",2026-08-09 17:44:23
2026-08-11 17:43:16,"cmd: SitFlush: Begin","Aurora-2",2026-08-09 17:43:16
2026-08-11 17:42:00,"cmd: SitFlush: Begin","Aurora-2",2026-08-09 17:42:00
2026-08-11 17:39:53,"cmd: SitFlush: Begin","Aurora-2",2026-08-09 17:39:53
2026-08-11 17:32:56,"cmd: SitFlush: Begin","Aurora-2",2026-08-09 17:32:56
2026-08-11 17:27:51,"cmd: SitFlush: Begin","Aurora-2",2026-08-09 17:27:51
2026-08-11 17:27:03,"cmd: SitFlush: Begin","Aurora-2",2026-08-09 17:27:03
2026-08-11 17:26:29,"cmd: SitFlush: Begin","Aurora-2",2026-08-09 17:26:29
2026-08-11 17:25:48,"cmd: SitFlush: Begin","Aurora-2",2026-08-09 17:25:48
2026-08-11 17:24:47,"cmd: SitFlush: Begin","Aurora-2",2026-08-09 17:24:47
2026-08-11 17:23:29,"cmd: SitFlush: Begin","Aurora-2",2026-08-09 17:23:29
2026-08-11 17:22:37,"cmd: SitFlush: Begin","Aurora-2",2026-08-09 17:22:37
2026-08-11 17:22:00,"cmd: SitFlush: Begin","Aurora-2",2026-08-09 17:22:00
2026-08-11 17:21:13,"cmd: SitFlush: Begin","Aurora-2",2026-08-09 17:21:13
2026-08-11 17:20:02,"cmd: SitFlush: Begin","Aurora-2",2026-08-09 17:20:02
2026-08-11 17:18:54,"cmd: SitFlush: Begin","Aurora-2",2026-08-09 17:18:54
2026-08-11 17:18:07,"cmd: SitFlush: Begin","Aurora-2",2026-08-09 17:18:07
2026-08-11 17:17:19,"cmd: SitFlush: Begin","Aurora-2",2026-08-09 17:17:19
2026-08-11 17:16:20,"cmd: SitFlush: Begin","Aurora-2",2026-08-09 17:16:20
2026-08-11 17:14:53,"cmd: SitFlush: Begin","Aurora-2",2026-08-09 17:14:53
2026-08-11 17:14:02,"cmd: SitFlush: Begin","Aurora-2",2026-08-09 17:14:02
2026-08-11 17:13:08,"cmd: SitFlush: Begin","Aurora-2",2026-08-09 17:13:08
2026-08-11 17:12:18,"cmd: SitFlush: Begin","Aurora-2",2026-08-09 17:12:18
2026-08-11 17:10:34,"cmd: SitFlush: Begin","Aurora-2",2026-08-09 17:10:34
2026-08-11 17:08:31,"cmd: SitFlush: Begin","Aurora-2",2026-08-09 17:08:31
2026-08-11 17:07:45,"cmd: SitFlush: Begin","Aurora-2",2026-08-09 17:07:45
2026-08-11 17:06:00,"cmd: SitFlush: Begin","Aurora-2",2026-08-09 17:06:00
2026-08-11 17:00:22,"cmd: SitFlush: Begin","Aurora-2",2026-08-09 17:00:22
2026-08-11 16:59:20,"cmd: SitFlush: Begin","Aurora-2",2026-08-09 16:59:20
2026-08-11 16:58:24,"cmd: SitFlush: Begin","Aurora-2",2026-08-09 16:58:24
2026-08-11 14:56:22,"cmd: SitFlush: Begin","Aurora-2",2026-08-09 14:56:22
2026-08-11 14:55:21,"cmd: SitFlush: Begin","Aurora-2",2026-08-09 14:55:21
2026-08-11 14:54:16,"cmd: SitFlush: Begin","Aurora-2",2026-08-09 14:54:16
2026-08-11 14:53:15,"cmd: SitFlush: Begin","Aurora-2",2026-08-09 14:53:15
2026-08-11 14:52:14,"cmd: SitFlush: Begin","Aurora-2",2026-08-09 14:52:14
2026-08-11 14:50:52,"cmd: SitFlush: Begin","Aurora-2",2026-08-09 14:50:52
2026-08-11 14:49:48,"cmd: SitFlush: Begin","Aurora-2",2026-08-09 14:49:48
2026-08-11 14:45:24,"cmd: SitFlush: Begin","Aurora-2",2026-08-09 14:45:24
2026-08-11 14:36:50,"cmd: SitFlush: Begin","Aurora-2",2026-08-09 14:36:50
2026-08-11 14:33:07,"cmd: SitFlush: Begin","Aurora-2",2026-08-09 14:33:07
2026-08-11 14:32:29,"cmd: SitFlush: Begin","Aurora-2",2026-08-09 14:32:29
2026-08-11 14:31:56,"cmd: SitFlush: Begin","Aurora-2",2026-08-09 14:31:56
2026-08-11 14:31:22,"cmd: SitFlush: Begin","Aurora-2",2026-08-09 14:31:22
2026-08-11 14:30:48,"cmd: SitFlush: Begin","Aurora-2",2026-08-09 14:30:48
2026-08-11 14:30:09,"cmd: SitFlush: Begin","Aurora-2",2026-08-09 14:30:09
2026-08-11 14:29:34,"cmd: SitFlush: Begin","Aurora-2",2026-08-09 14:29:34
2026-08-11 14:28:53,"cmd: SitFlush: Begin","Aurora-2",2026-08-09 14:28:53
2026-08-11 14:28:18,"cmd: SitFlush: Begin","Aurora-2",2026-08-09 14:28:18
2026-08-11 14:27:42,"cmd: SitFlush: Begin","Aurora-2",2026-08-09 14:27:42
2026-08-11 14:27:06,"cmd: SitFlush: Begin","Aurora-2",2026-08-09 14:27:06
2026-08-11 14:26:30,"cmd: SitFlush: Begin","Aurora-2",2026-08-09 14:26:30
2026-08-11 14:25:57,"cmd: SitFlush: Begin","Aurora-2",2026-08-09 14:25:57
2026-08-11 14:25:19,"cmd: SitFlush: Begin","Aurora-2",2026-08-09 14:25:19
2026-08-11 12:14:10,"cmd: SitFlush: Begin","Aurora-2",2026-08-09 12:14:10
2026-08-11 12:12:07,"cmd: SitFlush: Begin","Aurora-2",2026-08-09 12:12:07
2026-08-11 12:10:01,"cmd: SitFlush: Begin","Aurora-2",2026-08-09 12:10:01
2026-08-11 12:07:58,"cmd: SitFlush: Begin","Aurora-2",2026-08-09 12:07:58
2026-08-11 12:05:51,"cmd: SitFlush: Begin","Aurora-2",2026-08-09 12:05:51
2026-08-11 12:03:49,"cmd: SitFlush: Begin","Aurora-2",2026-08-09 12:03:49
2026-08-11 12:02:12,"cmd: SitFlush: Begin","Aurora-2",2026-08-09 12:02:12
2026-08-11 12:00:09,"cmd: SitFlush: Begin","Aurora-2",2026-08-09 12:00:09
2026-08-11 11:58:02,"cmd: SitFlush: Begin","Aurora-2",2026-08-09 11:58:02
2026-08-11 11:55:48,"cmd: SitFlush: Begin","Aurora-2",2026-08-09 11:55:48
2026-08-11 11:53:41,"cmd: SitFlush: Begin","Aurora-2",2026-08-09 11:53:41
2026-08-11 11:51:39,"cmd: SitFlush: Begin","Aurora-2",2026-08-09 11:51:39
2026-08-11 11:49:31,"cmd: SitFlush: Begin","Aurora-2",2026-08-09 11:49:31
2026-08-11 11:47:31,"cmd: SitFlush: Begin","Aurora-2",2026-08-09 11:47:31
2026-08-11 11:44:31,"cmd: SitFlush: Begin","Aurora-2",2026-08-09 11:44:31
2026-08-11 11:42:21,"cmd: SitFlush: Begin","Aurora-2",2026-08-09 11:42:21
2026-08-11 11:40:05,"cmd: SitFlush: Begin","Aurora-2",2026-08-09 11:40:05
2026-08-11 11:37:56,"cmd: SitFlush: Begin","Aurora-2",2026-08-09 11:37:56
2026-08-11 11:35:38,"cmd: SitFlush: Begin","Aurora-2",2026-08-09 11:35:38
2026-08-11 11:33:25,"cmd: SitFlush: Begin","Aurora-2",2026-08-09 11:33:25
2026-08-11 11:31:16,"cmd: SitFlush: Begin","Aurora-2",2026-08-09 11:31:16
2026-08-11 11:29:35,"cmd: SitFlush: Begin","Aurora-2",2026-08-09 11:29:35
2026-08-11 11:27:18,"cmd: SitFlush: Begin","Aurora-2",2026-08-09 11:27:18
2026-08-11 11:25:05,"cmd: SitFlush: Begin","Aurora-2",2026-08-09 11:25:05
2026-08-11 11:22:21,"cmd: SitFlush: Begin","Aurora-2",2026-08-09 11:22:21
2026-08-11 11:20:16,"cmd: SitFlush: Begin","Aurora-2",2026-08-09 11:20:16
2026-08-11 11:17:55,"cmd: SitFlush: Begin","Aurora-2",2026-08-09 11:17:55
2026-08-11 11:15:32,"cmd: SitFlush: Begin","Aurora-2",2026-08-09 11:15:32
2026-08-11 11:13:04,"cmd: SitFlush: Begin","Aurora-2",2026-08-09 11:13:04
2026-08-11 11:10:41,"cmd: SitFlush: Begin","Aurora-2",2026-08-09 11:10:41
2026-08-11 11:08:15,"cmd: SitFlush: Begin","Aurora-2",2026-08-09 11:08:15
2026-08-11 11:06:10,"cmd: SitFlush: Begin","Aurora-2",2026-08-09 11:06:10
2026-08-11 11:03:42,"cmd: SitFlush: Begin","Aurora-2",2026-08-09 11:03:42
2026-08-11 11:01:19,"cmd: SitFlush: Begin","Aurora-2",2026-08-09 11:01:19
2026-08-11 10:56:33,"cmd: SitFlush: Begin","Aurora-2",2026-08-09 10:56:33
2026-08-11 10:53:59,"cmd: SitFlush: Begin","Aurora-2",2026-08-09 10:53:59
2026-08-11 10:46:39,"cmd: SitFlush: Begin","Aurora-2",2026-08-09 10:46:39
2026-08-11 10:45:01,"cmd: SitFlush: Begin","Aurora-2",2026-08-09 10:45:01
2026-08-11 10:41:19,"cmd: SitFlush: Begin","Aurora-2",2026-08-09 10:41:19
2026-08-11 09:08:49,"cmd: SitFlush: Begin","Aurora-2",2026-08-09 09:08:49
2026-08-11 09:06:07,"cmd: SitFlush: Begin","Aurora-2",2026-08-09 09:06:07
2026-08-11 08:48:18,"cmd: SitFlush: Begin","Aurora-2",2026-08-09 08:48:18
2026-08-10 19:54:08,"cmd: SitFlush: Begin","Aurora-2",2026-08-09 19:54:08
2026-08-10 19:52:37,"cmd: SitFlush: Begin","Aurora-2",2026-08-09 19:52:37
2026-08-10 19:50:38,"cmd: SitFlush: Begin","Aurora-2",2026-08-09 19:50:38
2026-08-10 19:49:14,"cmd: SitFlush: Begin","Aurora-2",2026-08-09 19:49:14
2026-08-10 19:47:38,"cmd: SitFlush: Begin","Aurora-2",2026-08-09 19:47:38
2026-08-10 19:45:12,"cmd: SitFlush: Begin","Aurora-2",2026-08-09 19:45:12
2026-08-10 19:43:48,"cmd: SitFlush: Begin","Aurora-2",2026-08-09 19:43:48
2026-08-10 19:42:31,"cmd: SitFlush: Begin","Aurora-2",2026-08-09 19:42:31
2026-08-10 19:39:59,"cmd: SitFlush: Begin","Aurora-2",2026-08-09 19:39:59
2026-08-10 19:38:29,"cmd: SitFlush: Begin","Aurora-2",2026-08-09 19:38:29
2026-08-10 19:36:29,"cmd: SitFlush: Begin","Aurora-2",2026-08-09 19:36:29
2026-08-10 19:34:19,"cmd: SitFlush: Begin","Aurora-2",2026-08-09 19:34:19
2026-08-10 19:31:54,"cmd: SitFlush: Begin","Aurora-2",2026-08-09 19:31:54
2026-08-10 19:27:58,"cmd: SitFlush: Begin","Aurora-2",2026-08-09 19:27:58
2026-08-10 19:27:04,"cmd: SitFlush: Begin","Aurora-2",2026-08-09 19:27:04
2026-08-10 19:04:17,"cmd: SitFlush: Begin","Aurora-2",2026-08-09 19:04:17
2026-08-10 19:02:08,"cmd: SitFlush: Begin","Aurora-2",2026-08-09 19:02:08
2026-08-10 18:58:56,"cmd: SitFlush: Begin","Aurora-2",2026-08-09 18:58:56
2026-08-10 18:55:57,"cmd: SitFlush: Begin","Aurora-2",2026-08-09 18:55:57
2026-08-10 18:47:41,"cmd: SitFlush: Begin","Aurora-2",2026-08-09 18:47:41
2026-08-10 18:33:57,"cmd: SitFlush: Begin","Aurora-2",2026-08-09 18:33:57
2026-08-10 18:13:30,"cmd: SitFlush: Begin","Aurora-2",2026-08-09 18:13:30
2026-08-10 17:58:32,"cmd: SitFlush: Begin","Aurora-2",2026-08-09 17:58:32
2026-08-10 17:57:49,"cmd: SitFlush: Begin","Aurora-2",2026-08-09 17:57:49
2026-08-10 17:57:09,"cmd: SitFlush: Begin","Aurora-2",2026-08-09 17:57:09
2026-08-10 17:56:28,"cmd: SitFlush: Begin","Aurora-2",2026-08-09 17:56:28
2026-08-10 17:55:48,"cmd: SitFlush: Begin","Aurora-2",2026-08-09 17:55:48
2026-08-10 17:55:02,"cmd: SitFlush: Begin","Aurora-2",2026-08-09 17:55:02
2026-08-10 17:54:15,"cmd: SitFlush: Begin","Aurora-2",2026-08-09 17:54:15
2026-08-10 17:53:34,"cmd: SitFlush: Begin","Aurora-2",2026-08-09 17:53:34
2026-08-10 17:52:51,"cmd: SitFlush: Begin","Aurora-2",2026-08-09 17:52:51
2026-08-10 17:52:12,"cmd: SitFlush: Begin","Aurora-2",2026-08-09 17:52:12
2026-08-10 17:51:23,"cmd: SitFlush: Begin","Aurora-2",2026-08-09 17:51:23
2026-08-10 17:50:36,"cmd: SitFlush: Begin","Aurora-2",2026-08-09 17:50:36
2026-08-10 17:49:48,"cmd: SitFlush: Begin","Aurora-2",2026-08-09 17:49:48
2026-08-10 17:49:11,"cmd: SitFlush: Begin","Aurora-2",2026-08-09 17:49:11
2026-08-10 17:48:31,"cmd: SitFlush: Begin","Aurora-2",2026-08-09 17:48:31
2026-08-10 17:47:55,"cmd: SitFlush: Begin","Aurora-2",2026-08-09 17:47:55
2026-08-10 17:47:16,"cmd: SitFlush: Begin","Aurora-2",2026-08-09 17:47:16
2026-08-10 17:46:34,"cmd: SitFlush: Begin","Aurora-2",2026-08-09 17:46:34
2026-08-10 17:45:49,"cmd: SitFlush: Begin","Aurora-2",2026-08-09 17:45:49
2026-08-10 17:44:20,"cmd: SitFlush: Begin","Aurora-2",2026-08-09 17:44:20
2026-08-10 17:43:05,"cmd: SitFlush: Begin","Aurora-2",2026-08-09 17:43:05
2026-08-10 17:42:11,"cmd: SitFlush: Begin","Aurora-2",2026-08-09 17:42:11
2026-08-10 17:41:22,"cmd: SitFlush: Begin","Aurora-2",2026-08-09 17:41:22
2026-08-10 17:30:41,"cmd: SitFlush: Begin","Aurora-2",2026-08-09 17:30:41
2026-08-10 17:29:02,"cmd: SitFlush: Begin","Aurora-2",2026-08-09 17:29:02
2026-08-10 17:27:58,"cmd: SitFlush: Begin","Aurora-2",2026-08-09 17:27:58
2026-08-10 17:27:03,"cmd: SitFlush: Begin","Aurora-2",2026-08-09 17:27:03
2026-08-10 16:50:35,"cmd: SitFlush: Begin","Aurora-2",2026-08-09 16:50:35
2026-08-10 16:50:10,"cmd: SitFlush: Begin","Aurora-2",2026-08-09 16:50:10
2026-08-10 16:49:45,"cmd: SitFlush: Begin","Aurora-2",2026-08-09 16:49:45
2026-08-10 16:49:19,"cmd: SitFlush: Begin","Aurora-2",2026-08-09 16:49:19
2026-08-10 16:48:54,"cmd: SitFlush: Begin","Aurora-2",2026-08-09 16:48:54
2026-08-10 16:48:29,"cmd: SitFlush: Begin","Aurora-2",2026-08-09 16:48:29
2026-08-10 16:48:04,"cmd: SitFlush: Begin","Aurora-2",2026-08-09 16:48:04
2026-08-10 16:47:40,"cmd: SitFlush: Begin","Aurora-2",2026-08-09 16:47:40
2026-08-10 16:47:10,"cmd: SitFlush: Begin","Aurora-2",2026-08-09 16:47:10
2026-08-10 16:46:45,"cmd: SitFlush: Begin","Aurora-2",2026-08-09 16:46:45
2026-08-10 16:46:21,"cmd: SitFlush: Begin","Aurora-2",2026-08-09 16:46:21
2026-08-10 16:45:54,"cmd: SitFlush: Begin","Aurora-2",2026-08-09 16:45:54
2026-08-10 16:45:29,"cmd: SitFlush: Begin","Aurora-2",2026-08-09 16:45:29
2026-08-10 16:45:05,"cmd: SitFlush: Begin","Aurora-2",2026-08-09 16:45:05
2026-08-10 16:44:40,"cmd: SitFlush: Begin","Aurora-2",2026-08-09 16:44:40
2026-08-10 16:43:04,"cmd: SitFlush: Begin","Aurora-2",2026-08-09 16:43:04
2026-08-10 16:40:37,"cmd: SitFlush: Begin","Aurora-2",2026-08-09 16:40:37
2026-08-10 16:39:18,"cmd: SitFlush: Begin","Aurora-2",2026-08-09 16:39:18
2026-08-10 16:38:01,"cmd: SitFlush: Begin","Aurora-2",2026-08-09 16:38:01
2026-08-10 16:36:45,"cmd: SitFlush: Begin","Aurora-2",2026-08-09 16:36:45
2026-08-10 16:35:34,"cmd: SitFlush: Begin","Aurora-2",2026-08-09 16:35:34
2026-08-10 16:34:23,"cmd: SitFlush: Begin","Aurora-2",2026-08-09 16:34:23
2026-08-10 16:33:13,"cmd: SitFlush: Begin","Aurora-2",2026-08-09 16:33:13
2026-08-10 16:32:09,"cmd: SitFlush: Begin","Aurora-2",2026-08-09 16:32:09
2026-08-10 16:31:39,"cmd: SitFlush: Begin","Aurora-2",2026-08-09 16:31:39
2026-08-10 16:31:10,"cmd: SitFlush: Begin","Aurora-2",2026-08-09 16:31:10
2026-08-10 16:30:41,"cmd: SitFlush: Begin","Aurora-2",2026-08-09 16:30:41
2026-08-10 16:30:11,"cmd: SitFlush: Begin","Aurora-2",2026-08-09 16:30:11
2026-08-10 16:29:41,"cmd: SitFlush: Begin","Aurora-2",2026-08-09 16:29:41
2026-08-10 16:29:11,"cmd: SitFlush: Begin","Aurora-2",2026-08-09 16:29:11
2026-08-10 16:28:42,"cmd: SitFlush: Begin","Aurora-2",2026-08-09 16:28:42
2026-08-10 16:27:10,"cmd: SitFlush: Begin","Aurora-2",2026-08-09 16:27:10
2026-08-10 16:26:33,"cmd: SitFlush: Begin","Aurora-2",2026-08-09 16:26:33
2026-08-10 16:26:01,"cmd: SitFlush: Begin","Aurora-2",2026-08-09 16:26:01
2026-08-10 16:25:28,"cmd: SitFlush: Begin","Aurora-2",2026-08-09 16:25:28
2026-08-10 16:24:54,"cmd: SitFlush: Begin","Aurora-2",2026-08-09 16:24:54
2026-08-10 16:24:17,"cmd: SitFlush: Begin","Aurora-2",2026-08-09 16:24:17
2026-08-10 16:23:48,"cmd: SitFlush: Begin","Aurora-2",2026-08-09 16:23:48
2026-08-10 16:23:16,"cmd: SitFlush: Begin","Aurora-2",2026-08-09 16:23:16
2026-08-10 16:22:48,"cmd: SitFlush: Begin","Aurora-2",2026-08-09 16:22:48
2026-08-10 16:21:58,"cmd: SitFlush: Begin","Aurora-2",2026-08-09 16:21:58
2026-08-10 16:21:24,"cmd: SitFlush: Begin","Aurora-2",2026-08-09 16:21:24
2026-08-10 16:17:29,"cmd: SitFlush: Begin","Aurora-2",2026-08-09 16:17:29
2026-08-10 16:16:34,"cmd: SitFlush: Begin","Aurora-2",2026-08-09 16:16:34
2026-08-10 16:15:42,"cmd: SitFlush: Begin","Aurora-2",2026-08-09 16:15:42
2026-08-10 16:14:25,"cmd: SitFlush: Begin","Aurora-2",2026-08-09 16:14:25
2026-08-10 16:13:39,"cmd: SitFlush: Begin","Aurora-2",2026-08-09 16:13:39
2026-08-10 16:13:10,"cmd: SitFlush: Begin","Aurora-2",2026-08-09 16:13:10
2026-08-10 16:12:20,"cmd: SitFlush: Begin","Aurora-2",2026-08-09 16:12:20
2026-08-10 16:11:31,"cmd: SitFlush: Begin","Aurora-2",2026-08-09 16:11:31
2026-08-10 16:10:40,"cmd: SitFlush: Begin","Aurora-2",2026-08-09 16:10:40
2026-08-10 16:10:04,"cmd: SitFlush: Begin","Aurora-2",2026-08-09 16:10:04
2026-08-10 16:08:45,"cmd: SitFlush: Begin","Aurora-2",2026-08-09 16:08:45
2026-08-10 16:08:17,"cmd: SitFlush: Begin","Aurora-2",2026-08-09 16:08:17
2026-08-10 16:07:47,"cmd: SitFlush: Begin","Aurora-2",2026-08-09 16:07:47
2026-08-10 16:07:13,"cmd: SitFlush: Begin","Aurora-2",2026-08-09 16:07:13
2026-08-10 16:06:41,"cmd: SitFlush: Begin","Aurora-2",2026-08-09 16:06:41
2026-08-10 16:06:12,"cmd: SitFlush: Begin","Aurora-2",2026-08-09 16:06:12
2026-08-10 16:05:42,"cmd: SitFlush: Begin","Aurora-2",2026-08-09 16:05:42
2026-08-10 16:03:55,"cmd: SitFlush: Begin","Aurora-2",2026-08-09 16:03:55
2026-08-10 16:02:59,"cmd: SitFlush: Begin","Aurora-2",2026-08-09 16:02:59
2026-08-10 12:12:10,"cmd: SitFlush: Begin","Aurora-2",2026-08-09 12:12:10
2026-08-10 12:11:33,"cmd: SitFlush: Begin","Aurora-2",2026-08-09 12:11:33
2026-08-10 12:10:51,"cmd: SitFlush: Begin","Aurora-2",2026-08-09 12:10:51
2026-08-10 12:10:13,"cmd: SitFlush: Begin","Aurora-2",2026-08-09 12:10:13
2026-08-10 12:09:30,"cmd: SitFlush: Begin","Aurora-2",2026-08-09 12:09:30
2026-08-10 12:08:50,"cmd: SitFlush: Begin","Aurora-2",2026-08-09 12:08:50
2026-08-10 12:08:12,"cmd: SitFlush: Begin","Aurora-2",2026-08-09 12:08:12
2026-08-10 12:07:31,"cmd: SitFlush: Begin","Aurora-2",2026-08-09 12:07:31
2026-08-10 12:06:42,"cmd: SitFlush: Begin","Aurora-2",2026-08-09 12:06:42
2026-08-10 12:06:04,"cmd: SitFlush: Begin","Aurora-2",2026-08-09 12:06:04
2026-08-10 12:05:26,"cmd: SitFlush: Begin","Aurora-2",2026-08-09 12:05:26
2026-08-10 12:04:49,"cmd: SitFlush: Begin","Aurora-2",2026-08-09 12:04:49
2026-08-10 12:04:12,"cmd: SitFlush: Begin","Aurora-2",2026-08-09 12:04:12
2026-08-10 12:03:35,"cmd: SitFlush: Begin","Aurora-2",2026-08-09 12:03:35
2026-08-10 12:02:58,"cmd: SitFlush: Begin","Aurora-2",2026-08-09 12:02:58
2026-08-10 12:02:22,"cmd: SitFlush: Begin","Aurora-2",2026-08-09 12:02:22
2026-08-10 12:01:30,"cmd: SitFlush: Begin","Aurora-2",2026-08-09 12:01:30
2026-08-10 12:00:46,"cmd: SitFlush: Begin","Aurora-2",2026-08-09 12:00:46
2026-08-10 12:00:06,"cmd: SitFlush: Begin","Aurora-2",2026-08-09 12:00:06
2026-08-10 11:59:25,"cmd: SitFlush: Begin","Aurora-2",2026-08-09 11:59:25
2026-08-10 11:58:48,"cmd: SitFlush: Begin","Aurora-2",2026-08-09 11:58:48
2026-08-10 11:57:55,"cmd: SitFlush: Begin","Aurora-2",2026-08-09 11:57:55
2026-08-10 11:57:18,"cmd: SitFlush: Begin","Aurora-2",2026-08-09 11:57:18
2026-08-10 11:56:28,"cmd: SitFlush: Begin","Aurora-2",2026-08-09 11:56:28
2026-08-10 11:55:14,"cmd: SitFlush: Begin","Aurora-2",2026-08-09 11:55:14
2026-08-10 11:54:28,"cmd: SitFlush: Begin","Aurora-2",2026-08-09 11:54:28
2026-08-10 11:25:49,"cmd: SitFlush: Begin","Aurora-2",2026-08-09 11:25:49
2026-08-10 11:24:29,"cmd: SitFlush: Begin","Aurora-2",2026-08-09 11:24:29
2026-08-10 11:23:15,"cmd: SitFlush: Begin","Aurora-2",2026-08-09 11:23:15
2026-08-10 11:21:57,"cmd: SitFlush: Begin","Aurora-2",2026-08-09 11:21:57
2026-08-10 11:20:35,"cmd: SitFlush: Begin","Aurora-2",2026-08-09 11:20:35
2026-08-10 11:19:23,"cmd: SitFlush: Begin","Aurora-2",2026-08-09 11:19:23
2026-08-10 11:18:14,"cmd: SitFlush: Begin","Aurora-2",2026-08-09 11:18:14
2026-08-10 11:17:01,"cmd: SitFlush: Begin","Aurora-2",2026-08-09 11:17:01
2026-08-10 11:15:58,"cmd: SitFlush: Begin","Aurora-2",2026-08-09 11:15:58
2026-08-10 11:14:55,"cmd: SitFlush: Begin","Aurora-2",2026-08-09 11:14:55
2026-08-10 11:13:28,"cmd: SitFlush: Begin","Aurora-2",2026-08-09 11:13:28
2026-08-10 11:12:12,"cmd: SitFlush: Begin","Aurora-2",2026-08-09 11:12:12
2026-08-10 11:10:56,"cmd: SitFlush: Begin","Aurora-2",2026-08-09 11:10:56
2026-08-10 11:09:28,"cmd: SitFlush: Begin","Aurora-2",2026-08-09 11:09:28
2026-08-10 11:08:10,"cmd: SitFlush: Begin","Aurora-2",2026-08-09 11:08:10
2026-08-10 11:06:48,"cmd: SitFlush: Begin","Aurora-2",2026-08-09 11:06:48
2026-08-10 11:05:31,"cmd: SitFlush: Begin","Aurora-2",2026-08-09 11:05:31
2026-08-10 11:04:15,"cmd: SitFlush: Begin","Aurora-2",2026-08-09 11:04:15
2026-08-10 11:03:01,"cmd: SitFlush: Begin","Aurora-2",2026-08-09 11:03:01
2026-08-10 11:01:50,"cmd: SitFlush: Begin","Aurora-2",2026-08-09 11:01:50
2026-08-10 11:00:35,"cmd: SitFlush: Begin","Aurora-2",2026-08-09 11:00:35
2026-08-10 10:59:16,"cmd: SitFlush: Begin","Aurora-2",2026-08-09 10:59:16
2026-08-10 10:58:01,"cmd: SitFlush: Begin","Aurora-2",2026-08-09 10:58:01
2026-08-10 10:56:43,"cmd: SitFlush: Begin","Aurora-2",2026-08-09 10:56:43
2026-08-10 10:55:27,"cmd: SitFlush: Begin","Aurora-2",2026-08-09 10:55:27
2026-08-10 10:54:09,"cmd: SitFlush: Begin","Aurora-2",2026-08-09 10:54:09
2026-08-10 10:52:53,"cmd: SitFlush: Begin","Aurora-2",2026-08-09 10:52:53
2026-08-10 10:51:37,"cmd: SitFlush: Begin","Aurora-2",2026-08-09 10:51:37
2026-08-10 10:50:15,"cmd: SitFlush: Begin","Aurora-2",2026-08-09 10:50:15
2026-08-10 10:48:58,"cmd: SitFlush: Begin","Aurora-2",2026-08-09 10:48:58
2026-08-10 10:42:00,"cmd: SitFlush: Begin","Aurora-2",2026-08-09 10:42:00
2026-08-10 10:40:17,"cmd: SitFlush: Begin","Aurora-2",2026-08-09 10:40:17
2026-08-10 10:36:55,"cmd: SitFlush: Begin","Aurora-2",2026-08-09 10:36:55
2026-08-10 10:34:49,"cmd: SitFlush: Begin","Aurora-2",2026-08-09 10:34:49
2026-08-10 10:33:35,"cmd: SitFlush: Begin","Aurora-2",2026-08-09 10:33:35
2026-08-10 10:32:44,"cmd: SitFlush: Begin","Aurora-2",2026-08-09 10:32:44
2026-08-10 10:31:58,"cmd: SitFlush: Begin","Aurora-2",2026-08-09 10:31:58
2026-08-10 10:30:42,"cmd: SitFlush: Begin","Aurora-2",2026-08-09 10:30:42
2026-08-10 10:26:25,"cmd: SitFlush: Begin","Aurora-2",2026-08-09 10:26:25
2026-08-10 10:17:43,"cmd: SitFlush: Begin","Aurora-2",2026-08-09 10:17:43
2026-08-10 10:16:59,"cmd: SitFlush: Begin","Aurora-2",2026-08-09 10:16:59
2026-08-10 10:16:08,"cmd: SitFlush: Begin","Aurora-2",2026-08-09 10:16:08
2026-08-10 10:15:04,"cmd: SitFlush: Begin","Aurora-2",2026-08-09 10:15:04
2026-08-10 10:14:19,"cmd: SitFlush: Begin","Aurora-2",2026-08-09 10:14:19
2026-08-10 10:13:09,"cmd: SitFlush: Begin","Aurora-2",2026-08-09 10:13:09
2026-08-10 10:12:18,"cmd: SitFlush: Begin","Aurora-2",2026-08-09 10:12:18
2026-08-10 10:11:23,"cmd: SitFlush: Begin","Aurora-2",2026-08-09 10:11:23
2026-08-10 10:10:21,"cmd: SitFlush: Begin","Aurora-2",2026-08-09 10:10:21
2026-08-10 10:09:05,"cmd: SitFlush: Begin","Aurora-2",2026-08-09 10:09:05
2026-08-10 10:08:23,"cmd: SitFlush: Begin","Aurora-2",2026-08-09 10:08:23
2026-08-10 10:07:26,"cmd: SitFlush: Begin","Aurora-2",2026-08-09 10:07:26
2026-08-10 10:06:41,"cmd: SitFlush: Begin","Aurora-2",2026-08-09 10:06:41
2026-08-10 10:06:12,"cmd: SitFlush: Begin","Aurora-2",2026-08-09 10:06:12
2026-08-10 10:05:40,"cmd: SitFlush: Begin","Aurora-2",2026-08-09 10:05:40
2026-08-10 08:49:35,"cmd: SitFlush: Begin","Aurora-2",2026-08-09 08:49:35
2026-08-07 18:09:58,"cmd: SitFlush: Begin","Aurora-2",2026-08-02 18:09:58
2026-08-07 18:09:09,"cmd: SitFlush: Begin","Aurora-2",2026-08-02 18:09:09
2026-08-07 18:08:23,"cmd: SitFlush: Begin","Aurora-2",2026-08-02 18:08:23
2026-08-07 18:07:42,"cmd: SitFlush: Begin","Aurora-2",2026-08-02 18:07:42
2026-08-07 18:06:52,"cmd: SitFlush: Begin","Aurora-2",2026-08-02 18:06:52
2026-08-07 18:05:58,"cmd: SitFlush: Begin","Aurora-2",2026-08-02 18:05:58
2026-08-07 18:04:46,"cmd: SitFlush: Begin","Aurora-2",2026-08-02 18:04:46
2026-08-07 18:03:40,"cmd: SitFlush: Begin","Aurora-2",2026-08-02 18:03:40
2026-08-07 18:02:35,"cmd: SitFlush: Begin","Aurora-2",2026-08-02 18:02:35
2026-08-07 18:00:36,"cmd: SitFlush: Begin","Aurora-2",2026-08-02 18:00:36
2026-08-07 17:59:26,"cmd: SitFlush: Begin","Aurora-2",2026-08-02 17:59:26
2026-08-07 17:58:24,"cmd: SitFlush: Begin","Aurora-2",2026-08-02 17:58:24
2026-08-07 17:57:17,"cmd: SitFlush: Begin","Aurora-2",2026-08-02 17:57:17
2026-08-07 17:56:09,"cmd: SitFlush: Begin","Aurora-2",2026-08-02 17:56:09
2026-08-07 17:52:59,"cmd: SitFlush: Begin","Aurora-2",2026-08-02 17:52:59
2026-08-07 17:51:10,"cmd: SitFlush: Begin","Aurora-2",2026-08-02 17:51:10
2026-08-07 17:49:23,"cmd: SitFlush: Begin","Aurora-2",2026-08-02 17:49:23
2026-08-07 17:48:27,"cmd: SitFlush: Begin","Aurora-2",2026-08-02 17:48:27
2026-08-07 17:47:10,"cmd: SitFlush: Begin","Aurora-2",2026-08-02 17:47:10
2026-08-07 17:46:16,"cmd: SitFlush: Begin","Aurora-2",2026-08-02 17:46:16
2026-08-07 17:43:47,"cmd: SitFlush: Begin","Aurora-2",2026-08-02 17:43:47
2026-08-07 17:43:00,"cmd: SitFlush: Begin","Aurora-2",2026-08-02 17:43:00
2026-08-07 17:42:10,"cmd: SitFlush: Begin","Aurora-2",2026-08-02 17:42:10
2026-08-07 17:41:05,"cmd: SitFlush: Begin","Aurora-2",2026-08-02 17:41:05
2026-08-07 17:39:11,"cmd: SitFlush: Begin","Aurora-2",2026-08-02 17:39:11
2026-08-07 17:38:40,"cmd: SitFlush: Begin","Aurora-2",2026-08-02 17:38:40
2026-08-07 17:38:08,"cmd: SitFlush: Begin","Aurora-2",2026-08-02 17:38:08
2026-08-07 12:49:53,"cmd: SitFlush: Begin","Aurora-2",2026-08-02 12:49:53
2026-08-07 12:47:42,"cmd: SitFlush: Begin","Aurora-2",2026-08-02 12:47:42
2026-08-07 12:45:35,"cmd: SitFlush: Begin","Aurora-2",2026-08-02 12:45:35
2026-08-07 12:43:27,"cmd: SitFlush: Begin","Aurora-2",2026-08-02 12:43:27
2026-08-07 12:41:19,"cmd: SitFlush: Begin","Aurora-2",2026-08-02 12:41:19
2026-08-07 12:39:11,"cmd: SitFlush: Begin","Aurora-2",2026-08-02 12:39:11
2026-08-07 12:37:04,"cmd: SitFlush: Begin","Aurora-2",2026-08-02 12:37:04
2026-08-07 12:34:58,"cmd: SitFlush: Begin","Aurora-2",2026-08-02 12:34:58
2026-08-07 12:32:50,"cmd: SitFlush: Begin","Aurora-2",2026-08-02 12:32:50
2026-08-07 12:30:36,"cmd: SitFlush: Begin","Aurora-2",2026-08-02 12:30:36
2026-08-07 12:28:27,"cmd: SitFlush: Begin","Aurora-2",2026-08-02 12:28:27
2026-08-07 12:26:19,"cmd: SitFlush: Begin","Aurora-2",2026-08-02 12:26:19
2026-08-07 12:24:11,"cmd: SitFlush: Begin","Aurora-2",2026-08-02 12:24:11
2026-08-07 12:22:04,"cmd: SitFlush: Begin","Aurora-2",2026-08-02 12:22:04
2026-08-07 12:19:57,"cmd: SitFlush: Begin","Aurora-2",2026-08-02 12:19:57
2026-08-07 12:17:47,"cmd: SitFlush: Begin","Aurora-2",2026-08-02 12:17:47
2026-08-07 12:15:37,"cmd: SitFlush: Begin","Aurora-2",2026-08-02 12:15:37
2026-08-07 12:13:23,"cmd: SitFlush: Begin","Aurora-2",2026-08-02 12:13:23
2026-08-07 12:11:15,"cmd: SitFlush: Begin","Aurora-2",2026-08-02 12:11:15
2026-08-07 12:09:07,"cmd: SitFlush: Begin","Aurora-2",2026-08-02 12:09:07
2026-08-07 12:06:57,"cmd: SitFlush: Begin","Aurora-2",2026-08-02 12:06:57
2026-08-07 12:04:46,"cmd: SitFlush: Begin","Aurora-2",2026-08-02 12:04:46
2026-08-07 12:02:37,"cmd: SitFlush: Begin","Aurora-2",2026-08-02 12:02:37
2026-08-07 12:00:27,"cmd: SitFlush: Begin","Aurora-2",2026-08-02 12:00:27
2026-08-07 11:58:17,"cmd: SitFlush: Begin","Aurora-2",2026-08-02 11:58:17
2026-08-07 11:37:13,"cmd: SitFlush: Begin","Aurora-2",2026-08-02 11:37:13
2026-08-07 11:35:00,"cmd: SitFlush: Begin","Aurora-2",2026-08-02 11:35:00
2026-08-07 11:32:46,"cmd: SitFlush: Begin","Aurora-2",2026-08-02 11:32:46
2026-08-07 11:30:41,"cmd: SitFlush: Begin","Aurora-2",2026-08-02 11:30:41
2026-08-07 11:28:28,"cmd: SitFlush: Begin","Aurora-2",2026-08-02 11:28:28
2026-08-07 11:26:10,"cmd: SitFlush: Begin","Aurora-2",2026-08-02 11:26:10
2026-08-07 11:24:19,"cmd: SitFlush: Begin","Aurora-2",2026-08-02 11:24:19
2026-08-07 11:18:44,"cmd: SitFlush: Begin","Aurora-2",2026-08-02 11:18:44
2026-08-07 11:16:39,"cmd: SitFlush: Begin","Aurora-2",2026-08-02 11:16:39
2026-08-07 11:14:30,"cmd: SitFlush: Begin","Aurora-2",2026-08-02 11:14:30
2026-08-07 11:11:05,"cmd: SitFlush: Begin","Aurora-2",2026-08-02 11:11:05
2026-08-07 11:08:21,"cmd: SitFlush: Begin","Aurora-2",2026-08-02 11:08:21
2026-08-07 11:06:20,"cmd: SitFlush: Begin","Aurora-2",2026-08-02 11:06:20
2026-08-07 11:04:07,"cmd: SitFlush: Begin","Aurora-2",2026-08-02 11:04:07
2026-08-07 11:01:56,"cmd: SitFlush: Begin","Aurora-2",2026-08-02 11:01:56
2026-08-07 10:59:41,"cmd: SitFlush: Begin","Aurora-2",2026-08-02 10:59:41
2026-08-07 10:57:24,"cmd: SitFlush: Begin","Aurora-2",2026-08-02 10:57:24
2026-08-07 10:55:14,"cmd: SitFlush: Begin","Aurora-2",2026-08-02 10:55:14
2026-08-07 10:52:20,"cmd: SitFlush: Begin","Aurora-2",2026-08-02 10:52:20
2026-08-07 10:50:13,"cmd: SitFlush: Begin","Aurora-2",2026-08-02 10:50:13
2026-08-07 10:47:22,"cmd: SitFlush: Begin","Aurora-2",2026-08-02 10:47:22
2026-08-07 10:45:19,"cmd: SitFlush: Begin","Aurora-2",2026-08-02 10:45:19
2026-08-07 10:42:07,"cmd: SitFlush: Begin","Aurora-2",2026-08-02 10:42:07
2026-08-07 10:39:58,"cmd: SitFlush: Begin","Aurora-2",2026-08-02 10:39:58
2026-08-07 10:34:21,"cmd: SitFlush: Begin","Aurora-2",2026-08-02 10:34:21
2026-08-07 10:32:10,"cmd: SitFlush: Begin","Aurora-2",2026-08-02 10:32:10
2026-08-07 10:30:06,"cmd: SitFlush: Begin","Aurora-2",2026-08-02 10:30:06
2026-08-07 10:27:59,"cmd: SitFlush: Begin","Aurora-2",2026-08-02 10:27:59
2026-08-07 10:25:50,"cmd: SitFlush: Begin","Aurora-2",2026-08-02 10:25:50
2026-08-07 10:23:32,"cmd: SitFlush: Begin","Aurora-2",2026-08-02 10:23:32
2026-08-07 10:21:29,"cmd: SitFlush: Begin","Aurora-2",2026-08-02 10:21:29
2026-08-07 10:18:20,"cmd: SitFlush: Begin","Aurora-2",2026-08-02 10:18:20
2026-08-07 10:15:47,"cmd: SitFlush: Begin","Aurora-2",2026-08-02 10:15:47
2026-08-07 10:10:43,"cmd: SitFlush: Begin","Aurora-2",2026-08-02 10:10:43
2026-08-07 10:06:35,"cmd: SitFlush: Begin","Aurora-2",2026-08-02 10:06:35
2026-08-07 10:03:21,"cmd: SitFlush: Begin","Aurora-2",2026-08-02 10:03:21
2026-08-07 10:01:01,"cmd: SitFlush: Begin","Aurora-2",2026-08-02 10:01:01
2026-08-07 09:55:07,"cmd: SitFlush: Begin","Aurora-2",2026-08-02 09:55:07
2026-08-07 09:52:45,"cmd: SitFlush: Begin","Aurora-2",2026-08-02 09:52:45
2026-08-07 09:50:16,"cmd: SitFlush: Begin","Aurora-2",2026-08-02 09:50:16
2026-08-07 09:47:43,"cmd: SitFlush: Begin","Aurora-2",2026-08-02 09:47:43
2026-08-07 09:45:24,"cmd: SitFlush: Begin","Aurora-2",2026-08-02 09:45:24
2026-08-07 09:34:18,"cmd: SitFlush: Begin","Aurora-2",2026-08-02 09:34:18
2026-08-07 09:33:30,"cmd: SitFlush: Begin","Aurora-2",2026-08-02 09:33:30
2026-08-07 09:32:45,"cmd: SitFlush: Begin","Aurora-2",2026-08-02 09:32:45
2026-08-07 09:31:58,"cmd: SitFlush: Begin","Aurora-2",2026-08-02 09:31:58
2026-08-07 09:31:13,"cmd: SitFlush: Begin","Aurora-2",2026-08-02 09:31:13
2026-08-07 09:30:28,"cmd: SitFlush: Begin","Aurora-2",2026-08-02 09:30:28
2026-08-07 09:29:44,"cmd: SitFlush: Begin","Aurora-2",2026-08-02 09:29:44
2026-08-07 09:28:57,"cmd: SitFlush: Begin","Aurora-2",2026-08-02 09:28:57
2026-08-07 09:28:03,"cmd: SitFlush: Begin","Aurora-2",2026-08-02 09:28:03
2026-08-07 09:27:10,"cmd: SitFlush: Begin","Aurora-2",2026-08-02 09:27:10
2026-08-07 09:26:17,"cmd: SitFlush: Begin","Aurora-2",2026-08-02 09:26:17
2026-08-07 09:25:20,"cmd: SitFlush: Begin","Aurora-2",2026-08-02 09:25:20
2026-08-07 09:24:31,"cmd: SitFlush: Begin","Aurora-2",2026-08-02 09:24:31
2026-08-07 09:23:35,"cmd: SitFlush: Begin","Aurora-2",2026-08-02 09:23:35
2026-08-07 09:22:46,"cmd: SitFlush: Begin","Aurora-2",2026-08-02 09:22:46
2026-08-07 09:22:02,"cmd: SitFlush: Begin","Aurora-2",2026-08-02 09:22:02
2026-08-07 09:21:09,"cmd: SitFlush: Begin","Aurora-2",2026-08-02 09:21:09
2026-08-07 08:39:22,"cmd: SitFlush: Begin","Aurora-2",2026-08-02 08:39:22
2026-08-07 08:34:12,"cmd: SitFlush: Begin","Aurora-2",2026-08-02 08:34:12
2026-08-06 19:06:27,"cmd: SitFlush: Begin","Aurora-2",2026-08-02 19:06:27
2026-08-06 19:00:31,"cmd: SitFlush: Begin","Aurora-2",2026-08-02 19:00:31
2026-08-06 18:50:28,"cmd: SitFlush: Begin","Aurora-2",2026-08-02 18:50:28
2026-08-06 18:48:42,"cmd: SitFlush: Begin","Aurora-2",2026-08-02 18:48:42
2026-08-06 18:45:57,"cmd: SitFlush: Begin","Aurora-2",2026-08-02 18:45:57
2026-08-06 18:44:27,"cmd: SitFlush: Begin","Aurora-2",2026-08-02 18:44:27
2026-08-06 18:37:24,"cmd: SitFlush: Begin","Aurora-2",2026-08-02 18:37:24
2026-08-06 18:36:28,"cmd: SitFlush: Begin","Aurora-2",2026-08-02 18:36:28
2026-08-06 18:31:46,"cmd: SitFlush: Begin","Aurora-2",2026-08-02 18:31:46
2026-08-06 18:30:53,"cmd: SitFlush: Begin","Aurora-2",2026-08-02 18:30:53
2026-08-06 18:29:55,"cmd: SitFlush: Begin","Aurora-2",2026-08-02 18:29:55
2026-08-06 18:27:12,"cmd: SitFlush: Begin","Aurora-2",2026-08-02 18:27:12
2026-08-06 18:25:57,"cmd: SitFlush: Begin","Aurora-2",2026-08-02 18:25:57
2026-08-06 18:25:06,"cmd: SitFlush: Begin","Aurora-2",2026-08-02 18:25:06
2026-08-06 18:24:13,"cmd: SitFlush: Begin","Aurora-2",2026-08-02 18:24:13
2026-08-06 16:25:50,"cmd: SitFlush: Begin","Aurora-2",2026-08-02 16:25:50
2026-08-06 16:24:54,"cmd: SitFlush: Begin","Aurora-2",2026-08-02 16:24:54
2026-08-06 16:23:59,"cmd: SitFlush: Begin","Aurora-2",2026-08-02 16:23:59
2026-08-06 16:23:04,"cmd: SitFlush: Begin","Aurora-2",2026-08-02 16:23:04
2026-08-06 16:22:08,"cmd: SitFlush: Begin","Aurora-2",2026-08-02 16:22:08
2026-08-06 16:21:13,"cmd: SitFlush: Begin","Aurora-2",2026-08-02 16:21:13
2026-08-06 16:19:36,"cmd: SitFlush: Begin","Aurora-2",2026-08-02 16:19:36
2026-08-06 16:18:37,"cmd: SitFlush: Begin","Aurora-2",2026-08-02 16:18:37
2026-08-06 16:16:45,"cmd: SitFlush: Begin","Aurora-2",2026-08-02 16:16:45
2026-08-06 16:16:13,"cmd: SitFlush: Begin","Aurora-2",2026-08-02 16:16:13
2026-08-06 16:15:43,"cmd: SitFlush: Begin","Aurora-2",2026-08-02 16:15:43
2026-08-06 16:15:03,"cmd: SitFlush: Begin","Aurora-2",2026-08-02 16:15:03
2026-08-06 16:14:25,"cmd: SitFlush: Begin","Aurora-2",2026-08-02 16:14:25
2026-08-06 16:13:50,"cmd: SitFlush: Begin","Aurora-2",2026-08-02 16:13:50
2026-08-06 16:01:26,"cmd: SitFlush: Begin","Aurora-2",2026-08-02 16:01:26
2026-08-06 16:00:07,"cmd: SitFlush: Begin","Aurora-2",2026-08-02 16:00:07
2026-08-06 15:58:56,"cmd: SitFlush: Begin","Aurora-2",2026-08-02 15:58:56
2026-08-06 15:57:42,"cmd: SitFlush: Begin","Aurora-2",2026-08-02 15:57:42
2026-08-06 15:56:53,"cmd: SitFlush: Begin","Aurora-2",2026-08-02 15:56:53
2026-08-06 15:56:08,"cmd: SitFlush: Begin","Aurora-2",2026-08-02 15:56:08
2026-08-06 15:55:21,"cmd: SitFlush: Begin","Aurora-2",2026-08-02 15:55:21
2026-08-06 15:54:05,"cmd: SitFlush: Begin","Aurora-2",2026-08-02 15:54:05
2026-08-06 15:52:50,"cmd: SitFlush: Begin","Aurora-2",2026-08-02 15:52:50
2026-08-06 15:51:38,"cmd: SitFlush: Begin","Aurora-2",2026-08-02 15:51:38
2026-08-06 15:50:34,"cmd: SitFlush: Begin","Aurora-2",2026-08-02 15:50:34
2026-08-06 15:49:25,"cmd: SitFlush: Begin","Aurora-2",2026-08-02 15:49:25
2026-08-06 15:48:10,"cmd: SitFlush: Begin","Aurora-2",2026-08-02 15:48:10
2026-08-06 15:46:55,"cmd: SitFlush: Begin","Aurora-2",2026-08-02 15:46:55
2026-08-06 15:45:51,"cmd: SitFlush: Begin","Aurora-2",2026-08-02 15:45:51
2026-08-06 15:44:39,"cmd: SitFlush: Begin","Aurora-2",2026-08-02 15:44:39
2026-08-06 15:43:24,"cmd: SitFlush: Begin","Aurora-2",2026-08-02 15:43:24
2026-08-06 15:42:06,"cmd: SitFlush: Begin","Aurora-2",2026-08-02 15:42:06
2026-08-06 15:40:49,"cmd: SitFlush: Begin","Aurora-2",2026-08-02 15:40:49
2026-08-06 15:39:29,"cmd: SitFlush: Begin","Aurora-2",2026-08-02 15:39:29
2026-08-06 15:38:00,"cmd: SitFlush: Begin","Aurora-2",2026-08-02 15:38:00
2026-08-06 15:36:27,"cmd: SitFlush: Begin","Aurora-2",2026-08-02 15:36:27
2026-08-06 15:35:07,"cmd: SitFlush: Begin","Aurora-2",2026-08-02 15:35:07
2026-08-06 15:33:47,"cmd: SitFlush: Begin","Aurora-2",2026-08-02 15:33:47
2026-08-06 15:27:45,"cmd: SitFlush: Begin","Aurora-2",2026-08-02 15:27:45
2026-08-06 15:27:09,"cmd: SitFlush: Begin","Aurora-2",2026-08-02 15:27:09
2026-08-06 15:25:50,"cmd: SitFlush: Begin","Aurora-2",2026-08-02 15:25:50
2026-08-06 15:25:04,"cmd: SitFlush: Begin","Aurora-2",2026-08-02 15:25:04
2026-08-06 15:24:06,"cmd: SitFlush: Begin","Aurora-2",2026-08-02 15:24:06
2026-08-06 15:23:17,"cmd: SitFlush: Begin","Aurora-2",2026-08-02 15:23:17
2026-08-06 15:22:28,"cmd: SitFlush: Begin","Aurora-2",2026-08-02 15:22:28
2026-08-06 15:21:36,"cmd: SitFlush: Begin","Aurora-2",2026-08-02 15:21:36
2026-08-06 15:20:42,"cmd: SitFlush: Begin","Aurora-2",2026-08-02 15:20:42
2026-08-06 15:20:00,"cmd: SitFlush: Begin","Aurora-2",2026-08-02 15:20:00
2026-08-06 15:19:09,"cmd: SitFlush: Begin","Aurora-2",2026-08-02 15:19:09
2026-08-06 15:18:09,"cmd: SitFlush: Begin","Aurora-2",2026-08-02 15:18:09
2026-08-06 15:17:15,"cmd: SitFlush: Begin","Aurora-2",2026-08-02 15:17:15
2026-08-06 15:16:34,"cmd: SitFlush: Begin","Aurora-2",2026-08-02 15:16:34
2026-08-06 15:15:43,"cmd: SitFlush: Begin","Aurora-2",2026-08-02 15:15:43
2026-08-06 15:14:29,"cmd: SitFlush: Begin","Aurora-2",2026-08-02 15:14:29
2026-08-06 15:13:53,"cmd: SitFlush: Begin","Aurora-2",2026-08-02 15:13:53
2026-08-06 15:08:16,"cmd: SitFlush: Begin","Aurora-2",2026-08-02 15:08:16
2026-08-06 15:07:21,"cmd: SitFlush: Begin","Aurora-2",2026-08-02 15:07:21
2026-08-06 15:05:57,"cmd: SitFlush: Begin","Aurora-2",2026-08-02 15:05:57
2026-08-06 15:04:32,"cmd: SitFlush: Begin","Aurora-2",2026-08-02 15:04:32
2026-08-06 15:03:03,"cmd: SitFlush: Begin","Aurora-2",2026-08-02 15:03:03
2026-08-06 15:01:32,"cmd: SitFlush: Begin","Aurora-2",2026-08-02 15:01:32
2026-08-06 15:00:01,"cmd: SitFlush: Begin","Aurora-2",2026-08-02 15:00:01
2026-08-06 14:58:09,"cmd: SitFlush: Begin","Aurora-2",2026-08-02 14:58:09
2026-08-06 14:54:21,"cmd: SitFlush: Begin","Aurora-2",2026-08-02 14:54:21
2026-08-06 14:52:50,"cmd: SitFlush: Begin","Aurora-2",2026-08-02 14:52:50
2026-08-06 14:51:23,"cmd: SitFlush: Begin","Aurora-2",2026-08-02 14:51:23
2026-08-06 14:49:11,"cmd: SitFlush: Begin","Aurora-2",2026-08-02 14:49:11
2026-08-06 14:47:39,"cmd: SitFlush: Begin","Aurora-2",2026-08-02 14:47:39
2026-08-06 14:46:16,"cmd: SitFlush: Begin","Aurora-2",2026-08-02 14:46:16
2026-08-06 14:44:54,"cmd: SitFlush: Begin","Aurora-2",2026-08-02 14:44:54
2026-08-06 14:38:46,"cmd: SitFlush: Begin","Aurora-2",2026-08-02 14:38:46
2026-08-06 14:37:18,"cmd: SitFlush: Begin","Aurora-2",2026-08-02 14:37:18
2026-08-06 14:35:39,"cmd: SitFlush: Begin","Aurora-2",2026-08-02 14:35:39
2026-08-06 14:34:10,"cmd: SitFlush: Begin","Aurora-2",2026-08-02 14:34:10
2026-08-06 14:32:34,"cmd: SitFlush: Begin","Aurora-2",2026-08-02 14:32:34
2026-08-06 14:31:09,"cmd: SitFlush: Begin","Aurora-2",2026-08-02 14:31:09
2026-08-06 14:29:40,"cmd: SitFlush: Begin","Aurora-2",2026-08-02 14:29:40
2026-08-06 14:28:19,"cmd: SitFlush: Begin","Aurora-2",2026-08-02 14:28:19
2026-08-06 14:26:47,"cmd: SitFlush: Begin","Aurora-2",2026-08-02 14:26:47
2026-08-06 14:25:22,"cmd: SitFlush: Begin","Aurora-2",2026-08-02 14:25:22
2026-08-06 14:23:56,"cmd: SitFlush: Begin","Aurora-2",2026-08-02 14:23:56
2026-08-06 14:22:30,"cmd: SitFlush: Begin","Aurora-2",2026-08-02 14:22:30
2026-08-06 14:21:01,"cmd: SitFlush: Begin","Aurora-2",2026-08-02 14:21:01
2026-08-06 14:19:07,"cmd: SitFlush: Begin","Aurora-2",2026-08-02 14:19:07
2026-08-06 14:16:52,"cmd: SitFlush: Begin","Aurora-2",2026-08-02 14:16:52
2026-08-06 14:14:34,"cmd: SitFlush: Begin","Aurora-2",2026-08-02 14:14:34
2026-08-06 14:12:31,"cmd: SitFlush: Begin","Aurora-2",2026-08-02 14:12:31
2026-08-06 14:09:29,"cmd: SitFlush: Begin","Aurora-2",2026-08-02 14:09:29
2026-08-06 14:06:56,"cmd: SitFlush: Begin","Aurora-2",2026-08-02 14:06:56
2026-08-06 14:04:54,"cmd: SitFlush: Begin","Aurora-2",2026-08-02 14:04:54
2026-08-06 14:00:47,"cmd: SitFlush: Begin","Aurora-2",2026-08-02 14:00:47
2026-08-06 13:58:49,"cmd: SitFlush: Begin","Aurora-2",2026-08-02 13:58:49
2026-08-06 13:56:25,"cmd: SitFlush: Begin","Aurora-2",2026-08-02 13:56:25
2026-08-06 13:54:19,"cmd: SitFlush: Begin","Aurora-2",2026-08-02 13:54:19
2026-08-06 13:52:14,"cmd: SitFlush: Begin","Aurora-2",2026-08-02 13:52:14
2026-08-06 13:50:03,"cmd: SitFlush: Begin","Aurora-2",2026-08-02 13:50:03
2026-08-06 13:47:48,"cmd: SitFlush: Begin","Aurora-2",2026-08-02 13:47:48
2026-08-06 13:45:40,"cmd: SitFlush: Begin","Aurora-2",2026-08-02 13:45:40
2026-08-06 13:43:36,"cmd: SitFlush: Begin","Aurora-2",2026-08-02 13:43:36
2026-08-06 13:41:24,"cmd: SitFlush: Begin","Aurora-2",2026-08-02 13:41:24
2026-08-06 13:39:15,"cmd: SitFlush: Begin","Aurora-2",2026-08-02 13:39:15
2026-08-06 13:36:48,"cmd: SitFlush: Begin","Aurora-2",2026-08-02 13:36:48
2026-08-06 13:34:05,"cmd: SitFlush: Begin","Aurora-2",2026-08-02 13:34:05
2026-08-06 11:10:18,"cmd: SitFlush: Begin","Aurora-2",2026-08-02 11:10:18
2026-08-06 10:52:58,"cmd: SitFlush: Begin","Aurora-2",2026-08-02 10:52:58
2026-08-06 10:50:49,"cmd: SitFlush: Begin","Aurora-2",2026-08-02 10:50:49
2026-08-06 10:48:49,"cmd: SitFlush: Begin","Aurora-2",2026-08-02 10:48:49
2026-08-06 10:46:36,"cmd: SitFlush: Begin","Aurora-2",2026-08-02 10:46:36
2026-08-06 10:44:32,"cmd: SitFlush: Begin","Aurora-2",2026-08-02 10:44:32
2026-08-06 10:42:25,"cmd: SitFlush: Begin","Aurora-2",2026-08-02 10:42:25
2026-08-06 10:40:10,"cmd: SitFlush: Begin","Aurora-2",2026-08-02 10:40:10
2026-08-06 10:39:57,"cmd: SitFlush: Begin","Aurora-2",2026-08-02 10:39:57
2026-08-06 10:36:29,"cmd: SitFlush: Begin","Aurora-2",2026-08-02 10:36:29
2026-08-06 10:33:46,"cmd: SitFlush: Begin","Aurora-2",2026-08-02 10:33:46
2026-08-06 10:32:12,"cmd: SitFlush: Begin","Aurora-2",2026-08-02 10:32:12
2026-08-06 10:27:05,"cmd: SitFlush: Begin","Aurora-2",2026-08-02 10:27:05
2026-08-06 10:11:45,"cmd: SitFlush: Begin","Aurora-2",2026-08-02 10:11:45
2026-08-06 10:11:04,"cmd: SitFlush: Begin","Aurora-2",2026-08-02 10:11:04
2026-08-06 09:58:36,"cmd: SitFlush: Begin","Aurora-2",2026-08-02 09:58:36
2026-08-06 09:57:36,"cmd: SitFlush: Begin","Aurora-2",2026-08-02 09:57:36
2026-08-06 09:56:21,"cmd: SitFlush: Begin","Aurora-2",2026-08-02 09:56:21
2026-08-06 09:55:31,"cmd: SitFlush: Begin","Aurora-2",2026-08-02 09:55:31
2026-08-06 09:54:30,"cmd: SitFlush: Begin","Aurora-2",2026-08-02 09:54:30
2026-08-06 09:52:43,"cmd: SitFlush: Begin","Aurora-2",2026-08-02 09:52:43
2026-08-06 09:50:51,"cmd: SitFlush: Begin","Aurora-2",2026-08-02 09:50:51
2026-08-06 09:49:36,"cmd: SitFlush: Begin","Aurora-2",2026-08-02 09:49:36
2026-08-06 09:47:26,"cmd: SitFlush: Begin","Aurora-2",2026-08-02 09:47:26
2026-08-06 09:46:34,"cmd: SitFlush: Begin","Aurora-2",2026-08-02 09:46:34
2026-08-06 09:45:29,"cmd: SitFlush: Begin","Aurora-2",2026-08-02 09:45:29
2026-08-06 09:44:30,"cmd: SitFlush: Begin","Aurora-2",2026-08-02 09:44:30
2026-08-06 09:43:37,"cmd: SitFlush: Begin","Aurora-2",2026-08-02 09:43:37
2026-08-06 09:41:58,"cmd: SitFlush: Begin","Aurora-2",2026-08-02 09:41:58
2026-08-06 09:40:21,"cmd: SitFlush: Begin","Aurora-2",2026-08-02 09:40:21
2026-08-06 09:38:20,"cmd: SitFlush: Begin","Aurora-2",2026-08-02 09:38:20
2026-08-06 09:36:09,"cmd: SitFlush: Begin","Aurora-2",2026-08-02 09:36:09
2026-08-06 09:35:37,"cmd: SitFlush: Begin","Aurora-2",2026-08-02 09:35:37
2026-08-06 09:32:42,"cmd: SitFlush: Begin","Aurora-2",2026-08-02 09:32:42
2026-08-06 09:10:19,"cmd: SitFlush: Begin","Aurora-2",2026-08-02 09:10:19
2026-08-06 09:08:13,"cmd: SitFlush: Begin","Aurora-2",2026-08-02 09:08:13
2026-08-06 09:06:49,"cmd: SitFlush: Begin","Aurora-2",2026-08-02 09:06:49
2026-08-05 10:23:58,"cmd: SitFlush: Begin","Aurora-2",2026-08-02 10:23:58
2026-08-05 10:23:33,"cmd: SitFlush: Begin","Aurora-2",2026-08-02 10:23:33
2026-08-05 10:23:04,"cmd: SitFlush: Begin","Aurora-2",2026-08-02 10:23:04
2026-08-05 10:22:28,"cmd: SitFlush: Begin","Aurora-2",2026-08-02 10:22:28
2026-08-05 10:21:40,"cmd: SitFlush: Begin","Aurora-2",2026-08-02 10:21:40
2026-08-05 10:21:10,"cmd: SitFlush: Begin","Aurora-2",2026-08-02 10:21:10
2026-08-05 10:20:35,"cmd: SitFlush: Begin","Aurora-2",2026-08-02 10:20:35
2026-08-05 10:20:03,"cmd: SitFlush: Begin","Aurora-2",2026-08-02 10:20:03
2026-08-05 10:19:30,"cmd: SitFlush: Begin","Aurora-2",2026-08-02 10:19:30
2026-08-05 10:19:03,"cmd: SitFlush: Begin","Aurora-2",2026-08-02 10:19:03
2026-08-05 10:18:35,"cmd: SitFlush: Begin","Aurora-2",2026-08-02 10:18:35
2026-08-05 10:18:02,"cmd: SitFlush: Begin","Aurora-2",2026-08-02 10:18:02
2026-08-05 10:17:30,"cmd: SitFlush: Begin","Aurora-2",2026-08-02 10:17:30
2026-08-05 10:17:02,"cmd: SitFlush: Begin","Aurora-2",2026-08-02 10:17:02
2026-08-05 10:16:32,"cmd: SitFlush: Begin","Aurora-2",2026-08-02 10:16:32
2026-08-05 10:16:01,"cmd: SitFlush: Begin","Aurora-2",2026-08-02 10:16:01
2026-08-05 10:15:14,"cmd: SitFlush: Begin","Aurora-2",2026-08-02 10:15:14
2026-08-05 10:14:41,"cmd: SitFlush: Begin","Aurora-2",2026-08-02 10:14:41
2026-08-05 10:14:11,"cmd: SitFlush: Begin","Aurora-2",2026-08-02 10:14:11
2026-08-05 10:13:35,"cmd: SitFlush: Begin","Aurora-2",2026-08-02 10:13:35
2026-08-05 10:13:06,"cmd: SitFlush: Begin","Aurora-2",2026-08-02 10:13:06
2026-08-05 10:12:36,"cmd: SitFlush: Begin","Aurora-2",2026-08-02 10:12:36
2026-08-05 10:11:50,"cmd: SitFlush: Begin","Aurora-2",2026-08-02 10:11:50
2026-08-05 10:11:18,"cmd: SitFlush: Begin","Aurora-2",2026-08-02 10:11:18
2026-08-05 10:10:48,"cmd: SitFlush: Begin","Aurora-2",2026-08-02 10:10:48
2026-08-05 10:10:24,"cmd: SitFlush: Begin","Aurora-2",2026-08-02 10:10:24
2026-08-05 10:09:11,"cmd: SitFlush: Begin","Aurora-2",2026-08-02 10:09:11
2026-08-05 08:58:12,"cmd: SitFlush: Begin","Aurora-2",2026-08-02 08:58:12
2026-08-05 08:52:57,"cmd: SitFlush: Begin","Aurora-2",2026-08-02 08:52:57
2026-08-04 19:56:36,"cmd: SitFlush: Begin","Aurora-2",2026-08-02 19:56:36
2026-08-04 19:55:17,"cmd: SitFlush: Begin","Aurora-2",2026-08-02 19:55:17
2026-08-04 19:33:32,"cmd: SitFlush: Begin","Aurora-2",2026-08-02 19:33:32
2026-08-04 19:29:58,"cmd: SitFlush: Begin","Aurora-2",2026-08-02 19:29:58
2026-08-04 19:27:15,"cmd: SitFlush: Begin","Aurora-2",2026-08-02 19:27:15
2026-08-04 19:25:35,"cmd: SitFlush: Begin","Aurora-2",2026-08-02 19:25:35
2026-08-04 19:01:12,"cmd: SitFlush: Begin","Aurora-2",2026-08-02 19:01:12
2026-08-04 18:16:32,"cmd: SitFlush: Begin","Aurora-2",2026-08-02 18:16:32
2026-08-04 17:31:51,"cmd: SitFlush: Begin","Aurora-2",2026-08-02 17:31:51
2026-08-04 17:29:24,"cmd: SitFlush: Begin","Aurora-2",2026-08-02 17:29:24
2026-08-04 17:18:15,"cmd: SitFlush: Begin","Aurora-2",2026-08-02 17:18:15
2026-08-04 17:15:56,"cmd: SitFlush: Begin","Aurora-2",2026-08-02 17:15:56
2026-08-04 17:14:39,"cmd: SitFlush: Begin","Aurora-2",2026-08-02 17:14:39
2026-08-04 17:10:41,"cmd: SitFlush: Begin","Aurora-2",2026-08-02 17:10:41
2026-08-04 16:42:24,"cmd: SitFlush: Begin","Aurora-2",2026-08-02 16:42:24
2026-08-04 16:41:02,"cmd: SitFlush: Begin","Aurora-2",2026-08-02 16:41:02
2026-08-04 16:39:35,"cmd: SitFlush: Begin","Aurora-2",2026-08-02 16:39:35
2026-08-04 16:38:13,"cmd: SitFlush: Begin","Aurora-2",2026-08-02 16:38:13
2026-08-04 16:36:47,"cmd: SitFlush: Begin","Aurora-2",2026-08-02 16:36:47
2026-08-04 16:35:25,"cmd: SitFlush: Begin","Aurora-2",2026-08-02 16:35:25
2026-08-04 16:33:57,"cmd: SitFlush: Begin","Aurora-2",2026-08-02 16:33:57
2026-08-04 16:32:35,"cmd: SitFlush: Begin","Aurora-2",2026-08-02 16:32:35
2026-08-04 16:31:09,"cmd: SitFlush: Begin","Aurora-2",2026-08-02 16:31:09
2026-08-04 16:29:47,"cmd: SitFlush: Begin","Aurora-2",2026-08-02 16:29:47
2026-08-04 16:28:20,"cmd: SitFlush: Begin","Aurora-2",2026-08-02 16:28:20
2026-08-04 16:26:58,"cmd: SitFlush: Begin","Aurora-2",2026-08-02 16:26:58
2026-08-04 16:25:33,"cmd: SitFlush: Begin","Aurora-2",2026-08-02 16:25:33
2026-08-04 16:24:10,"cmd: SitFlush: Begin","Aurora-2",2026-08-02 16:24:10
2026-08-04 16:22:43,"cmd: SitFlush: Begin","Aurora-2",2026-08-02 16:22:43
2026-08-04 16:21:19,"cmd: SitFlush: Begin","Aurora-2",2026-08-02 16:21:19
2026-08-04 16:19:53,"cmd: SitFlush: Begin","Aurora-2",2026-08-02 16:19:53
2026-08-04 16:18:26,"cmd: SitFlush: Begin","Aurora-2",2026-08-02 16:18:26
2026-08-04 16:17:00,"cmd: SitFlush: Begin","Aurora-2",2026-08-02 16:17:00
2026-08-04 16:15:38,"cmd: SitFlush: Begin","Aurora-2",2026-08-02 16:15:38
2026-08-04 16:14:11,"cmd: SitFlush: Begin","Aurora-2",2026-08-02 16:14:11
2026-08-04 16:12:49,"cmd: SitFlush: Begin","Aurora-2",2026-08-02 16:12:49
2026-08-04 16:11:23,"cmd: SitFlush: Begin","Aurora-2",2026-08-02 16:11:23
2026-08-04 16:10:01,"cmd: SitFlush: Begin","Aurora-2",2026-08-02 16:10:01
2026-08-04 16:08:34,"cmd: SitFlush: Begin","Aurora-2",2026-08-02 16:08:34
2026-08-04 16:07:12,"cmd: SitFlush: Begin","Aurora-2",2026-08-02 16:07:12
2026-08-04 16:05:45,"cmd: SitFlush: Begin","Aurora-2",2026-08-02 16:05:45
2026-08-04 16:04:23,"cmd: SitFlush: Begin","Aurora-2",2026-08-02 16:04:23
2026-08-04 16:02:57,"cmd: SitFlush: Begin","Aurora-2",2026-08-02 16:02:57
2026-08-04 16:01:35,"cmd: SitFlush: Begin","Aurora-2",2026-08-02 16:01:35
2026-08-04 16:00:08,"cmd: SitFlush: Begin","Aurora-2",2026-08-02 16:00:08
2026-08-04 15:58:45,"cmd: SitFlush: Begin","Aurora-2",2026-08-02 15:58:45
2026-08-04 15:57:16,"cmd: SitFlush: Begin","Aurora-2",2026-08-02 15:57:16
2026-08-04 15:55:54,"cmd: SitFlush: Begin","Aurora-2",2026-08-02 15:55:54
2026-08-04 15:54:27,"cmd: SitFlush: Begin","Aurora-2",2026-08-02 15:54:27
2026-08-04 15:53:06,"cmd: SitFlush: Begin","Aurora-2",2026-08-02 15:53:06
2026-08-04 15:51:39,"cmd: SitFlush: Begin","Aurora-2",2026-08-02 15:51:39
2026-08-04 15:50:17,"cmd: SitFlush: Begin","Aurora-2",2026-08-02 15:50:17
2026-08-04 15:42:33,"cmd: SitFlush: Begin","Aurora-2",2026-08-02 15:42:33
2026-08-04 15:06:32,"cmd: SitFlush: Begin","Aurora-2",2026-08-02 15:06:32
2026-08-04 15:04:59,"cmd: SitFlush: Begin","Aurora-2",2026-08-02 15:04:59
2026-08-04 15:03:29,"cmd: SitFlush: Begin","Aurora-2",2026-08-02 15:03:29
2026-08-04 15:02:00,"cmd: SitFlush: Begin","Aurora-2",2026-08-02 15:02:00
2026-08-04 15:00:31,"cmd: SitFlush: Begin","Aurora-2",2026-08-02 15:00:31
2026-08-04 14:58:57,"cmd: SitFlush: Begin","Aurora-2",2026-08-02 14:58:57
2026-08-04 14:57:28,"cmd: SitFlush: Begin","Aurora-2",2026-08-02 14:57:28
2026-08-04 14:55:59,"cmd: SitFlush: Begin","Aurora-2",2026-08-02 14:55:59
2026-08-04 14:54:29,"cmd: SitFlush: Begin","Aurora-2",2026-08-02 14:54:29
2026-08-04 14:52:56,"cmd: SitFlush: Begin","Aurora-2",2026-08-02 14:52:56
2026-08-04 14:51:27,"cmd: SitFlush: Begin","Aurora-2",2026-08-02 14:51:27
2026-08-04 14:49:56,"cmd: SitFlush: Begin","Aurora-2",2026-08-02 14:49:56
2026-08-04 14:48:26,"cmd: SitFlush: Begin","Aurora-2",2026-08-02 14:48:26
2026-08-04 14:46:52,"cmd: SitFlush: Begin","Aurora-2",2026-08-02 14:46:52
2026-08-04 14:45:23,"cmd: SitFlush: Begin","Aurora-2",2026-08-02 14:45:23
2026-08-04 14:43:53,"cmd: SitFlush: Begin","Aurora-2",2026-08-02 14:43:53
2026-08-04 14:42:24,"cmd: SitFlush: Begin","Aurora-2",2026-08-02 14:42:24
2026-08-04 14:40:51,"cmd: SitFlush: Begin","Aurora-2",2026-08-02 14:40:51
2026-08-04 14:39:22,"cmd: SitFlush: Begin","Aurora-2",2026-08-02 14:39:22
2026-08-04 14:37:53,"cmd: SitFlush: Begin","Aurora-2",2026-08-02 14:37:53
2026-08-04 14:36:24,"cmd: SitFlush: Begin","Aurora-2",2026-08-02 14:36:24
2026-08-04 14:34:50,"cmd: SitFlush: Begin","Aurora-2",2026-08-02 14:34:50
2026-08-04 14:33:21,"cmd: SitFlush: Begin","Aurora-2",2026-08-02 14:33:21
2026-08-04 14:31:50,"cmd: SitFlush: Begin","Aurora-2",2026-08-02 14:31:50
2026-08-04 14:30:21,"cmd: SitFlush: Begin","Aurora-2",2026-08-02 14:30:21
2026-08-04 14:28:46,"cmd: SitFlush: Begin","Aurora-2",2026-08-02 14:28:46
2026-08-04 14:27:17,"cmd: SitFlush: Begin","Aurora-2",2026-08-02 14:27:17
2026-08-04 14:25:48,"cmd: SitFlush: Begin","Aurora-2",2026-08-02 14:25:48
2026-08-04 14:24:19,"cmd: SitFlush: Begin","Aurora-2",2026-08-02 14:24:19
2026-08-04 14:22:46,"cmd: SitFlush: Begin","Aurora-2",2026-08-02 14:22:46
2026-08-04 14:21:16,"cmd: SitFlush: Begin","Aurora-2",2026-08-02 14:21:16
2026-08-04 14:19:46,"cmd: SitFlush: Begin","Aurora-2",2026-08-02 14:19:46
2026-08-04 14:18:17,"cmd: SitFlush: Begin","Aurora-2",2026-08-02 14:18:17
2026-08-04 14:16:43,"cmd: SitFlush: Begin","Aurora-2",2026-08-02 14:16:43
2026-08-04 14:15:14,"cmd: SitFlush: Begin","Aurora-2",2026-08-02 14:15:14
2026-08-04 14:13:42,"cmd: SitFlush: Begin","Aurora-2",2026-08-02 14:13:42
2026-08-04 14:12:13,"cmd: SitFlush: Begin","Aurora-2",2026-08-02 14:12:13
2026-08-04 14:10:39,"cmd: SitFlush: Begin","Aurora-2",2026-08-02 14:10:39
2026-08-04 14:09:10,"cmd: SitFlush: Begin","Aurora-2",2026-08-02 14:09:10
2026-08-04 14:07:40,"cmd: SitFlush: Begin","Aurora-2",2026-08-02 14:07:40
2026-08-04 14:06:11,"cmd: SitFlush: Begin","Aurora-2",2026-08-02 14:06:11
2026-08-04 14:04:38,"cmd: SitFlush: Begin","Aurora-2",2026-08-02 14:04:38
2026-08-04 14:03:08,"cmd: SitFlush: Begin","Aurora-2",2026-08-02 14:03:08
2026-08-04 14:01:39,"cmd: SitFlush: Begin","Aurora-2",2026-08-02 14:01:39
2026-08-04 14:00:10,"cmd: SitFlush: Begin","Aurora-2",2026-08-02 14:00:10
2026-08-04 13:58:36,"cmd: SitFlush: Begin","Aurora-2",2026-08-02 13:58:36
2026-08-04 13:57:07,"cmd: SitFlush: Begin","Aurora-2",2026-08-02 13:57:07
2026-08-04 13:55:36,"cmd: SitFlush: Begin","Aurora-2",2026-08-02 13:55:36
2026-08-04 13:54:07,"cmd: SitFlush: Begin","Aurora-2",2026-08-02 13:54:07
2026-08-04 13:49:17,"cmd: SitFlush: Begin","Aurora-2",2026-08-02 13:49:17
2026-08-04 13:47:47,"cmd: SitFlush: Begin","Aurora-2",2026-08-02 13:47:47
2026-08-04 13:46:14,"cmd: SitFlush: Begin","Aurora-2",2026-08-02 13:46:14
2026-08-04 13:44:45,"cmd: SitFlush: Begin","Aurora-2",2026-08-02 13:44:45
2026-08-04 13:43:16,"cmd: SitFlush: Begin","Aurora-2",2026-08-02 13:43:16
2026-08-04 13:41:46,"cmd: SitFlush: Begin","Aurora-2",2026-08-02 13:41:46
2026-08-04 13:40:13,"cmd: SitFlush: Begin","Aurora-2",2026-08-02 13:40:13
2026-08-04 13:38:43,"cmd: SitFlush: Begin","Aurora-2",2026-08-02 13:38:43
2026-08-04 13:37:14,"cmd: SitFlush: Begin","Aurora-2",2026-08-02 13:37:14
2026-08-04 13:35:43,"cmd: SitFlush: Begin","Aurora-2",2026-08-02 13:35:43
2026-08-04 13:34:10,"cmd: SitFlush: Begin","Aurora-2",2026-08-02 13:34:10
2026-08-04 13:32:40,"cmd: SitFlush: Begin","Aurora-2",2026-08-02 13:32:40
2026-08-04 13:31:12,"cmd: SitFlush: Begin","Aurora-2",2026-08-02 13:31:12
2026-08-04 13:29:42,"cmd: SitFlush: Begin","Aurora-2",2026-08-02 13:29:42
2026-08-04 13:28:09,"cmd: SitFlush: Begin","Aurora-2",2026-08-02 13:28:09
2026-08-04 13:26:39,"cmd: SitFlush: Begin","Aurora-2",2026-08-02 13:26:39
2026-08-04 13:25:10,"cmd: SitFlush: Begin","Aurora-2",2026-08-02 13:25:10
2026-08-04 13:23:40,"cmd: SitFlush: Begin","Aurora-2",2026-08-02 13:23:40
2026-08-04 13:22:07,"cmd: SitFlush: Begin","Aurora-2",2026-08-02 13:22:07
2026-08-04 13:20:38,"cmd: SitFlush: Begin","Aurora-2",2026-08-02 13:20:38
2026-08-04 13:19:08,"cmd: SitFlush: Begin","Aurora-2",2026-08-02 13:19:08
2026-08-04 13:17:30,"cmd: SitFlush: Begin","Aurora-2",2026-08-02 13:17:30
2026-08-04 13:15:05,"cmd: SitFlush: Begin","Aurora-2",2026-08-02 13:15:05
2026-08-04 13:13:29,"cmd: SitFlush: Begin","Aurora-2",2026-08-02 13:13:29
2026-08-04 13:11:55,"cmd: SitFlush: Begin","Aurora-2",2026-08-02 13:11:55
2026-08-04 13:10:22,"cmd: SitFlush: Begin","Aurora-2",2026-08-02 13:10:22
2026-08-04 13:08:41,"cmd: SitFlush: Begin","Aurora-2",2026-08-02 13:08:41
2026-08-04 13:07:52,"cmd: SitFlush: Begin","Aurora-2",2026-08-02 13:07:52
2026-08-04 13:07:17,"cmd: SitFlush: Begin","Aurora-2",2026-08-02 13:07:17
2026-08-04 12:51:55,"cmd: SitFlush: Begin","Aurora-2",2026-08-02 12:51:55
2026-08-04 12:41:02,"cmd: SitFlush: Begin","Aurora-2",2026-08-02 12:41:02
2026-08-04 12:24:50,"cmd: SitFlush: Begin","Aurora-2",2026-08-02 12:24:50
2026-08-04 12:10:59,"cmd: SitFlush: Begin","Aurora-2",2026-08-02 12:10:59
2026-08-04 11:58:30,"cmd: SitFlush: Begin","Aurora-2",2026-08-02 11:58:30
2026-08-04 11:44:44,"cmd: SitFlush: Begin","Aurora-2",2026-08-02 11:44:44
2026-08-04 11:37:32,"cmd: SitFlush: Begin","Aurora-2",2026-08-02 11:37:32
2026-08-04 11:36:21,"cmd: SitFlush: Begin","Aurora-2",2026-08-02 11:36:21
2026-08-04 11:27:31,"cmd: SitFlush: Begin","Aurora-2",2026-08-02 11:27:31
2026-08-04 11:17:01,"cmd: SitFlush: Begin","Aurora-2",2026-08-02 11:17:01
2026-08-04 11:15:57,"cmd: SitFlush: Begin","Aurora-2",2026-08-02 11:15:57
2026-08-04 11:14:42,"cmd: SitFlush: Begin","Aurora-2",2026-08-02 11:14:42
2026-08-04 11:13:47,"cmd: SitFlush: Begin","Aurora-2",2026-08-02 11:13:47
2026-08-04 11:12:40,"cmd: SitFlush: Begin","Aurora-2",2026-08-02 11:12:40
2026-08-04 11:11:37,"cmd: SitFlush: Begin","Aurora-2",2026-08-02 11:11:37
2026-08-04 11:10:28,"cmd: SitFlush: Begin","Aurora-2",2026-08-02 11:10:28
2026-08-04 11:09:12,"cmd: SitFlush: Begin","Aurora-2",2026-08-02 11:09:12
2026-08-04 11:07:49,"cmd: SitFlush: Begin","Aurora-2",2026-08-02 11:07:49
2026-08-04 11:06:25,"cmd: SitFlush: Begin","Aurora-2",2026-08-02 11:06:25
2026-08-04 11:05:17,"cmd: SitFlush: Begin","Aurora-2",2026-08-02 11:05:17
2026-08-04 11:03:30,"cmd: SitFlush: Begin","Aurora-2",2026-08-02 11:03:30
2026-08-04 11:00:09,"cmd: SitFlush: Begin","Aurora-2",2026-08-02 11:00:09
2026-08-04 10:57:38,"cmd: SitFlush: Begin","Aurora-2",2026-08-02 10:57:38
2026-08-04 10:56:31,"cmd: SitFlush: Begin","Aurora-2",2026-08-02 10:56:31
2026-08-04 10:55:22,"cmd: SitFlush: Begin","Aurora-2",2026-08-02 10:55:22
2026-08-04 10:54:07,"cmd: SitFlush: Begin","Aurora-2",2026-08-02 10:54:07
2026-08-04 10:48:13,"cmd: SitFlush: Begin","Aurora-2",2026-08-02 10:48:13
2026-08-04 10:47:34,"cmd: SitFlush: Begin","Aurora-2",2026-08-02 10:47:34
2026-08-04 10:44:49,"cmd: SitFlush: Begin","Aurora-2",2026-08-02 10:44:49
2026-08-04 10:43:41,"cmd: SitFlush: Begin","Aurora-2",2026-08-02 10:43:41
2026-08-04 10:37:03,"cmd: SitFlush: Begin","Aurora-2",2026-08-02 10:37:03
2026-08-04 10:35:54,"cmd: SitFlush: Begin","Aurora-2",2026-08-02 10:35:54
2026-08-04 10:34:47,"cmd: SitFlush: Begin","Aurora-2",2026-08-02 10:34:47
2026-08-04 10:32:49,"cmd: SitFlush: Begin","Aurora-2",2026-08-02 10:32:49
2026-08-04 10:31:29,"cmd: SitFlush: Begin","Aurora-2",2026-08-02 10:31:29
2026-08-04 10:26:59,"cmd: SitFlush: Begin","Aurora-2",2026-08-02 10:26:59
2026-08-04 10:25:16,"cmd: SitFlush: Begin","Aurora-2",2026-08-02 10:25:16
2026-08-04 10:22:29,"cmd: SitFlush: Begin","Aurora-2",2026-08-02 10:22:29
2026-08-04 10:21:38,"cmd: SitFlush: Begin","Aurora-2",2026-08-02 10:21:38
2026-08-04 10:19:52,"cmd: SitFlush: Begin","Aurora-2",2026-08-02 10:19:52
2026-08-04 10:18:52,"cmd: SitFlush: Begin","Aurora-2",2026-08-02 10:18:52
2026-08-04 10:17:43,"cmd: SitFlush: Begin","Aurora-2",2026-08-02 10:17:43
2026-08-04 10:16:48,"cmd: SitFlush: Begin","Aurora-2",2026-08-02 10:16:48
2026-08-04 10:15:58,"cmd: SitFlush: Begin","Aurora-2",2026-08-02 10:15:58
2026-08-04 10:15:12,"cmd: SitFlush: Begin","Aurora-2",2026-08-02 10:15:12
2026-08-04 10:13:32,"cmd: SitFlush: Begin","Aurora-2",2026-08-02 10:13:32
2026-08-04 10:12:06,"cmd: SitFlush: Begin","Aurora-2",2026-08-02 10:12:06
2026-08-04 10:10:12,"cmd: SitFlush: Begin","Aurora-2",2026-08-02 10:10:12
2026-08-04 10:09:07,"cmd: SitFlush: Begin","Aurora-2",2026-08-02 10:09:07
2026-08-04 10:08:03,"cmd: SitFlush: Begin","Aurora-2",2026-08-02 10:08:03
2026-08-04 10:07:10,"cmd: SitFlush: Begin","Aurora-2",2026-08-02 10:07:10
2026-08-04 10:06:19,"cmd: SitFlush: Begin","Aurora-2",2026-08-02 10:06:19
2026-08-04 10:05:01,"cmd: SitFlush: Begin","Aurora-2",2026-08-02 10:05:01
2026-08-04 10:03:51,"cmd: SitFlush: Begin","Aurora-2",2026-08-02 10:03:51
2026-08-04 09:58:43,"cmd: SitFlush: Begin","Aurora-2",2026-08-02 09:58:43
2026-08-04 09:56:20,"cmd: SitFlush: Begin","Aurora-2",2026-08-02 09:56:20
2026-08-04 09:53:13,"cmd: SitFlush: Begin","Aurora-2",2026-08-02 09:53:13
2026-08-04 09:51:49,"cmd: SitFlush: Begin","Aurora-2",2026-08-02 09:51:49
2026-08-04 09:48:29,"cmd: SitFlush: Begin","Aurora-2",2026-08-02 09:48:29
2026-08-04 09:48:02,"cmd: SitFlush: Begin","Aurora-2",2026-08-02 09:48:02
2026-08-04 09:38:28,"cmd: SitFlush: Begin","Aurora-2",2026-08-02 09:38:28
2026-08-04 09:36:26,"cmd: SitFlush: Begin","Aurora-2",2026-08-02 09:36:26
2026-08-04 09:11:56,"cmd: SitFlush: Begin","Aurora-2",2026-08-02 09:11:56
2026-08-03 18:22:01,"cmd: SitFlush: Begin","Aurora-2",2026-08-02 18:22:01
2026-08-03 18:19:55,"cmd: SitFlush: Begin","Aurora-2",2026-08-02 18:19:55
2026-08-03 18:18:48,"cmd: SitFlush: Begin","Aurora-2",2026-08-02 18:18:48
2026-08-03 18:13:51,"cmd: SitFlush: Begin","Aurora-2",2026-08-02 18:13:51
2026-08-03 18:08:38,"cmd: SitFlush: Begin","Aurora-2",2026-08-02 18:08:38
2026-08-03 18:04:21,"cmd: SitFlush: Begin","Aurora-2",2026-08-02 18:04:21
2026-08-03 15:49:59,"cmd: SitFlush: Begin","Aurora-2",2026-08-02 15:49:59
2026-08-03 15:49:05,"cmd: SitFlush: Begin","Aurora-2",2026-08-02 15:49:05
2026-08-03 15:48:10,"cmd: SitFlush: Begin","Aurora-2",2026-08-02 15:48:10
2026-08-03 15:47:16,"cmd: SitFlush: Begin","Aurora-2",2026-08-02 15:47:16
2026-08-03 15:46:23,"cmd: SitFlush: Begin","Aurora-2",2026-08-02 15:46:23
2026-08-03 15:45:28,"cmd: SitFlush: Begin","Aurora-2",2026-08-02 15:45:28
2026-08-03 15:44:34,"cmd: SitFlush: Begin","Aurora-2",2026-08-02 15:44:34
2026-08-03 15:43:37,"cmd: SitFlush: Begin","Aurora-2",2026-08-02 15:43:37
2026-08-03 15:41:40,"cmd: SitFlush: Begin","Aurora-2",2026-08-02 15:41:40
2026-08-03 15:40:53,"cmd: SitFlush: Begin","Aurora-2",2026-08-02 15:40:53
2026-08-03 15:38:18,"cmd: SitFlush: Begin","Aurora-2",2026-08-02 15:38:18
2026-08-03 15:37:19,"cmd: SitFlush: Begin","Aurora-2",2026-08-02 15:37:19
2026-08-03 15:36:43,"cmd: SitFlush: Begin","Aurora-2",2026-08-02 15:36:43
2026-08-03 14:17:18,"cmd: SitFlush: Begin","Aurora-2",2026-08-02 14:17:18
2026-08-03 14:13:24,"cmd: SitFlush: Begin","Aurora-2",2026-08-02 14:13:24
2026-08-03 14:01:27,"cmd: SitFlush: Begin","Aurora-2",2026-08-02 14:01:27
2026-08-03 14:00:50,"cmd: SitFlush: Begin","Aurora-2",2026-08-02 14:00:50
2026-08-03 14:00:03,"cmd: SitFlush: Begin","Aurora-2",2026-08-02 14:00:03
2026-08-03 13:57:52,"cmd: SitFlush: Begin","Aurora-2",2026-08-02 13:57:52
2026-08-03 13:57:17,"cmd: SitFlush: Begin","Aurora-2",2026-08-02 13:57:17
2026-08-03 13:56:43,"cmd: SitFlush: Begin","Aurora-2",2026-08-02 13:56:43
2026-08-03 13:55:56,"cmd: SitFlush: Begin","Aurora-2",2026-08-02 13:55:56
2026-08-03 13:51:33,"cmd: SitFlush: Begin","Aurora-2",2026-08-02 13:51:33
2026-08-03 13:48:21,"cmd: SitFlush: Begin","Aurora-2",2026-08-02 13:48:21
2026-08-03 13:47:38,"cmd: SitFlush: Begin","Aurora-2",2026-08-02 13:47:38
2026-08-03 13:45:44,"cmd: SitFlush: Begin","Aurora-2",2026-08-02 13:45:44
2026-08-03 13:45:12,"cmd: SitFlush: Begin","Aurora-2",2026-08-02 13:45:12
2026-08-03 13:44:26,"cmd: SitFlush: Begin","Aurora-2",2026-08-02 13:44:26
2026-08-03 13:43:44,"cmd: SitFlush: Begin","Aurora-2",2026-08-02 13:43:44
2026-08-03 12:34:53,"cmd: SitFlush: Begin","Aurora-2",2026-08-02 12:34:53
2026-08-03 12:33:27,"cmd: SitFlush: Begin","Aurora-2",2026-08-02 12:33:27
2026-08-03 12:32:50,"cmd: SitFlush: Begin","Aurora-2",2026-08-02 12:32:50
2026-08-03 12:32:01,"cmd: SitFlush: Begin","Aurora-2",2026-08-02 12:32:01
2026-08-03 11:54:15,"cmd: SitFlush: Begin","Aurora-2",2026-08-02 11:54:15
2026-08-03 11:52:56,"cmd: SitFlush: Begin","Aurora-2",2026-08-02 11:52:56
2026-08-03 11:51:34,"cmd: SitFlush: Begin","Aurora-2",2026-08-02 11:51:34
2026-08-03 11:50:14,"cmd: SitFlush: Begin","Aurora-2",2026-08-02 11:50:14
2026-08-03 11:48:51,"cmd: SitFlush: Begin","Aurora-2",2026-08-02 11:48:51
2026-08-03 11:47:35,"cmd: SitFlush: Begin","Aurora-2",2026-08-02 11:47:35
2026-08-03 11:46:13,"cmd: SitFlush: Begin","Aurora-2",2026-08-02 11:46:13
2026-08-03 11:44:51,"cmd: SitFlush: Begin","Aurora-2",2026-08-02 11:44:51
2026-08-03 11:43:30,"cmd: SitFlush: Begin","Aurora-2",2026-08-02 11:43:30
2026-08-03 11:36:47,"cmd: SitFlush: Begin","Aurora-2",2026-08-02 11:36:47
2026-08-03 10:57:35,"cmd: SitFlush: Begin","Aurora-2",2026-08-02 10:57:35
2026-08-03 10:47:13,"cmd: SitFlush: Begin","Aurora-2",2026-08-02 10:47:13
2026-08-03 10:36:54,"cmd: SitFlush: Begin","Aurora-2",2026-08-02 10:36:54
2026-08-03 10:26:36,"cmd: SitFlush: Begin","Aurora-2",2026-08-02 10:26:36
2026-08-03 10:16:10,"cmd: SitFlush: Begin","Aurora-2",2026-08-02 10:16:10
2026-08-03 10:05:39,"cmd: SitFlush: Begin","Aurora-2",2026-08-02 10:05:39
2026-08-03 10:02:55,"cmd: SitFlush: Begin","Aurora-2",2026-08-02 10:02:55
2026-08-03 09:49:42,"cmd: SitFlush: Begin","Aurora-2",2026-08-02 09:49:42
2026-08-03 09:45:04,"cmd: SitFlush: Begin","Aurora-2",2026-08-02 09:45:04
2026-08-03 09:43:12,"cmd: SitFlush: Begin","Aurora-2",2026-08-02 09:43:12
2026-08-03 09:42:05,"cmd: SitFlush: Begin","Aurora-2",2026-08-02 09:42:05
2026-08-03 09:39:09,"cmd: SitFlush: Begin","Aurora-2",2026-08-02 09:39:09
2026-08-03 09:38:11,"cmd: SitFlush: Begin","Aurora-2",2026-08-02 09:38:11
2026-08-03 09:35:40,"cmd: SitFlush: Begin","Aurora-2",2026-08-02 09:35:40
2026-08-03 09:32:13,"cmd: SitFlush: Begin","Aurora-2",2026-08-02 09:32:13
2026-08-03 09:31:07,"cmd: SitFlush: Begin","Aurora-2",2026-08-02 09:31:07
2026-08-03 08:59:56,"cmd: SitFlush: Begin","Aurora-2",2026-08-02 08:59:56
