"SAMPLE","DateTime","DATE","TIME","Timepoint","CYT","CYTSN","OP","UV1-A_Gain","UV2-A_Gain","UV3-A_Gain","UV4-A_Gain","UV5-A_Gain","UV6-A_Gain","UV7-A_Gain","UV8-A_Gain","UV9-A_Gain","UV10-A_Gain","UV11-A_Gain","UV12-A_Gain","UV13-A_Gain","UV14-A_Gain","UV15-A_Gain","UV16-A_Gain","SSC-H_Gain","SSC-A_Gain","V1-A_Gain","V2-A_Gain","V3-A_Gain","V4-A_Gain","V5-A_Gain","V6-A_Gain","V7-A_Gain","V8-A_Gain","V9-A_Gain","V10-A_Gain","V11-A_Gain","V12-A_Gain","V13-A_Gain","V14-A_Gain","V15-A_Gain","V16-A_Gain","FSC-H_Gain","FSC-A_Gain","SSC-B-H_Gain","SSC-B-A_Gain","B1-A_Gain","B2-A_Gain","B3-A_Gain","B4-A_Gain","B5-A_Gain","B6-A_Gain","B7-A_Gain","B8-A_Gain","B9-A_Gain","B10-A_Gain","B11-A_Gain","B12-A_Gain","B13-A_Gain","B14-A_Gain","YG1-A_Gain","YG2-A_Gain","YG3-A_Gain","YG4-A_Gain","YG5-A_Gain","YG6-A_Gain","YG7-A_Gain","YG8-A_Gain","YG9-A_Gain","YG10-A_Gain","R1-A_Gain","R2-A_Gain","R3-A_Gain","R4-A_Gain","R5-A_Gain","R6-A_Gain","R7-A_Gain","R8-A_Gain","YellowGreen_LaserDelay","Violet_LaserDelay","Blue_LaserDelay","Red_LaserDelay","UV_LaserDelay","YellowGreen_AreaScalingFactor","Violet_AreaScalingFactor","Blue_AreaScalingFactor","Red_AreaScalingFactor","UV_AreaScalingFactor","UV1-A-% rCV","UV2-A-% rCV","UV3-A-% rCV","UV4-A-% rCV","UV5-A-% rCV","UV6-A-% rCV","UV7-A-% rCV","UV8-A-% rCV","UV9-A-% rCV","UV10-A-% rCV","UV11-A-% rCV","UV12-A-% rCV","UV13-A-% rCV","UV14-A-% rCV","UV15-A-% rCV","UV16-A-% rCV","SSC-H-% rCV","SSC-A-% rCV","V1-A-% rCV","V2-A-% rCV","V3-A-% rCV","V4-A-% rCV","V5-A-% rCV","V6-A-% rCV","V7-A-% rCV","V8-A-% rCV","V9-A-% rCV","V10-A-% rCV","V11-A-% rCV","V12-A-% rCV","V13-A-% rCV","V14-A-% rCV","V15-A-% rCV","V16-A-% rCV","FSC-H-% rCV","FSC-A-% rCV","SSC-B-H-% rCV","SSC-B-A-% rCV","B1-A-% rCV","B2-A-% rCV","B3-A-% rCV","B4-A-% rCV","B5-A-% rCV","B6-A-% rCV","B7-A-% rCV","B8-A-% rCV","B9-A-% rCV","B10-A-% rCV","B11-A-% rCV","B12-A-% rCV","B13-A-% rCV","B14-A-% rCV","YG1-A-% rCV","YG2-A-% rCV","YG3-A-% rCV","YG4-A-% rCV","YG5-A-% rCV","YG6-A-% rCV","YG7-A-% rCV","YG8-A-% rCV","YG9-A-% rCV","YG10-A-% rCV","R1-A-% rCV","R2-A-% rCV","R3-A-% rCV","R4-A-% rCV","R5-A-% rCV","R6-A-% rCV","R7-A-% rCV","R8-A-% rCV","UV1-A","UV2-A","UV3-A","UV4-A","UV5-A","UV6-A","UV7-A","UV8-A","UV9-A","UV10-A","UV11-A","UV12-A","UV13-A","UV14-A","UV15-A","UV16-A","SSC-H","SSC-A","V1-A","V2-A","V3-A","V4-A","V5-A","V6-A","V7-A","V8-A","V9-A","V10-A","V11-A","V12-A","V13-A","V14-A","V15-A","V16-A","FSC-H","FSC-A","SSC-B-H","SSC-B-A","B1-A","B2-A","B3-A","B4-A","B5-A","B6-A","B7-A","B8-A","B9-A","B10-A","B11-A","B12-A","B13-A","B14-A","YG1-A","YG2-A","YG3-A","YG4-A","YG5-A","YG6-A","YG7-A","YG8-A","YG9-A","YG10-A","R1-A","R2-A","R3-A","R4-A","R5-A","R6-A","R7-A","R8-A"
"082026",2026-08-20 08:29:00.63,2026-08-20,8H 29M 0.63S,"Unknown","Aurora","U1629","Admin",1584,502,350,282,383,439,646,491,648,431,542,535,773,1291,1012,1515,251,251,214,352,285,207,230,244,325,396,391,395,305,272,271,410,474,444,339,339,228,228,606,417,374,361,278,270,605,362,586,557,450,389,563,730,379,326,225,420,379,488,329,296,455,422,185,159,279,295,207,222,340,257,-40.075,-19.45,0,21.075,39.5,1.15,1.03,1.1,1.04,0.88,13.28,2.63,1.55,1.71,1.67,1.72,1.63,1.85,1.88,1.99,2.92,4.44,6.54,8.25,11.71,18.31,1.77,1.78,1.5,1.39,1.38,1.29,1.24,1.28,1.24,1.39,1.44,1.41,1.84,2.43,2.75,3.65,4.65,7.26,2.6,2.45,1.44,1.45,2.29,2.07,1.71,1.76,1.83,1.76,1.98,1.92,2.28,2.71,3.16,3.64,4.61,5.44,1.4,1.47,1.33,1.52,1.86,1.96,1.95,2.29,2.88,3.67,2.25,2.34,2.51,2.59,2.46,2.6,2.66,2.94,3532.02233886719,40514.953125,90273.58984375,105211.27734375,148396.1484375,222873.09375,292896.640625,141213.4453125,107859.17578125,49642.923828125,20950.2529296875,10624.361328125,7345.68725585938,7875.06811523438,4892.23315429688,3277.32006835938,1826357,1807728.75,175217.234375,417570.125,499760.5625,509662.859375,470532.953125,338807.875,348070.875,189840.3046875,125440.8046875,134587,57186.998046875,32168.529296875,22048.388671875,18381.5234375,12988.068359375,5522.45581054688,1792987,1806293.5,2013571.5,2016767.4375,62893.35546875,64696.5390625,168284.6015625,209025.09375,201309.859375,171500.734375,103360.9609375,76782.49609375,63298.6484375,34891.05859375,21886.5498046875,19019.1943359375,12635.7104492188,13150.3330078125,210033.1875,254909.984375,303932.734375,196752.875,157379.5703125,115408.35546875,115327.2109375,55151.26171875,36918.29296875,18997.109375,148904.734375,299034.96875,242000.734375,151479.3359375,139932.1875,115685.89453125,102298.8671875,48643.328125
"81926",2026-08-19 08:52:37.36,2026-08-19,8H 52M 37.36S,"Unknown","Aurora","U1629","Admin",1578,499,348,280,380,436,643,489,647,430,542,533,769,1283,1004,1503,250,250,214,351,284,207,229,244,325,396,392,395,305,272,270,408,471,440,340,340,229,229,609,420,378,365,281,273,614,366,591,562,453,392,567,734,383,329,227,425,384,492,330,298,457,424,187,160,278,294,205,220,337,255,-40.1,-19.425,0,21.025,39.45,1.15,1.03,1.1,1.04,0.89,14.37,2.57,1.94,2.17,2.19,2.25,2.24,2.26,2.24,2.11,2.95,4.35,6.48,8.7,10.89,19.38,2.05,1.99,2.23,2.26,2.27,2.18,2.28,2.16,2.18,2.02,1.95,1.91,2.27,2.74,3.26,4.11,4.85,7.44,2.73,2.66,1.98,1.53,2.54,2.39,2.13,2.18,2.22,2.05,2.5,2.1,2.36,3.14,3.69,3.5,4.91,5.4,1.6,1.57,1.41,1.62,1.97,2.06,2.09,2.36,3.1,3.69,2.49,2.63,2.71,2.88,2.87,2.65,2.98,2.92,3540.17504882812,40622.3359375,90490.78515625,104414.23828125,147336.09375,223735.3125,289228.546875,141932.4296875,108225.69140625,49835.177734375,21046.7216796875,10699.0263671875,7314.4599609375,7691.7431640625,4849.62036132812,3209.69067382812,1831076.5,1814497.1875,175823.5703125,419714.359375,502439.515625,512591.28125,473552.6875,341262.546875,348851.03125,191125.71875,127383.26171875,135409.1640625,57831.525390625,32506.3037109375,22107.3408203125,18437.732421875,13027.3408203125,5538.99487304688,1785943,1801824.75,2000838,2008054.875,63675.84375,64512.751953125,167769.1875,211006.3046875,202799.5546875,172786.546875,104929.87890625,77672.1796875,63529.986328125,34867.296875,22204.9287109375,19098.3984375,12707.65234375,13221.4921875,208631.1171875,251309.1953125,303388.71875,197911.859375,158600.765625,116876.07421875,115465.0625,55213.185546875,36860.1953125,19033.62109375,150220.5546875,300102.5,241172.7265625,151317.234375,138165.578125,114602.73046875,100946.04296875,47975.52734375
"81826",2026-08-18 09:26:05.32,2026-08-18,9H 26M 5.32S,"Unknown","Aurora","U1629","Admin",1575,501,347,279,380,434,638,499,667,432,549,513,706,1137,889,1309,249,249,214,351,285,207,231,245,329,405,398,398,308,257,246,367,417,387,341,341,230,230,620,435,393,379,290,278,628,364,568,515,417,356,511,659,392,323,222,421,366,446,292,258,392,360,187,152,247,253,180,192,292,217,-40.1,-19.425,0,21.05,39.5,1.15,1.03,1.09,1.05,0.89,14.66,2.18,1.41,1.55,1.64,1.62,1.63,1.71,1.83,1.91,2.63,3.88,6.31,7.56,11.04,18.05,1.72,1.56,1.23,1.08,1.13,1.08,1.08,1.03,1.07,1.1,1.22,1.29,1.55,2.34,2.57,3.39,4.7,7.09,2.38,2.33,1.4,1.2,2.22,1.89,1.61,1.71,1.78,1.72,1.91,1.84,2.21,2.82,3.27,3.41,4.91,5.38,1.17,1.13,1,1.19,1.49,1.7,1.62,2.33,2.93,3.51,1.81,2.15,2.21,2.26,2.31,2.43,2.57,2.67,3507.03881835938,40776.76171875,89648.0234375,104946.0546875,148056.765625,222014.171875,289163.3125,144771.0625,112524.515625,49985.30859375,21430.103515625,10181.6708984375,6773.51806640625,7030.0498046875,4314.58447265625,2844.73193359375,1816872,1803491.125,176160.296875,419236.8125,502406.09375,512346.3125,477187.40625,340520.96875,352481.46875,195693.046875,129064.9765625,136815.140625,57476.40625,30587.1796875,20066.90234375,16526.8046875,11502.9140625,4865.42333984375,1800585,1826069.5,2025053,2024153.875,64478.09765625,66870.7734375,175002.5,217509.6875,208234.328125,175652.234375,105941.125,76165.171875,60482.06640625,32169.5625,20124.35546875,17169.884765625,11423.4326171875,11743.1787109375,216076.296875,251966.03125,299199.6875,197231.671875,151750.953125,106683.3828125,102645.171875,48240.27734375,31897.865234375,16559.794921875,152184.734375,289705.5625,215825.46875,132848.09375,122620.3828125,100924.9921875,88033.78125,41392.859375
"81726",2026-08-17 09:01:18.6,2026-08-17,9H 1M 18.6S,"Unknown","Aurora","U1629","Admin",1613,508,356,286,391,440,655,505,672,444,553,527,747,1222,957,1416,248,248,213,350,285,206,230,244,325,399,399,399,306,266,258,384,441,410,340,340,229,229,618,423,384,373,287,275,614,363,579,539,435,372,537,693,390,335,229,423,377,474,313,279,425,392,179,154,260,270,190,205,312,234,-40.15,-19.425,0,21,39.45,1.15,1.03,1.09,1.04,0.9,14.06,2.4,1.92,2.04,2.22,2.17,2.22,2.07,2.22,2.25,2.93,4.13,6.02,8.35,11.34,19.56,2.36,2.01,2.29,2.35,2.45,2.46,2.36,2.47,2.36,2.32,2.14,2.18,2.47,2.88,3.49,3.91,5.11,8.12,2.61,2.49,2.04,1.51,2.55,2.28,2.16,2.23,2.34,2.35,2.61,2.32,2.43,3.18,3.52,3.57,5.27,5.6,1.64,1.62,1.3,1.55,1.89,2.03,1.98,2.4,3.05,4,2.19,2.54,2.59,2.58,2.67,2.66,2.87,2.72,3577.43530273438,40818.75,90652.4609375,105584.6640625,151315.140625,222521.6875,295878.90625,145119.421875,111201.34375,50643.140625,21268.734375,10410.681640625,7023.6318359375,7379.55615234375,4633.646484375,3045.86181640625,1824603,1810720.75,175905.859375,423761.125,507111.75,512521.65625,477589.9375,343708.625,352693.21875,194797.375,129909.1484375,137964.75,58069.76953125,31953.830078125,21312.892578125,17412.833984375,12173.330078125,5185.11865234375,1782730,1805485.125,2004947,2000992.125,64758.125,65328.3046875,171206.03125,215016.734375,206126.421875,174257.78125,104550,76427.203125,61923.171875,33444.203125,21019.271484375,17977.0859375,11998.7158203125,12460.4560546875,214111.953125,256683.171875,305322.25,198309.75,156887.78125,111634.59375,109272.96875,51617.8984375,34421.98828125,17838.0859375,143774.65625,287987.8125,225546.9375,139078.875,128421.0546875,106633.0859375,92859.8125,44092.68359375
"81226",2026-08-12 08:21:59.36,2026-08-12,8H 21M 59.36S,"Unknown","Aurora","U1629","Admin",1616,510,357,287,390,443,654,509,672,441,550,534,747,1226,965,1438,249,249,215,351,284,207,230,244,327,396,391,394,308,264,257,386,443,415,339,339,229,229,612,426,385,369,281,272,610,361,573,533,433,371,535,696,385,321,221,419,369,461,308,277,421,391,188,156,263,275,192,206,316,238,-40.1,-19.375,0,20.975,39.425,1.15,1.03,1.1,1.04,0.89,14.07,2.58,1.91,1.95,2.13,2.15,2.11,2.16,2.32,2.36,3.04,4.1,6.55,8.2,11.69,18.52,2.24,1.89,2.55,2.64,2.77,2.72,2.7,2.68,2.5,2.48,2.4,2.3,2.46,2.92,3.27,4.08,4.86,7.53,2.81,2.57,2.21,1.56,2.53,2.59,2.25,2.38,2.49,2.6,2.74,2.56,2.79,3.71,3.68,3.58,5.6,5.84,1.9,1.8,1.52,1.67,1.94,1.9,1.99,2.31,2.93,3.81,2.51,2.58,2.57,2.5,2.71,2.54,2.81,2.91,3548.43725585938,40162.41015625,90218.6875,104698.4375,148848.484375,220927.515625,290161.6875,144216.9375,109270.5859375,50008.4296875,21018.75390625,10511.017578125,6994.818359375,7413.11083984375,4589.677734375,3039.81762695312,1815206,1798941.375,176752.453125,421728.5625,504484.5625,514458.6875,474610.84375,341655.21875,354624.4375,191805.140625,126502.40625,136013.921875,58048.5078125,31707.234375,21200.384765625,17667.966796875,12339.3994140625,5281.92626953125,1779317,1798801.75,2001436,2009483.625,63712.6640625,66560.2421875,172189.8125,214161.484375,203932.9375,172153.890625,103823.53125,77206.8203125,61446.0546875,33916.30859375,21254.5859375,18173.271484375,12094.6533203125,12667.1201171875,211078.640625,247134.578125,297771.375,196399.203125,153694.984375,110095.515625,108182.6640625,51399.515625,34140.9453125,17787.228515625,151903.75,295029.84375,229475.984375,141510.71875,130931.484375,108284.25,94990.171875,45562.69921875
"81126",2026-08-11 09:05:27.93,2026-08-11,9H 5M 27.93S,"Unknown","Aurora","U1629","Admin",1571,502,354,284,387,443,653,504,666,438,554,515,708,1143,898,1329,250,250,214,350,284,206,232,245,327,404,398,395,309,258,246,364,417,385,340,340,229,229,614,431,392,376,285,276,624,364,566,513,413,353,508,652,393,326,226,422,367,447,294,261,395,364,187,152,249,253,180,192,292,218,-40,-19.325,0,21.025,39.5,1.15,1.03,1.1,1.04,0.9,14.93,2.43,1.5,1.61,1.64,1.62,1.75,1.73,1.83,2,2.88,4.25,6.24,7.69,11.21,19.07,2.04,1.84,1.57,1.49,1.5,1.44,1.46,1.45,1.4,1.38,1.46,1.42,1.81,2.59,2.85,3.8,4.7,7.74,2.58,2.79,1.64,1.45,2.28,2.12,1.9,1.98,2.05,2.02,2.18,2.17,2.41,3.02,3.52,3.74,5.61,5.66,1.49,1.4,1.31,1.43,1.9,1.96,1.92,2.22,3.01,3.61,2.21,2.48,2.56,2.6,2.53,2.55,2.85,2.76,3530.63793945312,40506.91015625,91084.265625,106147.3125,150137.640625,225639.59375,297767.0625,145605.546875,111430.0546875,50293.13671875,21319.36328125,10334.78515625,6681.509765625,7073.7138671875,4355.8466796875,2860.23706054688,1830570,1813497.5,175828.90625,419325.3125,502749.4375,508104.21875,477628.375,340463.875,353677.9375,195483.875,129258.5625,135388.4375,58360.56640625,30731.21875,20116.78515625,16423.6484375,11485.4990234375,4825.45458984375,1794622,1810206.75,2003598,2011605.375,64129.78515625,66512.96875,174294.25,219070.140625,207731.546875,175468.28125,107313.34375,76878.4296875,61075.55078125,32390.3046875,20086.533203125,17150.02734375,11549.1953125,11775.4501953125,217623.859375,253739.90625,303631.03125,197366.46875,153766.609375,106586.015625,103088.046875,48482.5,32158.923828125,16604.435546875,150160.875,285874.125,215959.203125,131447.609375,121299.6640625,99651.6953125,87166.9296875,41217.54296875
"80726",2026-08-07 08:38:58.96,2026-08-07,8H 38M 58.96S,"Unknown","Aurora","U1629","Admin",1607,508,353,285,388,441,647,498,655,438,552,540,760,1256,976,1450,249,249,214,350,284,207,230,244,326,396,398,396,305,271,265,397,458,427,339,339,227,227,606,424,382,365,281,275,614,364,587,543,442,379,550,707,387,336,230,422,379,485,324,290,443,409,179,157,269,281,197,213,325,244,-40.125,-19.375,0,20.975,39.475,1.15,1.03,1.1,1.04,0.9,13.1,2.59,2.03,2.22,2.31,2.4,2.49,2.49,2.3,2.56,3.15,4.35,6.93,8.33,11.37,19.69,2.02,1.86,2.36,2.47,2.63,2.62,2.61,2.54,2.45,2.21,2.18,2.07,2.29,2.99,3.28,3.91,4.66,7.56,2.98,2.82,2.22,1.59,2.71,2.41,2.28,2.32,2.39,2.33,2.53,2.66,2.51,3.39,4.03,3.75,5.3,5.42,1.84,1.83,1.71,1.68,2.08,2.12,2.11,2.32,3.13,3.72,2.55,2.74,2.62,2.66,2.81,2.71,2.83,2.89,3605.58618164062,40547.783203125,90058.58203125,104851.37890625,148885.03125,223070.8515625,289162.234375,141731.9296875,107029.66796875,49856.212890625,21175.390625,10801.0024414062,7189.1943359375,7493.74609375,4679.04345703125,3086.66357421875,1814689,1798963.9375,176543.921875,421614.875,504644.59375,514620.46875,475013.96875,341860.96875,350751,191431.5234375,129738.05078125,137692.9375,58049.7109375,32400.7275390625,21944.6142578125,18204.150390625,12751.8295898438,5432.16186523438,1778380.5,1795304.25,1974995,1987008.5625,62708.48046875,65270.880859375,169976.4375,210921.6875,203119.4453125,175065.609375,105001.97265625,77129.12109375,63670.201171875,34460.5078125,21678.529296875,18552.986328125,12305.1333007812,12818.0092773438,211133.25,258362.546875,307392.46875,197144.1328125,158172.3359375,116053.1171875,114219.734375,54069.310546875,35981.958984375,18626.71484375,144301.3046875,296710.875,234638.03125,145108.59375,134232.875,111979.92578125,97930.703125,46338.521484375
"80626",2026-08-06 09:09:40,2026-08-06,9H 9M 40S,"Unknown","Aurora","U1629","Admin",1586,504,351,283,386,440,644,499,669,437,551,518,723,1163,918,1364,249,249,215,352,285,207,231,245,327,402,394,395,307,261,251,373,428,399,339,339,229,229,614,427,389,375,284,276,621,362,578,524,421,359,519,669,393,329,226,419,373,454,301,268,407,377,187,154,255,262,185,198,302,226,-40.075,-19.4,0,20.975,39.425,1.15,1.03,1.1,1.04,0.9,13.47,2.18,1.48,1.63,1.69,1.7,1.84,1.94,1.93,1.83,2.83,4.29,6.48,8,10.81,17.61,1.87,1.63,1.5,1.44,1.6,1.54,1.53,1.58,1.53,1.42,1.48,1.52,1.85,2.54,2.9,3.68,4.4,7.44,2.34,2.41,1.7,1.2,2.29,2.1,1.77,1.86,1.95,1.8,2.08,2.03,2.35,2.98,3.37,3.44,5.1,5.72,1.21,1.19,1.03,1.34,1.73,1.79,1.67,2.17,2.68,3.87,2.2,2.43,2.48,2.49,2.69,2.58,2.79,2.94,3535.28857421875,40602.607421875,90420.75,105313.28125,150539.2890625,223675.1953125,293496.90625,144150.7734375,111857.0234375,50636.400390625,21440.1865234375,10395.9638671875,6964.48706054688,7158.3251953125,4483.94653320312,2979.13073730469,1818084.5,1805517,176373.265625,420616.203125,503775.609375,514401.25,478727.6875,340979.125,353732.953125,194002.71875,127721.1015625,136167.3125,58088.70703125,31308.1513671875,20620.27734375,16981.978515625,11888.5434570312,5036.00708007812,1797418,1817073.875,2013709,2027461.375,64172.865234375,66684.22265625,175261.8671875,220069.21875,206763.2109375,176267.359375,105712.140625,77453.60546875,62659.763671875,33213.658203125,20604.0048828125,17579.880859375,11749.23046875,12153.5737304688,218786.9140625,256122.8671875,305987.28125,199252.3515625,157135.0078125,109510.140625,106625.68359375,50145.109375,33337.14453125,17393.625,151393.8359375,291234.28125,222938.109375,137372.9140625,126101.33203125,103973.1171875,90811.70703125,43044.484375
"80526",2026-08-05 08:57:37.15,2026-08-05,8H 57M 37.15S,"Unknown","Aurora","U1629","Admin",1586,504,351,283,386,440,644,499,669,437,551,518,723,1163,918,1364,249,249,215,352,285,207,231,245,327,402,394,395,307,261,251,373,428,399,339,339,229,229,614,427,389,375,284,276,621,362,578,524,421,359,519,669,393,329,226,419,373,454,301,268,407,377,187,154,255,262,185,198,302,226,-40.075,-19.4,0,20.975,39.425,1.15,1.03,1.1,1.04,0.9,13.6,2.43,1.86,1.87,1.85,1.95,2.07,2.03,2.09,2.08,3.06,3.99,6.7,8.54,10.46,16.8,2.04,1.86,1.57,1.58,1.63,1.56,1.55,1.49,1.52,1.63,1.52,1.65,1.99,2.36,2.88,3.67,4.19,7.58,2.39,2.4,1.82,1.4,2.23,2.16,1.97,1.92,1.99,1.9,2.25,2.24,2.3,2.95,3.55,3.59,5.27,5.45,1.55,1.36,1.39,1.54,2.01,2.11,1.93,2.56,2.99,3.61,2.34,2.58,2.69,2.74,2.72,2.92,2.83,3,3546.31970214844,40429.880859375,89882.03125,104895.55859375,149999.59375,222536.2265625,292333.34375,143411.5390625,111587.859375,50423.451171875,21345.7568359375,10317.0205078125,6896.70629882812,7184.80688476562,4444.50170898438,2914.19482421875,1815046.5,1799120.0625,175859.8828125,420115.0625,502150.140625,512031.921875,477687.109375,340151.1875,352448.375,193463.15625,127837.16015625,135878.015625,57898.998046875,31249.7041015625,20576.59765625,16993.0009765625,11850.8056640625,5036.283203125,1790488,1805006.875,2008897.5,2014956.1875,64100.392578125,66330.49609375,174277.5078125,218948.484375,205896.578125,175445.2265625,105125.62890625,76946.08203125,62266.998046875,33177.236328125,20529.7978515625,17530.1455078125,11716.6328125,12162.9174804688,217918.75,256420.2578125,307301.734375,198348.7421875,156434.484375,109011.2578125,106233.43359375,50005.41796875,33219.0078125,17284.953125,149676.875,289888.578125,220988.6875,136565.15625,125578.3515625,103288.421875,90420.63671875,42886.40234375
"80426",2026-08-04 09:35:56.13,2026-08-04,9H 35M 56.13S,"Unknown","Aurora","U1629","Admin",1533,490,340,275,374,427,626,487,654,428,538,503,696,1117,881,1307,248,248,214,351,284,207,231,245,327,403,396,396,309,260,248,368,421,389,341,341,229,229,618,430,394,379,288,279,628,364,577,522,418,357,513,659,397,330,228,424,374,450,297,264,399,368,188,153,251,257,181,194,295,219,-40.075,-19.425,0,20.925,39.35,1.14,1.03,1.09,1.05,0.91,13.61,2.14,1.57,1.78,1.74,1.87,1.93,1.96,1.99,2.05,2.89,3.94,6.31,8,10.96,17.03,1.62,1.5,1.42,1.45,1.44,1.41,1.36,1.39,1.32,1.31,1.42,1.41,1.56,2.33,2.89,3.68,5.25,7.14,2.56,2.51,1.68,1.2,2.51,2.07,1.91,1.91,1.98,1.96,2.08,2.2,2.23,2.77,3.95,3.59,5.07,5.56,1.25,1.23,0.99,1.15,1.46,1.7,1.7,1.93,2.74,3.38,2.15,2.37,2.37,2.46,2.52,2.7,2.59,2.74,3523.41040039062,40719.68359375,89850.40625,105893.8046875,149352.25,223785.6875,291778.59375,143625.59375,111371.0078125,51484.97265625,21667.384765625,10246.4599609375,6842.42138671875,7127.47412109375,4385.40625,2888.810546875,1820755,1807468.625,176261.640625,421586.03125,505078.59375,515624.09375,480193.125,342623.6875,355205.96875,194949.5,128565.1796875,138565.796875,58600.4453125,31305.87890625,20422.5546875,16787.578125,11644.7421875,4927.515625,1798085,1821150.875,2000964,2001334.125,64463.4296875,65862.265625,174587.140625,216559.484375,208145.734375,175878.1875,106202.1171875,76537.4453125,61761.03125,32714.826171875,20220.384765625,17283.412109375,11445.732421875,11838.5673828125,218011.09375,262265.15625,312274.34375,199948.015625,155594.796875,106929.90625,104020.1953125,49013.04296875,32337.544921875,16839.6015625,150640.53125,290384.125,219448.046875,133757.453125,122878.09375,101586.3125,88617.6484375,41786.5625
"072226",2026-07-22 08:53:04.54,2026-07-22,8H 53M 4.54S,"Unknown","Aurora","U1629","Admin",1570,493,347,278,379,429,633,500,663,428,534,506,697,1125,889,1327,249,249,213,351,282,209,230,244,329,407,395,400,311,263,245,367,418,388,333,333,227,227,614,427,396,380,286,278,624,370,566,524,417,355,513,655,393,325,223,422,366,448,299,261,390,363,191,153,250,259,181,196,292,219,-40.025,-19.35,0,20.9,39.3,1.15,1.03,1.1,1.04,0.91,13.95,2.5,1.78,1.8,1.82,1.92,1.98,1.85,2,2.22,3.19,4.15,6.13,8.67,11.86,19.79,1.72,1.88,1.49,1.39,1.42,1.42,1.39,1.37,1.36,1.35,1.57,1.48,1.85,2.59,2.97,3.7,4.61,7.74,2.39,2.46,1.45,1.47,2.31,2.04,1.82,1.83,1.93,1.97,2.19,2.14,2.36,3.15,3.56,3.73,5.43,5.37,1.3,1.32,1.27,1.43,1.87,1.95,1.9,2.2,2.99,3.88,2.42,2.76,2.76,2.64,2.81,2.9,2.95,2.97,3573.65673828125,40640.53515625,90365.73828125,105282.34375,148327.25,221201.171875,287960.296875,146137.84375,111743.8125,50982.275390625,21441.982421875,10259.9887695312,6812.4033203125,7032.87084960938,4356.06079101562,2879.24353027344,1811279,1788866.5,174119.3046875,417471.234375,497669.3125,511006.4375,471541.53125,340691.90625,352843.984375,195135.9375,129041.1953125,136301.4921875,58232.48046875,31085.203125,20211.4658203125,16608.7607421875,11509.654296875,4826.63989257812,1781681,1789578.375,2005929.5,2002469.8125,64354.515625,66391.14453125,173989.0546875,219350.1953125,206672.21875,176265.640625,106684.75,77561.87109375,60691.580078125,32306.55078125,20270.1708984375,17178.765625,11459.2778320312,11761.3100585938,216940.6875,254884.2265625,305815.671875,197962.3125,154220.8828125,106981.703125,103458.90234375,48722.833984375,32057.2041015625,16488.958984375,151680.296875,290027.875,217653.46875,134678.7265625,122604.9765625,101183.25390625,88401.87890625,41488.279296875
"072126",2026-07-21 09:41:04.77,2026-07-21,9H 41M 4.77S,"Unknown","Aurora","U1629","Admin",1568,493,347,279,380,430,634,499,662,428,532,505,695,1121,885,1324,249,249,213,350,282,208,230,244,328,406,393,398,309,261,244,365,415,387,332,332,227,227,610,426,394,379,284,277,620,368,560,519,413,352,509,651,393,325,222,420,364,445,298,260,390,363,190,152,249,258,181,196,292,219,-40.1,-19.4,0,20.925,39.4,1.15,1.03,1.1,1.04,0.91,13.63,2.71,1.77,1.73,1.89,1.82,1.92,1.97,2.08,2.57,3.13,4.43,6.33,8.61,10.93,18.53,1.67,1.74,1.78,1.64,1.57,1.63,1.52,1.57,1.54,1.54,1.73,1.7,1.96,2.37,2.82,3.72,4.53,7.08,2.41,2.48,1.6,1.59,2.36,2.18,2.03,2.13,2.1,2.01,2.26,2.23,2.46,3,4.03,3.51,5.1,5.42,1.63,1.97,2.33,2.25,2.32,2.56,2.4,2.45,3.17,3.94,2.22,2.32,2.42,2.48,2.58,2.59,2.62,2.89,3565.22119140625,40669.35546875,90127.140625,105267.23828125,148463.828125,224120,288705.109375,144720.7109375,111659.25,50280.068359375,21229.291015625,10190.314453125,6744.93310546875,6950.3955078125,4316.77563476562,2851.98278808594,1799851.5,1770267.125,172234.9140625,413347.671875,493225.4375,502656.734375,468296.59375,338545.78125,349938.15625,193412.5234375,127267.109375,134207.28125,57317.69140625,30167.6201171875,19749.9892578125,16301.11328125,11210.9658203125,4751.23120117188,1759062.5,1758909.25,1996562,1980134.3125,63981.8515625,65850.015625,172029.5546875,214466.984375,201977.328125,171571.9609375,103247.484375,75169.55078125,58888.869140625,31134.4384765625,19671.4677734375,16739.4208984375,11228.0048828125,11607.1611328125,211863.1484375,242484.453125,286751.890625,190762.109375,148653.890625,103788.80859375,100317.81640625,47060.984375,30971.1005859375,16003.23046875,149331.65625,282424.203125,214279.09375,131202.7890625,120512.95703125,99129.46875,86716.05859375,40634.0625
"070226",2026-07-02 08:38:15.66,2026-07-02,8H 38M 15.66S,"Unknown","Aurora","U1629","Admin",1435,450,320,253,349,395,582,456,603,397,488,482,680,1102,879,1300,250,250,215,357,287,209,232,244,329,400,394,401,310,269,256,384,440,413,333,333,227,227,607,426,391,376,286,277,615,370,589,538,433,369,539,687,389,325,225,425,368,465,315,275,414,389,187,155,260,272,191,207,310,235,-40.025,-19.525,0,20.9,39.425,1.15,1.03,1.1,1.05,0.91,0,0,0,0,0,0,0,0,0,0,0,0,0,0,0,0,0,0,0,0,0,0,0,0,0,0,0,0,0,0,0,0,0,0,0,0,0,0,0,0,0,0,0,0,0,0,0,0,0,0,0,0,0,0,0,0,0,0,0,0,0,0,0,0,0,0,0,0,0,0,2816.34326171875,39817.35546875,85677.2265625,99866.4609375,141251.78125,211264.078125,271495.875,131446.609375,103228.5546875,48752.58984375,20785.84375,10540.67578125,7587.5869140625,8019.87548828125,4485.369140625,2469.42309570312,1923243,1894500.25,158736.40625,387952.96875,458362.59375,474003.25,445039.09375,320213.96875,331945,184481.484375,120499.953125,132776.0625,56833.6328125,32176.34375,21137.3203125,16812.84375,11711.1533203125,5882.20947265625,1722614,1742632.5,2153081,2153364,66563.7265625,68131.1953125,165194.15625,212487.21875,203275.71875,173762.828125,106025.8203125,78990.3125,61205.3515625,32811.67578125,21443.921875,17714.09375,12713.435546875,12420.0791015625,220181.828125,257550.046875,313544.46875,212604.96875,162302.359375,113633.0078125,114293.90625,53943.921875,35312.3515625,18118.068359375,158034.140625,292798.3125,225381.8125,141525.09375,132309.734375,107206.0546875,92833.6875,43565.36328125
"062426",2026-06-24 09:15:54.15,2026-06-24,9H 15M 54.15S,"Unknown","Aurora","U1629","Admin",1400,445,314,249,344,390,577,454,598,389,483,459,644,1037,819,1202,249,249,215,357,285,209,232,246,330,406,394,400,309,266,245,367,418,390,332,332,228,228,610,428,397,379,288,277,621,369,567,518,415,353,511,653,395,325,223,423,362,452,298,260,391,364,190,152,250,257,180,195,290,218,-40.15,-19.625,0,20.85,39.425,1.15,1.03,1.1,1.05,0.91,14.37,2.47,1.77,1.99,1.99,2.07,2.16,2.18,2.14,2.37,2.8,4.26,6.23,8.21,10.77,18.24,2.15,1.92,2.22,2.23,2.31,2.25,2.2,2.18,2.14,1.97,2.04,1.98,2.33,2.67,3.11,3.94,4.74,7.95,2.77,2.82,1.97,1.67,2.8,2.4,2.36,2.36,2.36,2.42,2.67,2.44,2.57,3.39,3.54,3.94,5.38,5.56,1.48,1.41,1.24,1.39,1.62,1.96,1.78,2.42,2.95,3.94,2.28,2.62,2.67,2.64,2.67,2.67,2.79,2.92,3407.92907714844,39689.060546875,88770.3828125,102951.40234375,147010.484375,220250.3125,289978.0625,142570.4453125,109787.33203125,49926.833984375,21383.4677734375,10199.1044921875,6808.51171875,7067.9599609375,4340.24072265625,2793.36999511719,1816054.5,1796059.3125,174764.671875,424067.109375,500743.796875,512702.5,474962.4375,341521.046875,353953.34375,196463.671875,128269.828125,136091.5,58133.908203125,31360.1572265625,20223.728515625,16633.8291015625,11534.1723632812,4855.990234375,1772931.5,1785946,2012689,2017690.875,64250.716796875,66448.75390625,174432.3359375,217226.671875,209705.40625,175265.5703125,105286.71875,76798.32421875,61001.642578125,31784.11328125,20139.7119140625,17211.654296875,11382.0361328125,11934.9819335938,215490.5546875,252948.40625,303086.078125,199136.125,153403.375,108082.5234375,103004.91015625,48164.052734375,31869.1826171875,16480.0458984375,151829.9921875,290086.421875,218464.3359375,134104.78125,122752.9375,101455.0703125,88300.23046875,41619.033203125
"062326",2026-06-23 10:05:44.6,2026-06-23,10H 5M 44.6S,"Unknown","Aurora","U1629","Admin",1444,447,319,253,347,393,581,457,603,396,494,480,676,1102,871,1300,249,249,216,354,286,208,231,244,329,398,397,406,311,274,258,387,443,413,333,333,227,227,611,421,393,373,287,277,620,372,591,545,435,371,541,689,399,340,233,433,383,483,322,283,427,397,183,155,263,272,190,207,310,234,-40.05,-19.575,0,20.85,39.375,1.15,1.03,1.1,1.05,0.92,12.93,2.69,1.69,1.66,1.62,1.84,1.69,1.74,1.88,2.17,3.28,4.05,6.27,8.01,10.81,16.9,1.77,1.94,1.56,1.48,1.45,1.4,1.36,1.36,1.42,1.45,1.39,1.43,1.69,2.4,2.9,3.64,4.84,7.22,2.38,2.6,1.61,1.58,2.55,2.09,1.93,1.98,2.07,2.07,2.34,2.21,2.56,3.19,3.68,3.57,5.37,5.63,1.36,1.6,1.86,1.73,1.99,2.12,1.94,2.33,3.26,3.73,2.27,2.53,2.53,2.71,2.62,2.69,2.95,3.07,3536.94873046875,40118.958984375,89328.4140625,104372.5078125,146310.515625,221989.71875,289240.078125,142149.4765625,110653.953125,48565.14453125,20670.3251953125,10241.5014648438,6860.12548828125,7239.84985351562,4437.14721679688,2947.89099121094,1804390.5,1779898.125,174554.9609375,415186.515625,496465.515625,504623.90625,472582.265625,336748.4375,348913.171875,190495.2578125,127775.37890625,133902.796875,56246.935546875,31188.3828125,20714.7763671875,17096.0859375,11852.0952148438,5011.6162109375,1782699.5,1791132.5,1988856.5,1988348.875,64375.646484375,65617.06640625,173055.2734375,212668.375,203946.46875,171193.5,102717.0078125,76040.265625,62000.63671875,32928.5,20733.3466796875,17761.6982421875,11920.0512695312,12374.466796875,214314.59375,245964.421875,286887.6875,185966.6015625,151368.375,106763.640625,104770.43359375,49909.19140625,33333.638671875,17211.2802734375,141070.40625,288416.296875,226564.6953125,137670.484375,128111.99609375,106391.16015625,92855.85546875,44016.2421875
"062226",2026-06-22 10:54:06.6,2026-06-22,10H 54M 6.6S,"Unknown","Aurora","U1629","Admin",1539,478,340,271,372,420,614,477,624,408,520,520,758,1251,1000,1498,250,250,215,357,286,208,230,243,324,387,386,393,308,278,273,415,483,452,331,331,227,227,596,415,378,360,276,271,605,371,598,568,460,395,583,742,381,318,223,425,381,491,341,304,460,437,193,162,285,303,213,230,345,265,-40.125,-19.65,0,20.875,39.4,1.15,1.03,1.1,1.04,0.92,14.27,2.2,1.41,1.41,1.43,1.49,1.5,1.59,1.84,2.14,2.93,4.16,5.64,8.07,10.25,16.78,1.69,1.68,1.41,1.36,1.36,1.27,1.24,1.29,1.24,1.29,1.39,1.5,1.72,2.17,2.68,3.84,4.07,6.97,2.35,2.31,1.33,1.27,2.26,2.08,1.83,1.77,1.76,1.79,2.03,1.98,2.28,2.67,3.42,3.34,5.2,6,1.32,1.78,2.11,1.96,2.09,2.28,2.13,2.33,2.72,3.44,2.35,2.44,2.54,2.6,2.61,2.82,2.79,2.67,3597.27990722656,40837.69921875,90999.8046875,105376.484375,150936.296875,225052.109375,288113.375,143053.1640625,109638.58984375,49108.3828125,21083.322265625,10745.8115234375,7496.5732421875,7852.337890625,4979.90893554688,3223.08642578125,1829674.5,1812109.4375,174463.0703125,423366.984375,500913.96875,508531.40625,471754.71875,336350.546875,347791.015625,187568.8359375,125304.99609375,133576.0234375,56718.82421875,32132.517578125,22412.150390625,18725.87890625,13294.705078125,5626.35693359375,1780294.5,1791333.875,2004011.5,2005816.8125,62908.642578125,64516.541015625,166520.2734375,207552.125,200641.8828125,170762.0078125,102654.07421875,77438.078125,64335.65625,34733.34765625,22380.38671875,19231.7119140625,12897.0805664062,13327.3051757812,208299.0234375,245549.703125,293680.75,192697.609375,155912.765625,113135.2421875,115515.30859375,55880.55859375,37008.736328125,19318.466796875,150511.265625,304718,246872.015625,154154.578125,143391.65625,117910.93359375,104050.43359375,50117.583984375
"061226",2026-06-12 09:15:44.29,2026-06-12,9H 15M 44.29S,"Unknown","Aurora","U1629","Admin",1459,459,328,260,357,407,596,475,622,409,500,477,665,1076,847,1257,250,250,215,359,286,209,233,246,331,406,401,408,310,265,246,368,420,389,332,332,228,228,615,425,397,378,288,279,628,370,566,528,415,354,515,653,401,335,228,425,366,452,301,263,395,365,183,151,249,258,180,195,291,218,-40.075,-19.625,0,20.9,39.5,1.14,1.03,1.09,1.05,0.92,14.24,2.36,1.41,1.45,1.39,1.32,1.38,1.36,1.63,1.7,2.84,3.67,5.8,7.26,10.69,19,1.56,1.49,1.18,1.01,1.12,1.01,0.96,0.96,1.01,1.13,1.21,1.24,1.62,2.07,2.68,3.43,4.66,7.37,2.43,2.49,1.27,1.07,2.22,1.94,1.94,1.79,1.85,1.91,2.05,2.01,2.19,2.76,3.64,3.27,5.02,5.63,0.95,1.09,1,1.24,1.53,1.65,1.66,2.25,2.62,3.61,2.13,2.33,2.4,2.42,2.42,2.6,2.74,2.68,3482.6025390625,41129.693359375,91461.19921875,105339.109375,149022.1171875,222811.328125,292047.484375,144983.8671875,111111.44921875,50428.162109375,21284.0849609375,10196.1298828125,6887.26391601562,7083.56884765625,4318.22119140625,2880.57763671875,1819522.5,1723591.9375,177403.8515625,422563.4375,503087,513310.78125,479173.828125,339402.015625,353891.375,196547.234375,130642.3984375,139368.5859375,58062.998046875,31186.5966796875,21064.078125,17267.40234375,11921.5737304688,5034.8974609375,1782673,1804727.5625,2011610,1923711.125,64702.607421875,65424.595703125,173148.578125,217073.1640625,206101.84375,174179.7578125,105695.16015625,76723.91015625,60216.1328125,32131.7021484375,20661.4267578125,17620.0888671875,11865.2294921875,12291.1469726562,220460.53125,256296.71875,304011.390625,194147.484375,152030.078125,108936.2265625,106719.81640625,50024.232421875,33040.228515625,17265.1923828125,145678.46875,284093.53125,216404.0078125,133986.359375,125079.5703125,103647.49609375,91160.83203125,42798.12890625
"060226",2026-06-02 08:59:25.04,2026-06-02,8H 59M 25.04S,"Unknown","Aurora","U1629","Admin",1465,462,330,263,359,407,604,475,621,410,510,485,677,1100,866,1283,248,248,215,354,286,208,232,245,329,401,399,406,312,270,251,375,428,399,332,332,227,227,611,429,395,378,286,279,622,370,584,534,425,361,527,669,394,334,227,424,370,467,310,269,405,376,185,153,256,262,184,199,297,224,-40.125,-19.625,0,20.85,39.425,1.15,1.03,1.1,1.05,0.93,14.28,2.51,1.32,1.45,1.44,1.41,1.5,1.57,1.69,1.8,3.04,4.12,6.18,8.24,10.99,18.5,1.45,1.32,1.31,1.26,1.18,1.08,1.06,1.1,1.17,1.26,1.27,1.27,1.68,2.24,2.92,3.65,4.76,7.84,2.49,2.34,1.24,1.05,2.15,1.92,1.73,1.58,1.62,1.66,1.82,1.93,2.28,2.8,3.56,3.41,5.1,5.56,1.15,1.09,0.91,1.15,1.45,1.58,1.66,2.1,2.45,3.5,2.02,2.28,2.36,2.51,2.34,2.53,2.59,2.89,3410.19970703125,40501.67578125,90732.4296875,105687.6953125,150653.609375,223263.90625,292695.96875,145666.765625,110474.171875,50724.47265625,21392.734375,10503.4345703125,7005.7265625,7245.5771484375,4422.466796875,2835.18579101562,1818057,1801735.25,175286.359375,420034.8125,502111.5625,509662.9375,476526.59375,339756.25,352590,194661.40625,130258.171875,137119.3125,58439.65234375,31633.150390625,20636.04296875,16955.07421875,11769.689453125,5031.412109375,1786314,1804111.375,2002982,2012465.25,64834.015625,67026.5078125,175190.265625,218621.859375,207778.03125,177183.609375,105126.5703125,77754.7421875,62270.10546875,32995.97265625,20681.703125,17596.388671875,11782.544921875,12204.87890625,216483.890625,257540.484375,303939.6875,196960.5,153912.390625,111017.6796875,106391.3046875,49695.49609375,32886.3671875,17005.55859375,148124.5,292328.21875,223818.25,137746.9375,126065.546875,103873.078125,90626.7578125,42804.73828125
"052226",2026-05-22 08:56:09.35,2026-05-22,8H 56M 9.35S,"Unknown","Aurora","U1629","Admin",1460,455,323,258,354,404,595,470,613,401,496,477,664,1082,849,1260,250,250,214,356,284,209,232,246,329,401,396,397,309,265,247,368,420,395,331,331,226,226,616,428,393,376,285,277,623,372,567,523,420,358,521,665,394,322,223,425,366,451,301,263,394,370,190,152,250,259,182,197,293,221,-40.1,-19.6,0,20.825,39.425,1.14,1.03,1.1,1.05,0.93,13.4,2.35,1.55,1.63,1.58,1.75,1.69,1.7,1.9,1.95,2.8,4.09,6.02,7.44,10.88,18,1.76,1.75,1.84,1.73,1.66,1.61,1.52,1.59,1.52,1.62,1.68,1.66,1.86,2.63,3.07,3.87,4.36,7.08,2.39,2.49,1.46,1.39,2.33,2.12,1.93,1.85,2.08,1.95,2.18,2.1,2.21,2.84,3.49,3.25,5.19,5.63,1.27,1.3,1.18,1.47,1.64,1.74,1.88,2.22,2.75,3.47,2.28,2.51,2.57,2.58,2.54,2.65,2.84,2.97,3477.46813964844,40033.74609375,89246.08203125,105212.23046875,148076.9375,224634.4765625,294654.953125,146483.78125,109451.47265625,50903.990234375,21076.654296875,10234.5458984375,6836.78833007812,7116.81591796875,4401.26928710938,2821.75341796875,1826920.5,1805588.6875,175079.7421875,419505.359375,501426.75,513499.921875,476409.546875,342290.046875,350686.890625,194226.21875,128241.44140625,135779.65625,57959.7265625,31035.330078125,20372.3310546875,16695.474609375,11581.044921875,4886.28515625,1780889.5,1793483.4375,2003779.5,2004853.5625,64740.884765625,66801.53515625,174961.328125,217759.8046875,207397.7109375,175344.4140625,107237.36328125,77662.30859375,61033.82421875,32430.0615234375,20485.44921875,17454.5927734375,11626.2905273438,12138.0200195312,213840,249736.59375,300712.515625,197541.8515625,152065.4921875,107081.0625,103213.28125,48490.021484375,31949.091796875,16603.919921875,152205.1328125,291353.3125,219483.9296875,136356.109375,124578.33984375,102986.734375,89763.9453125,42473.84765625
"052126",2026-05-21 08:44:02.06,2026-05-21,8H 44M 2.06S,"Unknown","Aurora","U1629","Admin",1443,452,323,256,352,399,589,465,611,401,493,474,662,1078,849,1254,250,250,215,355,285,209,232,245,329,400,400,405,308,268,249,373,426,396,332,332,227,227,617,429,394,379,287,279,623,370,571,527,420,358,522,661,397,339,230,423,374,461,308,268,403,375,179,151,253,260,181,197,294,221,-40.15,-19.65,0,20.825,39.475,1.14,1.03,1.1,1.05,0.92,74.72,131.78,147.65,148,147.27,147.29,146.7,146.35,144.37,155.07,148.82,135.72,131.74,133.27,141.23,145.26,2.5,2.48,144.23,147.09,146.91,147.3,146.85,146.84,146.18,146.24,146.6,146.97,151.39,155.46,144.46,142.24,131.04,129.68,2.7,2.85,1.66,1.63,149.02,149.89,149.02,148.84,149.51,149.26,150.61,152.77,154.3,153.28,145.7,149.07,137.64,134.1,148.25,149.39,149.15,150.06,150.58,152.76,152.25,156.8,156.06,149.58,149.24,148.84,148.94,149.5,149.96,151.27,151.53,155.87,1627.10327148438,7628.6650390625,14025.0834960938,16312.0078125,23001.4072265625,33287.865234375,40965.3125,19632.4560546875,12846.5107421875,4827.43872070312,2126.50122070312,1204.42907714844,914.278625488281,962.104400634766,647.087921142578,543.014892578125,1816618.5,1794098,27464.6884765625,63629.90234375,75940.0234375,73751.26953125,66951.125,47296.142578125,47804.84375,22690.4013671875,13762.7563476562,13061.4145507812,5464.91088867188,3135.12866210938,2315.87536621094,1954.52746582031,1527.17694091797,790.200531005859,1784880,1801142.375,1999328.5,2005664.375,9963.8291015625,10115.7670898438,26136.5849609375,32125.458984375,29966.267578125,24346.12109375,14930.787109375,10173.5678710938,7986.42333984375,4496.443359375,3007.74084472656,2466.12158203125,1909.02709960938,2040.22796630859,31939.1279296875,36924.865234375,42183.02734375,26592.337890625,19922.2783203125,13785.3100585938,14091.59375,6518.44384765625,4286.97534179688,2398.80261230469,20161.921875,37379.01953125,29424.2607421875,17568.041015625,16305.8032226562,13118.3095703125,11617.7983398438,5719.03759765625
"052026",2026-05-20 08:27:37.27,2026-05-20,8H 27M 37.27S,"Unknown","Aurora","U1629","Admin",1445,459,326,260,355,405,600,471,620,404,498,478,668,1085,852,1261,249,249,215,355,286,208,232,245,332,402,398,401,310,268,249,373,425,397,332,332,227,227,608,424,394,377,287,278,621,371,577,526,421,359,522,665,395,331,227,423,371,462,309,268,404,377,184,152,252,261,182,197,295,222,-40.075,-19.675,0,20.875,39.5,1.15,1.03,1.09,1.05,0.93,13.57,2.31,1.56,1.59,1.69,1.77,1.78,1.88,1.82,2.03,2.79,3.88,5.38,7.63,10.85,20.68,1.75,1.61,1.76,1.8,1.97,1.9,1.89,1.85,1.72,1.7,1.75,1.89,2.06,2.56,2.92,3.92,5.01,7.45,2.56,2.51,1.74,1.32,2.52,2.27,2.15,1.97,2.22,2.06,2.27,2.18,2.37,2.95,3.3,3.68,5.33,5.36,1.44,1.54,1.35,1.43,1.75,1.81,1.86,2.3,3.01,3.8,2.34,2.56,2.58,2.55,2.72,2.84,2.67,3.08,3422.41711425781,40530.833984375,89945.7734375,104944.62109375,149428.5625,224325.25,292913.046875,145771.421875,111156.58203125,50620.61328125,21422.044921875,10429.669921875,6891.82763671875,7181.62768554688,4396.11645507812,2842.71337890625,1812868.5,1795680.3125,175176.6796875,420153.703125,502278.109375,509771.34375,477045.90625,339707.453125,354595.953125,194573.953125,130034.51953125,137748.765625,58194.875,31470.599609375,20667.380859375,16979.57421875,11737.46875,4938.32275390625,1772145.5,1795872.9375,1989369.5,1984792.25,63813.67578125,65332.69140625,173381.4609375,215907.84375,205452.65625,175691.8828125,104600.96875,77220.96875,61895.2109375,32243.4658203125,20442.1357421875,17437.587890625,11647.0727539062,12067.0952148438,215958.9453125,256149.890625,306156.125,199376.78125,154907.1796875,110067.37109375,106777.41015625,49867.146484375,33247.9453125,17092.2548828125,148437.609375,292124.03125,223034.109375,136958.3828125,125087.34765625,103185.48828125,90273.78125,42625.6875
"042326",2026-04-23 08:47:46.24,2026-04-23,8H 47M 46.24S,"Unknown","Aurora","U1629","Admin",1917,666,474,350,434,409,479,301,323,243,324,362,561,947,882,2796,243,243,147,223,167,107,109,112,134,119,125,133,113,118,122,195,277,669,331,331,228,228,379,274,195,164,136,136,309,194,317,312,254,223,380,1042,206,245,187,359,329,422,298,265,457,927,199,164,288,309,213,235,415,708,-40.125,-19.625,0,21.475,39.6,1.14,1.05,1.09,1.04,0.94,13.06,2.5,2.06,2.17,2.14,2.21,2.24,2.2,2.23,2.43,3.6,4.69,6.71,8.55,11.28,19.19,2.3,2.54,4.27,4.31,3.99,3.8,3.69,3.79,3.79,3.7,3.64,3.68,3.57,3.99,4.67,5.08,5.52,6.98,2.72,2.63,1.91,1.66,2.77,2.47,2.3,2.25,2.25,2.29,2.48,2.43,2.81,3.41,3.56,4.13,6.09,5.42,1.62,1.64,1.37,1.52,1.86,2.09,2.01,2.45,2.87,3.83,2.44,2.65,2.6,2.76,2.57,2.73,2.82,3.07,4660.1494140625,61278.251953125,135703.5625,145131.0390625,187593.53125,232606.453125,239773.7109375,95302.046875,58573.1328125,31518.26171875,14366.4990234375,8103.06079101562,5939.36840820312,6467.37036132812,4729.2666015625,6726.51684570312,1794334.5,1790904.0625,130806.5234375,283971.890625,318055.125,287982.046875,245447.6953125,170635.515625,152825.6015625,61541.033203125,43599.720703125,48258.126953125,22509.0048828125,14828.8989257812,10763.123046875,9443.5830078125,7995.18530273438,8848.87109375,1770881,1792043.375,2004177.5,2001624.25,39538.009765625,41708.244140625,85937.6484375,94414.80859375,96153.25,83824.3359375,52710.650390625,40659.71875,33939.8984375,19004.1982421875,12125.1455078125,10704.9565429688,8421.10791015625,18919.5107421875,110416.25390625,190045.796875,252394.359375,165307.0078125,137284.7109375,100946.328125,102518.90625,49127.197265625,37175.10546875,41604.556640625,165684.8046875,322524.59375,261380.1640625,165596.625,150375.453125,126357.0859375,131352.765625,140413.2890625
"042226",2026-04-22 08:42:07.48,2026-04-22,8H 42M 7.48S,"Unknown","Aurora","U1629","Admin",1415,445,319,253,347,395,579,461,609,396,486,470,657,1069,834,1234,243,243,196,327,263,190,214,230,311,376,376,383,296,254,238,355,407,378,329,329,225,225,609,424,393,378,287,279,622,368,579,536,423,359,523,665,397,335,229,425,371,464,309,268,405,374,184,154,255,263,182,198,295,221,-40.125,-19.7,0,21.45,39.575,1.15,1.05,1.1,1.05,0.93,14.64,2.64,2.26,2.36,2.49,2.54,2.47,2.54,2.42,2.45,3.04,3.86,6.45,8.33,10.64,18.1,2.9,2.57,5.05,4.78,4.43,4.28,4.2,4.3,4.24,4.23,4.26,4.17,4.24,3.99,4.4,4.65,5.48,8.08,3.06,2.72,2.46,1.7,2.84,2.79,2.32,2.5,2.59,2.54,3,2.75,2.97,3.37,3.78,3.67,5.19,5.81,1.71,1.69,1.35,1.33,1.7,1.85,1.75,2.2,3.01,3.64,2.26,2.54,2.82,2.82,2.67,3.05,3.1,3.2,3363.66845703125,39413.76953125,89228.9140625,104137.125,146114.265625,221764.578125,288008.015625,143478.1953125,110172.93359375,49816.080078125,21148.0966796875,10288.2236328125,6920.02978515625,7231.02880859375,4401.49633789062,2773.86096191406,1788004,1795081.0625,170262.2109375,411253.171875,489130.8125,501329.890625,464660.15625,336205.8125,351117.96875,193324.3359375,128842.171875,137453.34375,58095.205078125,31549.7529296875,20582.7041015625,16960.8125,11729.0795898438,4943.33666992188,1760561,1782393,1990030,2003529.625,64145.353515625,65259.47265625,174002.6796875,217044.3671875,206952.765625,176070.5234375,104792.44921875,76913.9296875,62485.234375,32861.90234375,20491.34765625,17540.2587890625,11614.1557617188,12044.2836914062,214608.203125,256219.3828125,305293.484375,197356.6875,154452.84375,109391.20703125,106174.3984375,49765.94140625,33126.482421875,16847.5888671875,152451.1015625,304713.828125,232489.421875,143034.40625,129409.078125,107296.40234375,93404.1640625,44082.181640625
"032326",2026-03-23 09:01:35.22,2026-03-23,9H 1M 35.22S,"Unknown","Aurora","U1629","Admin",1374,438,313,245,338,380,567,458,582,385,465,446,622,994,782,1216,309,309,190,318,251,184,208,222,306,371,367,374,284,239,222,335,385,386,309,309,214,214,618,432,395,379,288,277,625,364,557,514,407,346,501,674,409,343,229,425,365,448,300,258,387,393,180,146,243,251,174,190,285,228,-39.9,-19.6,0,21.225,39.45,1.14,1.06,1.09,1.04,0.95,12.89,2.96,1.93,1.95,2,1.94,1.97,2.11,2.01,2.13,3.09,4.59,6.17,6.9,11.33,17.6,5.51,5.75,1.81,1.75,1.73,1.72,1.8,1.77,1.7,1.78,1.77,1.82,2.24,2.77,3.02,3.57,4.47,7.06,2.74,2.85,1.63,1.86,2.52,2.28,2.16,2.24,2.26,2.2,2.36,2.32,2.57,3.22,3.5,3.7,5.02,5.73,1.54,1.56,1.36,1.74,1.85,2.08,2.23,2.58,3.01,4.01,2.45,2.85,2.89,2.89,2.66,2.9,3.16,3.15,3444.73315429688,40165.95703125,89850.96875,103200.65625,146841,219722.609375,287777.4375,147747.5625,108361.6015625,50474.0546875,20893.857421875,10064.1435546875,6643.84765625,6899.20947265625,4246.79345703125,2838.94189453125,2221910,2214368.25,178619.84375,429661,504076.0625,518793.9375,488168.875,349884.5,370629.46875,204236,134187.34375,143339.296875,58865.0390625,31276.041015625,20357.447265625,16603.99609375,11578.3701171875,5275.4521484375,1683708,1699329.75,1877014,1870951.125,64540.6484375,66135.75,172817.25,214748.90625,207405.640625,172607.203125,105163.3125,74659.2578125,59490.796875,31220.21875,19417.080078125,16658.267578125,11101.7451171875,12128.44921875,222081.5625,263559.53125,308034.34375,196161.390625,151040.265625,105109.375,102215.96875,47479.87109375,31178.66796875,17490.650390625,144928.953125,281977.625,216739.5,133126.625,120708.015625,100096.3359375,88275.6796875,44077.578125
"032026",2026-03-20 08:53:45,2026-03-20,8H 53M 45S,"Unknown","Aurora","U1629","Admin",1401,446,317,249,343,385,573,461,585,390,466,457,647,1032,825,1429,303,303,191,319,252,185,208,222,305,368,368,376,279,238,226,341,399,453,308,308,212,212,616,429,390,374,285,275,614,358,560,523,415,354,522,785,405,347,232,420,363,455,307,264,402,455,167,140,243,254,177,193,295,267,-39.925,-19.625,0,21.3,39.45,1.15,1.06,1.1,1.06,0.94,13.84,2.95,2.47,2.34,2.42,2.28,2.3,2.3,2.37,2.49,3.33,3.99,6.66,8.06,11.56,19.02,5.44,5.81,2.79,2.66,2.83,2.79,2.68,2.77,2.7,2.72,2.77,2.75,2.87,3.25,3.48,3.82,5,6.81,2.91,2.8,2.11,1.98,2.88,2.57,2.55,2.52,2.56,2.69,2.84,2.71,3.01,3.55,3.95,4.33,5.44,5.94,1.85,1.86,1.57,1.71,1.94,2.07,2.16,2.54,3.23,3.76,2.72,2.99,3.09,3.21,3.11,3.28,3.28,3.64,3440.04833984375,40187.255859375,88649.20703125,102751.87109375,145078.640625,217493.1953125,285342.609375,144680.5078125,108068.7109375,50049.759765625,20511.6455078125,10182.0756835938,6839.4130859375,6979.88305664062,4370.06787109375,3262.97009277344,2207041,2201583.25,175452.7265625,417981.609375,490100.40625,507897.203125,474691.765625,340204,360811.578125,197350.828125,132982.75,140118.5625,56464.60546875,30426.4658203125,20308.1083984375,16616.7412109375,11782.06640625,6150.35424804688,1667146.5,1683878.9375,1865559,1860524.5,63298.4765625,65322.7421875,171197.7421875,212524.2578125,206120.375,173381.65625,103650.44921875,74057.078125,59731.97265625,32071.7568359375,19724.1259765625,17120.2578125,11537.4750976562,14113.2553710938,217929.8984375,264730.828125,308437.515625,193124.390625,150844.9921875,106497.9765625,104359.58203125,48453.59375,32443.234375,20076.5126953125,135595.9609375,273821.609375,218887.046875,135748.859375,123494.328125,102760.859375,91706.08203125,52076.978515625
"030226",2026-03-02 09:14:10.38,2026-03-02,9H 14M 10.38S,"Unknown","Aurora","U1629","Admin",1348,426,305,238,330,369,552,443,573,374,460,437,613,979,766,1171,309,309,191,316,252,185,207,221,303,368,363,370,284,240,223,336,385,379,310,310,215,215,621,433,397,380,288,278,629,366,555,519,409,348,505,664,403,341,227,422,363,448,298,256,384,383,186,150,246,252,176,191,285,224,-39.6,-19.475,0,21.025,39.175,1.14,1.06,1.1,1.05,0.97,13.05,2.75,1.87,1.66,1.73,1.67,1.64,1.73,1.86,2.1,2.63,4.09,6.26,7.77,11.22,17.68,5.53,5.56,1.52,1.35,1.54,1.46,1.45,1.46,1.38,1.56,1.54,1.5,1.82,2.34,2.75,3.92,4.22,7.17,2.54,2.7,1.48,1.37,2.4,2.3,2.07,2,1.92,1.97,2.22,2.21,2.3,2.98,3.7,3.81,5.25,5.94,1.28,1.31,1.17,1.12,1.55,1.82,1.81,2.25,2.77,3.66,2.21,2.62,2.58,2.69,2.53,2.76,2.67,2.96,3651.62573242188,41485.83984375,92599.5078125,106166.41015625,149462.671875,220449.6953125,290620.703125,147630.609375,111352,50983.3828125,21566.7080078125,10385.3359375,6928.4677734375,7186.76049804688,4365.57592773438,2942.01013183594,2222440,2127438.75,184091.7109375,426095.765625,508072.3125,524512.46875,488959.734375,348747.828125,368024.21875,202828.6015625,134904.9296875,142369.8828125,59268.0078125,31910.0732421875,21374.0712890625,17373.0009765625,12196.0610351562,5449.85717773438,1698913.5,1716006.1875,1890822.5,1818342.8125,66408.375,67578.7421875,175938.984375,221990.046875,209349.5625,176528.0390625,106316.2734375,76630.8828125,60163.435546875,31795.0537109375,20460.4130859375,17450.7099609375,11748.5161132812,12642.541015625,221222.0234375,259962.0390625,305352.953125,190792.1796875,151987.46875,106489.5703125,105299.66015625,48710.1328125,31897.7333984375,18083.6416015625,153702.5390625,292710,221643.7421875,137163.8203125,126818.828125,105409.66015625,93010.796875,45764.478515625
"022726",2026-02-27 08:54:49.08,2026-02-27,8H 54M 49.08S,"Unknown","Aurora","U1629","Admin",1349,425,305,238,331,369,556,448,575,371,456,439,622,996,778,1180,307,307,191,317,250,183,206,221,303,370,363,369,288,241,225,340,390,372,309,309,215,215,627,436,398,383,288,278,637,372,568,532,421,356,515,668,405,337,226,429,369,453,303,261,390,380,189,153,250,259,179,194,290,221,-40.05,-19.675,0,21.125,39.34999,1.14,1.06,1.09,1.05,0.96,14.06,2.42,1.63,1.7,1.68,1.65,1.66,1.61,1.84,1.85,2.97,4.09,5.92,7.32,10.7,18.14,4.54,4.73,1.16,1.21,1.17,1.18,1.14,1.15,1.19,1.12,1.24,1.25,1.6,1.99,2.68,3.36,4.54,7.02,2.67,2.76,1.51,1.3,2.34,2.15,1.92,1.85,1.94,1.82,2.25,2.19,2.36,2.99,3.59,3.57,5.43,5.49,1.23,1.3,1.04,1.2,1.42,1.76,1.72,2.06,2.92,3.6,1.99,2.32,2.46,2.46,2.3,2.58,2.72,2.79,3472.49438476562,40083.140625,90247.5625,104052.5703125,147286.34375,217649.375,290469.1875,147551.9375,109477.0234375,50173.46484375,21201.6953125,10252.8896484375,6839.92724609375,7139.65185546875,4368.3681640625,2906.99755859375,2261623,2260016.75,181341.59375,427063.53125,506495.46875,520304.375,486232.03125,351845.625,368796.71875,203614.890625,134984.90625,142539.625,60048.7578125,32048.4765625,20881.5234375,17014.06640625,11897.7529296875,5193.4697265625,1691564,1710183,1881360,1876875.75,65516.69921875,66390.7109375,175551.796875,218072.515625,208496.421875,175165.578125,107317.8671875,77161.4140625,60732.2109375,32434.353515625,20162.609375,17237.349609375,11501.7783203125,12030.40625,219410.390625,259382.546875,304823.09375,197227.5,154503.78125,107452.8359375,103822.1953125,48325.55859375,31791.228515625,17124.783203125,156557.75,302423.28125,226539.359375,140829.671875,126926.7265625,104726.7890625,91752.3984375,43699.390625
"022526",2026-02-25 09:29:26.12,2026-02-25,9H 29M 26.12S,"Unknown","Aurora","U1629","Admin",1392,441,313,246,340,378,564,456,584,382,458,445,628,1010,788,1300,308,308,191,315,250,183,207,220,301,368,369,372,278,236,221,333,387,412,308,308,214,214,623,428,392,376,287,277,611,359,555,515,409,348,508,721,407,348,232,422,361,455,302,259,393,424,171,141,240,251,173,189,287,244,-39.85,-19.6,0,21.125,39.275,1.14,1.06,1.1,1.05,0.95,14.59,2.86,2.22,2.32,2.2,2.21,2.04,2.1,2.08,2.29,2.95,4.31,5.97,8.1,10.38,18.39,7.22,7.47,2.23,2.2,2.22,2.31,2.14,2.29,2.22,2.18,2.12,2.18,2.52,2.95,2.97,4.2,5.01,7.27,2.81,2.73,1.99,1.47,2.7,2.55,2.18,2.24,2.3,2.26,2.64,2.44,2.74,3.15,3.49,3.64,5.13,5.41,1.44,1.43,1.26,1.38,1.65,1.92,1.85,2.27,2.82,3.87,2.28,2.67,2.71,2.74,2.71,2.95,2.84,3.35,3527.29174804688,40424.408203125,89468.41015625,103714.59765625,147356.3125,216445.5703125,287089.78125,145414.6796875,108261.62109375,50553.599609375,20586.7099609375,10086.4370117188,6767.52734375,6979.009765625,4293.3134765625,3111.04565429688,2222421.5,2214467.75,178017.78125,419258.9375,497375.515625,511626.28125,481985.59375,342875.84375,359410.515625,200169.828125,134503.90625,140388.1640625,57144.0390625,30578.9951171875,20161.1337890625,16396.6015625,11591.7006835938,5607.50244140625,1677845.5,1690236.25,1878847,1885433.6875,65112.154296875,66201.1171875,173229.28125,217517.7265625,208318.140625,175162.0703125,104885.61328125,74848.296875,60281.55859375,31800.5009765625,19792.357421875,16933.7216796875,11470.0405273438,13179.080078125,220736.9140625,266367.5625,310044.515625,192739.21875,149302.1640625,106573.8125,102621.1875,47755.361328125,31668.3369140625,18781.955078125,139224.015625,277266.296875,217634.2578125,135148.875,121957.65234375,101843.05859375,90606.38671875,48029.087890625
"022026",2026-02-20 08:43:03.38,2026-02-20,8H 43M 3.38S,"Unknown","Aurora","U1629","Admin",1330,420,300,237,327,367,550,438,563,370,447,430,608,968,766,1216,313,313,190,317,250,183,206,222,304,369,364,373,281,237,221,334,387,398,308,308,213,213,622,432,393,378,286,278,623,361,550,514,408,347,506,696,405,341,228,417,361,449,297,255,385,401,177,145,241,253,174,190,286,235,-39.925,-19.65,0,21.05,39.22499,1.14,1.06,1.1,1.05,0.96,13.63,2.64,1.72,1.79,1.75,1.67,1.79,1.8,1.81,1.96,3.05,4.23,5.86,7.97,10.06,16.47,5.98,6.19,1.68,1.64,1.69,1.72,1.69,1.7,1.64,1.64,1.84,1.77,2.01,2.51,3.05,3.65,4.98,7.4,2.74,2.74,1.57,1.62,2.39,2.25,2.13,2.1,2.28,2.12,2.36,2.4,2.79,3.11,3.48,3.86,5.28,5.47,1.25,1.42,1.2,1.43,1.82,1.97,2,2.39,3.09,3.73,2.52,2.72,2.69,2.68,2.69,2.87,2.93,2.88,3453.86108398438,40070.5234375,89150.8671875,104019.79296875,146821.9296875,216782.4296875,288634.640625,144961.40625,108755.234375,50590.73046875,20806.7216796875,10063.3735351562,6789.25341796875,7023.28100585938,4312.20239257812,3024.99755859375,2236231,2222052.125,178141.609375,423358.015625,502622.171875,517065.40625,483078.671875,349135.46875,370007.78125,201688.3046875,134013.6953125,143152.09375,58378.8984375,31176.890625,20363.3544921875,16613.0205078125,11712.4018554688,5534.40991210938,1680834,1689202.8125,1867244.5,1864471.875,64759.060546875,66770.765625,174472.65625,216266.8515625,207681.3984375,176061.6171875,106214.30078125,75676.5078125,59011,31603.8232421875,19774.59375,16876.947265625,11339.8862304688,12694.4765625,220318.53125,263525.9375,308472.84375,192073.25,150729.0078125,106112.17578125,102561.2890625,47651.919921875,31496.5205078125,18037.998046875,143127.8359375,283121.84375,219694.3828125,136238.4453125,122128.4921875,101461.9375,89722.2734375,46019.818359375
"021926",2026-02-19 10:11:51.43,2026-02-19,10H 11M 51.43S,"Unknown","Aurora","U1629","Admin",1389,435,311,244,337,377,565,455,579,386,470,455,636,1014,794,1206,309,309,190,315,249,182,206,220,302,371,365,372,286,243,227,341,391,376,308,308,214,214,624,433,393,379,291,279,630,371,570,537,423,356,517,671,409,351,233,436,373,469,309,266,398,390,185,152,253,262,180,196,292,224,-39.825,-19.6,0,21,39.2,1.14,1.06,1.1,1.05,0.96,13.4,2.49,1.71,1.67,1.63,1.6,1.56,1.67,1.84,2.01,2.93,3.78,6.57,7.77,10.58,19.68,5.41,5.64,1.22,1.21,1.22,1.19,1.16,1.18,1.22,1.17,1.37,1.32,1.9,2.42,2.68,3.57,4.46,7.35,2.49,2.43,1.44,1.23,2.22,2.18,1.93,2,2.06,2,2.25,2.06,2.47,3.05,3.54,3.64,5.05,5.73,1.1,1.11,0.93,1.25,1.5,1.74,1.71,2.2,2.58,3.61,1.97,2.19,2.52,2.49,2.28,2.6,2.61,2.89,3531.50280761719,39985.72265625,90481.0390625,103895.17578125,147504.21875,218638.140625,290080.3125,146613.8671875,109182.3046875,50856.8125,21401.9033203125,10341.3979492188,6941.49975585938,7154.93676757812,4314.1162109375,2859.01538085938,2256446,2252183.5,180221.484375,428366.09375,503957.328125,519661.078125,488482.0625,350476.765625,370365.3125,206224.703125,135497.484375,142903.78125,60294.28515625,32551.22265625,21120.3916015625,17240.4140625,12011.6865234375,5205.43017578125,1693158,1707168.3125,1894922.5,1900717.375,65103.998046875,66954.0078125,175251.28125,217147.8984375,212155.0234375,176426.390625,106527.015625,78047.94921875,61440.662109375,32805.65234375,20524.1943359375,17429.55859375,11594.8017578125,12225.6088867188,222571.328125,269930.28125,313360.421875,199657.109375,156983.4453125,111381.30859375,106155.5234375,49531.380859375,32479.26171875,17584.7451171875,151898.7421875,299244.3125,227474.171875,141710.15625,126761.1875,105046,91843.89453125,43964.298828125
"021826",2026-02-18 09:46:18.36,2026-02-18,9H 46M 18.36S,"Unknown","Aurora","U1629","Admin",1408,435,312,246,338,378,568,451,576,382,455,445,650,1041,837,1611,310,310,190,316,251,183,206,220,299,363,361,370,271,235,225,340,407,525,307,307,213,213,608,421,384,363,278,271,600,349,546,522,415,354,534,896,399,344,232,417,356,454,310,268,415,530,160,134,242,256,179,195,306,317,-39.75,-19.575,0,21.15,39.425,1.15,1.06,1.1,1.06,0.96,14.3,2.44,1.92,1.92,2,1.83,1.98,1.9,2.02,2.3,2.89,4.29,6.48,7.8,11,18.17,4.7,4.86,1.51,1.52,1.49,1.59,1.59,1.51,1.56,1.55,1.69,1.6,1.97,2.53,2.89,3.35,4.69,6.29,2.45,2.49,1.42,1.68,2.41,2.03,1.82,1.99,1.99,1.97,2.29,2.16,2.4,2.7,3.72,3.5,5.19,6.18,1.4,1.38,1.26,1.46,1.77,1.94,2.01,2.27,2.96,3.91,2.26,2.54,2.66,2.61,2.54,2.79,2.92,3.08,3502.66381835938,39955.5390625,90619.890625,104941.703125,147796.984375,218762.953125,289286.0625,144697.671875,109067.9453125,50953.2421875,20794.75390625,10211.689453125,7075.60693359375,7337.3876953125,4586.60107421875,3945.87231445312,2231558,2216331.5,178777.890625,425103.96875,504247.6875,519304.84375,483826.5625,346931.625,363748.46875,199305.5625,132974.6875,141744.984375,56695.69140625,31032.673828125,20870.435546875,17046.740234375,12471.6416015625,7322.5517578125,1689796,1704633.75,1878790,1868818.875,63800.30078125,65018.96484375,170258.078125,208835.8125,201121.109375,170834.40625,100589.5078125,73035.0234375,59145.5546875,32208.58984375,20011.087890625,17319.46484375,11941.9013671875,16290.5693359375,218214.8125,267058,314630.90625,193383.71875,150491.328125,108869.7265625,107731.96875,50179.32421875,34149.5234375,24285.60546875,131981.5,268186.09375,223525.984375,139964.046875,127696.4609375,106065.0625,97226.8984375,62944.58203125
"021726",2026-02-17 08:38:07.32,2026-02-17,8H 38M 7.32S,"Unknown","Aurora","U1629","Admin",1376,434,307,243,333,374,563,450,583,380,464,447,625,1007,780,1155,306,306,189,316,250,182,205,220,302,367,363,372,288,242,225,339,388,362,308,308,213,213,623,430,396,379,286,276,626,370,559,524,417,352,507,647,404,342,227,432,369,461,304,262,390,372,190,153,249,258,178,194,288,215,-39.85,-19.625,0,21.05,39.2,1.15,1.06,1.1,1.06,0.96,13.92,2.88,1.88,1.79,1.77,1.76,1.7,1.7,1.97,2,3.21,4.04,6.35,7.65,9.72,18.79,5.08,5.28,1.36,1.36,1.43,1.45,1.43,1.5,1.44,1.39,1.51,1.54,1.87,2.28,2.98,3.35,4.51,7.89,2.57,2.72,1.38,1.42,2.45,2.07,1.87,1.9,1.91,1.91,2.23,2.19,2.25,2.88,3.44,3.09,5.07,5.45,1.24,1.11,1.03,1.28,1.56,1.83,1.69,2.29,2.75,3.54,2.18,2.46,2.54,2.6,2.51,2.9,2.74,2.95,3427.56396484375,40183.01171875,89328.73828125,104802.39453125,147309.109375,217938.6484375,291889.078125,146045.09375,110202.61328125,51078.9375,21287.599609375,10315.9921875,6854.34057617188,7179.14135742188,4339.17431640625,2748.55749511719,2188287,2180119.625,179531.9140625,426825.109375,506274.328125,517048.28125,485523.40625,348543.265625,368235.3125,202441.609375,135553.2890625,142564.4921875,60117.76953125,32200.216796875,20931.470703125,17119.830078125,11945.8383789062,5063.20654296875,1708425.5,1707862.0625,1895548.5,1878889.5,65230.8671875,66271.21875,175400.5,218232.7734375,209657.8359375,176079.78125,107229.24609375,78588.91796875,60675.876953125,32487.697265625,20269.66015625,17322.0283203125,11437.1538085938,11863.5883789062,223578.453125,273876.140625,317104.703125,204133.921875,158164.9921875,111418.765625,106526.04296875,49633.072265625,32441.158203125,17070.1015625,156650.8984375,305549.953125,228402.71875,139742.3046875,126830.14453125,105672.375,91709.34375,42852.728515625
"021226",2026-02-12 08:54:07.19,2026-02-12,8H 54M 7.19S,"Unknown","Aurora","U1629","Admin",1357,433,307,241,331,375,555,442,564,376,450,444,637,1022,817,1474,305,305,189,315,249,182,204,219,299,364,362,370,274,237,226,341,401,484,309,309,215,215,614,427,389,374,285,275,610,358,562,529,419,357,532,845,403,347,232,420,362,461,312,269,414,496,168,141,249,260,181,197,304,293,-39.75,-19.575,0,21.1,39.325,1.14,1.06,1.09,1.05,0.96,13.65,2.84,1.66,1.78,1.68,1.82,1.77,1.76,1.77,1.83,2.92,3.91,6.18,7.8,10.56,18.34,6.05,6.25,2.08,2.1,2.11,2.02,2.06,2.09,1.99,2.04,1.98,1.97,2.23,2.55,3.08,3.89,4.78,6.84,2.55,2.45,1.79,1.26,2.45,2.21,2.07,2.04,2.2,2.09,2.41,2.3,2.45,3.04,3.57,3.71,5.29,5.78,1.36,1.23,1.13,1.23,1.58,1.8,1.85,2.15,2.99,3.7,2.17,2.44,2.61,2.74,2.64,2.79,2.87,3.08,3433.2978515625,40029.11328125,89057.2109375,103671.6171875,145551.4375,217290.1875,287319.21875,144390.421875,106628.1015625,50298.0078125,20729.978515625,10347.46484375,7026.2041015625,7309.81298828125,4518.833984375,3567.81616210938,2246666,2241652.25,178548.046875,424620.46875,498879.21875,513550.5625,479317.53125,346694.8125,363172.78125,199422.0625,133238.53125,141879.84375,57445.484375,31434.44921875,20864.529296875,17120.125,12264.8310546875,6755.51318359375,1686570,1704727.375,1885954,1881060.875,63526.36328125,65610.59375,171541.828125,212934.28125,206734.0625,173826.046875,102245.0625,74583.859375,60036.1796875,32074.22265625,20250.04296875,17460.375,11928.4169921875,15332.791015625,218871,267121.46875,311889.1875,194134.28125,152661.421875,109407.078125,106912.6328125,49929.25,33780.26171875,22495.802734375,137300.09375,278824.6875,226204.4375,140487.890625,128058.5546875,106494.125,95874.1171875,58122.0546875
"021116_3",2026-02-11 16:23:05.92,2026-02-11,16H 23M 5.92S,"Unknown","Aurora","U1629","Admin",1343,417,299,233,324,361,540,431,561,365,439,423,602,965,759,1268,303,303,188,315,248,181,204,218,301,365,361,369,277,233,219,330,383,414,308,308,214,214,613,428,391,379,286,275,612,359,549,515,409,348,512,738,402,345,229,413,356,444,297,255,388,419,171,140,240,250,174,189,288,248,-39.75,-19.575,0,21.15,39.475,1.15,1.06,1.1,1.05,0.96,14.5,2.56,1.59,1.76,1.52,1.45,1.51,1.5,1.78,2.05,2.95,4.86,7.17,7.15,11.43,17.54,3.57,3.88,0.99,1.04,1,0.99,0.9,0.94,1.01,0.97,1.11,1.2,1.37,1.93,2.58,3.29,4.44,6.15,2.93,2.74,1.39,1.42,2.32,1.93,1.79,1.85,1.75,1.91,2.01,2.03,2.35,3.05,3.48,3.45,4.99,5.28,1,1.07,0.83,1.07,1.52,1.72,1.65,2.15,2.74,3.47,2.05,2.54,2.44,2.57,2.47,2.77,2.76,2.88,3341.9033203125,39130.408203125,88101.17578125,102193.40234375,144097.0390625,212929.46875,283743.140625,142599.328125,108117.546875,49246.6796875,20181.76171875,9715.87744140625,6578.35864257812,6811.90356445312,4141.54418945312,3047.9697265625,2260131,2258842.375,179725.4765625,431587.765625,507561.921875,520309.71875,489651.96875,351221.03125,371774.421875,204062.6796875,134095.5859375,143504.8515625,58388.177734375,30809.8310546875,20441.25,16477.0654296875,11721.5634765625,5765.5146484375,1689071.5,1703686.9375,1895177,1905251.9375,64310.423828125,66286.203125,172347.8671875,215850.765625,206892.8125,173206.5390625,103713.2421875,74194.2890625,58677.111328125,31222.7763671875,19580.2421875,16810.4033203125,11501.7666015625,13343.232421875,217907.6953125,262438.25,305819.109375,191502.9921875,147500.9765625,105742.07421875,101986.69921875,47266.29296875,31489.978515625,18718.6494140625,139007.59375,272783.296875,215861.2578125,134189.171875,121673.74609375,100388.9140625,89624.20703125,48341.30859375
"021126_2",2026-02-11 16:15:28.45,2026-02-11,16H 15M 28.45S,"Unknown","Aurora","U1629","Admin",1343,417,299,233,324,361,540,431,561,365,439,423,602,965,759,1268,303,303,188,315,248,181,204,218,301,365,361,369,277,233,219,330,383,414,308,308,214,214,613,428,391,379,286,275,612,359,549,515,409,348,512,738,402,345,229,413,356,444,297,255,388,419,171,140,240,250,174,189,288,248,-39.75,-19.575,0,21.15,39.475,1.15,1.06,1.1,1.05,0.96,14.55,2.52,1.73,1.8,1.8,1.66,1.72,1.73,1.9,1.95,2.83,4.13,5.77,7.03,10.94,16,3.84,4.22,1.02,0.93,0.96,0.88,0.78,0.82,0.89,0.96,1.07,1.05,1.57,2.06,2.53,3.45,4.17,6.42,2.38,2.41,1.66,1.28,2.34,2.27,1.85,1.74,1.81,1.69,2.18,1.79,2.13,2.7,3.31,2.97,5.18,5.32,160.98,283.34,605.18,315.68,405.68,749.31,3091.9,2573.69,397.37,2029.04,2.24,2.39,2.65,2.61,2.66,2.69,2.82,3.05,3320.1689453125,38624.919921875,87341.26953125,101127.15234375,142816.21875,211302.4921875,280007.375,141293.3984375,106765.66796875,49357.65234375,20074.0107421875,9651.11181640625,6560.27001953125,6804.68115234375,4166.22265625,2984.22229003906,2249922.5,2246373,180108.9296875,432395.5625,509775.15625,520709.96875,490007.328125,351860.171875,370930.9375,204364.203125,136472.1015625,146489.1953125,59288.953125,31252.9951171875,20616.900390625,16749.1845703125,11900.0639648438,5807.27319335938,1696748.5,1706687.6875,1911040.5,1914017.375,64679.73828125,66725.77734375,173274.890625,218512.0859375,211037.015625,176862.3984375,105194.58984375,75649.20703125,59691.859375,31815.0791015625,19849.201171875,17047.5283203125,11629.3686523438,13490.7353515625,173.481704711914,99.6963157653809,44.7781257629395,91.0400733947754,63.9518966674805,38.1097412109375,9.79547834396362,11.642776966095,65.4589233398438,14.3570203781128,138449.9609375,276127.015625,217949.5,135459.5390625,123329.03125,101952.65625,90795.9765625,48974.859375
"021126",2026-02-11 08:53:29.14,2026-02-11,8H 53M 29.14S,"Unknown","Aurora","U1629","Admin",1343,417,299,233,324,361,540,431,561,365,439,423,602,965,759,1268,303,303,188,315,248,181,204,218,301,365,361,369,277,233,219,330,383,414,308,308,214,214,613,428,391,379,286,275,612,359,549,515,409,348,512,738,402,345,229,413,356,444,297,255,388,419,171,140,240,250,174,189,288,248,-39.75,-19.575,0,21.15,39.475,1.15,1.06,1.1,1.05,0.96,13.99,2.49,1.96,1.9,2.03,1.88,1.96,1.89,1.97,2.29,3.31,4.11,5.61,7.58,10.9,17.64,4.74,5,1.67,1.66,1.72,1.67,1.72,1.64,1.69,1.69,1.72,1.85,2.06,2.48,2.7,3.35,4.67,6.87,2.8,2.96,1.62,1.89,2.7,2.54,2.3,2.25,2.27,2.27,2.39,2.36,2.61,3.01,3.79,3.61,5.29,5.84,1.6,1.61,1.4,1.57,1.93,2.09,2.12,2.25,2.75,3.74,2.53,2.91,2.88,2.84,2.84,3.07,3.21,3.5,3369.90551757812,39433.07421875,89695.859375,103510.796875,146306.890625,215941.84375,286698.53125,144760.3125,109367.890625,50337.34375,20622.802734375,9936.6015625,6736.5087890625,7009.0361328125,4252.3466796875,3079.36083984375,2218470,2204646,178759.03125,428344.03125,502968.46875,513569.46875,483260.125,346417.4375,365982.09375,200952.46875,133296.140625,142634.375,58118.9609375,30791.14453125,20392.216796875,16548.15234375,11712.9501953125,5769.00244140625,1686689,1693659.75,1885939,1883003.375,63674.66796875,65771.1640625,171930.96875,216258.8125,207227.484375,173906.609375,103936.3125,74585.4765625,58985.92578125,31507.919921875,19632.212890625,16843.271484375,11475.0927734375,13375.486328125,218955.796875,267391.28125,312422,194004.609375,149986.03125,106571.4453125,102865.234375,47719.98046875,31857.353515625,18871.07421875,138567.078125,273969.5625,216282.546875,134263.75,121728.578125,100629.9609375,89757.5703125,48324.3125
"021026",2026-02-10 09:22:48.69,2026-02-10,9H 22M 48.69S,"Unknown","Aurora","U1629","Admin",1386,430,309,240,333,371,553,444,577,374,453,432,612,979,767,1235,303,303,189,315,248,182,205,218,302,366,359,368,278,233,218,328,380,393,308,308,214,214,611,427,391,378,286,274,614,360,546,508,404,344,502,698,402,342,227,416,357,441,295,253,383,399,177,143,240,249,173,189,285,235,-39.775,-19.625,0,21.075,39.4,1.14,1.06,1.1,1.05,0.96,13.46,2.44,1.74,1.73,1.72,1.69,1.66,1.67,1.79,2.13,2.91,4.12,5.93,7.74,11.33,18.13,4.62,4.83,1.34,1.24,1.37,1.27,1.24,1.26,1.22,1.26,1.37,1.37,1.68,2.24,2.69,3.4,4.62,6.92,2.67,2.6,1.66,1.49,2.22,2.01,1.82,1.8,1.94,1.79,2.22,2,2.21,2.65,3.7,3.65,4.98,5.4,1.4,1.34,1.16,1.36,1.7,1.84,1.93,2.17,2.81,3.45,2.18,2.42,2.4,2.6,2.48,2.66,2.86,2.72,3585.5947265625,39709.544921875,90309.74609375,104235.27734375,147926.9765625,216028.5546875,286255.703125,145142.09375,110507.1171875,50475.005859375,20763.66796875,9987.63525390625,6710.94482421875,6948.2158203125,4232.61669921875,2991.90319824219,2215763.5,2208375.25,180729.984375,429268.59375,504687.25,520227.984375,489449.9375,348008.28125,371226.53125,201969.3359375,134394.265625,143090.8828125,58465.90625,30931.4423828125,20301.41015625,16526.486328125,11681.7456054688,5459.771484375,1690459.5,1698682.0625,1896270,1898548.0625,64469.734375,66289.62890625,173309.984375,217711.703125,208393.2578125,173276.8984375,104527.46875,75936.984375,59241.37109375,31112.3212890625,19565.6533203125,16791.3720703125,11313.6831054688,12697.9306640625,217046.078125,263926.3125,306369.109375,191845.796875,150454.703125,104254.6953125,101040.625,46863.57421875,31043.51171875,17926.4169921875,143970.2421875,281449.15625,217616.3203125,134912.8203125,121633.2734375,101200.95703125,89174.2578125,46014.59765625
"020626",2026-02-06 08:43:17.05,2026-02-06,8H 43M 17.05S,"Unknown","Aurora","U1629","Admin",1356,424,300,236,325,366,550,438,564,370,448,431,614,983,772,1277,303,303,189,313,248,181,204,218,301,363,364,370,278,236,221,334,389,420,308,308,213,213,618,425,390,373,285,276,610,358,558,516,410,349,512,734,403,349,231,418,360,455,304,262,396,430,170,141,243,252,175,191,289,250,-39.875,-19.65,0,21.05,39.25,1.15,1.06,1.1,1.05,0.96,15.2,2.97,1.95,2.03,2.08,1.97,2.02,2.08,2.19,2.42,3.22,4.34,6.31,8.18,11.18,18.33,5.25,5.41,1.64,1.71,1.7,1.76,1.69,1.63,1.73,1.66,1.58,1.83,1.99,2.63,3.13,4.07,5.03,6.99,3.04,3.05,1.73,1.75,2.75,2.69,2.36,2.29,2.43,2.43,2.49,2.67,2.85,3.46,3.85,4.22,6.07,5.87,1.46,1.64,1.42,1.61,2.05,2.16,2.02,2.68,3.25,4.04,2.51,2.8,2.84,2.83,2.77,2.9,3.06,3.15,3512.35595703125,39958.79296875,89216.734375,104034.1796875,147647.4375,217567.0625,290303.90625,145779.296875,108917.0234375,50586.984375,20823.056640625,10166.2001953125,6847.578125,7109.36669921875,4376.1259765625,3187.23681640625,2224649,2215506.75,180673.765625,425259.6875,504917.375,515996.40625,485447.4375,348264.53125,368031.15625,202166.109375,135611.953125,142845.25,58417.22265625,31223.0625,20622.501953125,16732.67578125,11889.73046875,5849.71923828125,1683129,1689379.375,1881916,1878697.875,65042.9765625,64982.08203125,172432.421875,213914.046875,207254.09375,174101.03125,102532.984375,74583.8046875,60039.796875,31529.361328125,19761.67578125,16969.572265625,11516.9091796875,13375.1279296875,221239.109375,268008.84375,312060.75,195147.609375,151084.953125,108177.875,104887.7265625,48762.484375,32451.1015625,19372.884765625,138600.5,277970.9375,220595.140625,136734.078125,123406.140625,102588.8984375,90664.6640625,49237.71875
"020426",2026-02-04 08:34:53.87,2026-02-04,8H 34M 53.87S,"Unknown","Aurora","U1629","Admin",1328,424,302,235,324,368,549,435,562,370,449,435,617,983,773,1248,300,300,189,314,248,182,204,217,302,367,364,371,278,237,223,337,389,405,308,308,212,212,617,429,388,378,287,277,618,360,563,521,414,352,514,720,403,346,231,423,365,458,305,263,396,415,174,145,246,256,177,193,291,243,-39.6,-19.5,0,21.05,39.35,1.15,1.06,1.1,1.05,0.96,14.61,2.51,1.72,1.65,1.6,1.61,1.68,1.7,1.83,1.98,3.07,3.78,5.99,7.57,11.67,17.83,4.61,4.71,1.24,1.26,1.27,1.25,1.24,1.23,1.24,1.32,1.3,1.4,1.55,2.15,2.59,3.53,3.93,6.35,2.57,2.5,1.47,1.28,2.34,2.13,1.83,1.78,1.88,1.89,2.13,2.09,2.36,3.13,3.48,3.44,5.54,5.52,1.09,1.12,1.05,1.22,1.47,1.71,1.7,2.15,2.76,3.63,2.09,2.38,2.52,2.65,2.34,2.63,2.8,2.84,3392.818359375,39728.3515625,90202,104166.9375,145821.96875,220336.78125,290783.71875,145876.140625,108996.28125,50697.33203125,21125.84375,10209.0126953125,6884.833984375,7120.14794921875,4339.478515625,3069.4638671875,2245572,2240585,181723.0625,427417.78125,507570.625,522813.3125,488059.8125,350166.375,372975.59375,205414.765625,136554.03125,143780.59375,58802.16015625,31859.55859375,20890.283203125,17079.08984375,12036.048828125,5675.732421875,1693559,1705536,1887972,1891870.375,65605.0078125,66626.6640625,174187,217897.0625,208930.40625,175137.984375,104934.09375,76326.7421875,60685.95703125,31801.046875,20149.490234375,17242.080078125,11546.875,13161.806640625,221889.09375,269650.9375,314030.0625,199136.625,154197.515625,108765.8359375,105711.265625,49344.97265625,32668.552734375,18736.013671875,143594.171875,287856.09375,225505.546875,139797.65625,125633.6484375,104616.875,92168.7265625,48126.96484375
"020326",2026-02-03 09:15:12.05,2026-02-03,9H 15M 12.05S,"Unknown","Aurora","U1629","Admin",1372,430,304,239,331,372,555,443,569,376,458,436,616,979,766,1147,300,300,188,314,248,182,205,218,302,366,359,367,282,237,221,332,382,365,309,309,213,213,614,431,395,380,286,278,623,366,557,518,410,347,501,649,401,339,227,421,364,451,297,256,383,375,184,151,245,253,175,191,285,218,-39.9,-19.65,0,21.15,39.45,1.15,1.06,1.1,1.05,0.97,13.03,2.7,1.7,1.7,1.72,1.67,1.69,1.7,1.79,2.06,3.33,4.03,5.94,7.11,11.75,18.24,4.28,4.41,1.29,1.2,1.26,1.23,1.19,1.15,1.17,1.14,1.33,1.26,1.62,2.27,2.84,3.33,4.5,7.36,2.65,2.54,1.54,1.28,2.37,2.16,1.84,1.82,1.85,1.86,2.25,2.11,2.18,3.09,3.44,3.58,4.73,5.69,1.23,1.56,1.58,1.57,1.79,1.96,1.9,2.23,2.86,3.45,2.17,2.43,2.44,2.64,2.46,2.65,2.75,2.8,3506.20947265625,40270.11328125,90808.4375,104760.7578125,148549.6328125,222039.109375,293979.0625,147182.4375,110588.98046875,51099.9921875,21407.8583984375,10139.927734375,6851.09228515625,7058.82055664062,4282.78564453125,2767.92614746094,2257806,2257054.875,179853.3984375,426866.9375,507001.890625,522057.578125,491503.65625,350022.25,373676.125,202953.4140625,134962.90625,142203.671875,59317.576171875,31711.66015625,20692.2578125,16754.5341796875,11800.8393554688,5109.6591796875,1690766,1703183.1875,1880492,1887072.75,64697.6015625,66379.703125,175426.9765625,220348.0859375,208090.3828125,176516.359375,106594.75,77126.7890625,60426.302734375,31708.341796875,19839.8837890625,16866.03125,11275.3701171875,11837.556640625,219066.8515625,263872.8125,308899.34375,194873,153153.7421875,107951.765625,102534.265625,47754.47265625,31344.6025390625,17049.4091796875,151028.171875,298107.9375,224098.734375,137578.078125,124005.91015625,103144.8359375,90229.4140625,43006.10546875
"020226",2026-02-02 09:31:04.97,2026-02-02,9H 31M 4.97S,"Unknown","Aurora","U1629","Admin",1355,424,300,237,327,369,549,439,564,372,458,437,619,987,770,1149,303,303,188,313,247,181,204,218,302,366,359,368,283,240,224,337,387,364,308,308,212,212,614,431,395,380,286,278,626,370,565,527,418,354,512,654,401,339,228,423,369,459,302,261,390,376,188,153,249,257,179,194,289,218,-39.75,-19.6,0,21.1,39.375,1.15,1.06,1.1,1.05,0.97,14.48,2.5,1.61,1.64,1.68,1.56,1.57,1.66,1.86,1.79,2.79,4.12,6.05,7.33,10.36,16.8,4.86,5,1.18,1.13,1.19,1.11,1.07,1.12,1.1,1.11,1.21,1.23,1.74,2.26,2.79,3.32,4.67,6.45,2.49,2.49,1.43,1.25,2.3,2.03,1.96,1.82,2.02,1.94,2.24,1.94,2.12,3.12,3.17,3.5,5.33,5.46,1.08,1.06,0.8,1.1,1.52,1.78,1.65,2.09,2.9,3.58,2.21,2.58,2.66,2.59,2.63,2.86,2.83,2.96,3487.9921875,39903.146484375,89438.7890625,103989.16796875,147441.203125,220011.859375,291283.28125,145784.1875,109197.14453125,51506.828125,21443.8369140625,10367.8188476562,6928.93505859375,7172.8017578125,4333.80590820312,2812.32568359375,2237912.5,2234896,180400.9921875,428332.71875,503600.921875,519250.90625,489078.671875,350379.84375,374027.609375,203533.6640625,135267.3984375,144472.1796875,60240.4453125,32285.80859375,21082.0634765625,17186.1298828125,11944.4624023438,5167.75732421875,1687338.5,1700469.25,1885242,1890481.6875,64649.9921875,66436.03515625,176032.484375,220377.203125,208720.546875,177278.4140625,106824.4453125,78081.52734375,61659.591796875,32404.2177734375,20297.8125,17387.7978515625,11554.0073242188,11927.6508789062,220337.9140625,267442.59375,312537.828125,200471.8046875,156974.78125,110908.625,104941.23828125,49154.828125,32223.103515625,17210.98828125,155588.078125,305021.375,228340.078125,139994.6875,127454.5859375,105312.7578125,91880.703125,43338.9375
"012226",2026-01-22 09:03:06.21,2026-01-22,9H 3M 6.21S,"Unknown","Aurora","U1629","Admin",1310,415,294,232,321,360,537,432,560,365,443,427,603,968,756,1167,303,303,188,312,248,181,204,218,301,365,364,371,280,240,223,336,386,376,308,308,214,214,620,430,392,378,288,278,623,368,569,522,416,353,512,674,408,349,233,429,366,459,306,263,394,388,179,149,248,254,176,192,287,225,-39.875,-19.65,0,21.125,39.575,1.14,1.06,1.1,1.04,0.98,14.13,3.06,2.1,2.25,2.08,2.06,2.01,2.01,2.06,2.24,3.07,4.69,7.07,7.44,10.66,16.64,2.59,2.56,1.14,1.1,1.05,1.1,1.06,1.06,1.05,1.08,1.09,1.04,1.51,2.43,2.81,3.78,4.67,6.97,2.11,1.9,1.32,1.03,1.91,1.94,1.54,1.43,1.41,1.51,1.73,1.85,2.29,2.64,3.28,3.07,5.05,5.85,1.13,1.16,0.95,1.26,1.68,1.98,1.83,2.19,2.8,3.67,2.3,2.62,2.79,2.74,2.54,2.82,3.01,2.94,3331.31005859375,39964.39453125,88439.62890625,103359.15234375,146153.8046875,217734.5703125,285784.65625,145523.5078125,110632.12890625,50783.662109375,20804.7353515625,10212.685546875,6765.119140625,7140.9345703125,4300.5107421875,2882.99389648438,2275006.5,2264076.875,179203.8125,425286.328125,506036.265625,516693.296875,486793.046875,348870.28125,368103,202602.3359375,135842.2265625,143385.2109375,59209.580078125,31935.2890625,20799.6669921875,16965.427734375,11969.755859375,5270.42700195312,1669462.5,1677513.25,1895546.5,1896110.8125,64734.783203125,65651.42578125,171108.8203125,215058.2734375,207885.7890625,174580.703125,105222.48828125,76160.60546875,60633.71484375,31862.755859375,19981.119140625,17144.1220703125,11468.7626953125,12132.8559570312,220842.609375,263219.984375,310159.125,195336.5078125,151433.1796875,108307.03515625,104118.58984375,48416.236328125,31843.734375,17349.3095703125,146323.3125,289888.296875,224420.109375,136226.703125,123529.73046875,102474.6015625,90153.81640625,44065.462890625
"012126",2026-01-21 08:56:53.5,2026-01-21,8H 56M 53.5S,"Unknown","Aurora","U1629","Admin",1307,413,293,230,319,358,535,427,551,356,444,425,600,957,747,1124,303,303,188,311,247,181,204,218,300,367,359,365,285,238,222,335,385,363,309,309,214,214,618,432,396,379,288,278,625,367,565,528,418,354,512,657,400,337,226,429,365,454,302,260,389,376,191,154,249,258,179,194,289,218,-39.875,-19.675,0,21.075,39.45,1.14,1.06,1.09,1.04,0.98,14.39,2.75,2.04,1.92,2,1.89,1.92,1.99,2.1,2.34,2.99,4.04,6.29,7.87,11.42,18.72,5.9,5.96,1.54,1.55,1.6,1.63,1.67,1.62,1.66,1.63,1.68,1.71,2.06,2.74,2.93,3.85,4.82,7.5,2.75,2.83,1.71,1.65,2.59,2.28,2.22,2.11,2.27,2.16,2.39,2.37,2.49,3.33,3.8,3.75,5.12,5.89,1.49,1.44,1.36,1.47,1.73,1.96,1.91,2.23,2.9,4.01,2.2,2.46,2.49,2.6,2.5,2.72,2.84,3.02,3382.91577148438,39824.33203125,89384.8515625,103401.0546875,145561.3125,216928.25,287986.21875,145099.59375,107904.890625,50180.98828125,21308.11328125,10290.6083984375,6862.1044921875,7098.4462890625,4337.419921875,2833.478515625,2221256,2211323.75,179361.640625,425136.375,501162.375,516216.25,485583.25,347728.8125,367246.5,204868.5,134425.203125,141809.71875,59821.12890625,31672.826171875,20763.791015625,16930.59375,11877.322265625,5118.59619140625,1684579,1698370,1883709,1871623.5,64476.6484375,66073.6875,172900.703125,214232.375,207541.21875,174667.234375,105381.109375,76088.390625,60720.33203125,31858.400390625,20059.103515625,17147.560546875,11415.1171875,11873.57421875,218017.375,261127.4375,306727.125,198243.078125,152851.96875,107771.109375,103899.921875,48328.75,31710.08984375,17057.201171875,156735.984375,301862.125,225264.234375,138509.203125,126365.6640625,104415.0234375,91041.296875,42925.46875
"010226",2026-01-02 08:39:51.48,2026-01-02,8H 39M 51.48S,"Unknown","Aurora","U1629","Admin",1247,396,278,222,305,343,515,409,527,345,421,406,573,914,713,1073,306,306,187,310,246,181,203,217,298,362,362,368,283,241,222,335,384,365,306,306,212,212,617,426,390,378,288,276,619,367,566,522,414,350,507,656,406,347,232,429,369,459,305,262,392,379,181,149,246,254,176,191,285,217,-39.875,-19.7,0,21.1,39.575,1.15,1.06,1.1,1.05,0.98,13.37,2.56,1.82,1.86,1.78,1.73,1.9,1.91,2.12,2.05,2.94,4.48,5.36,6.87,11.1,16.8,5.24,5.24,1.86,2.04,2.12,2.08,2.12,2,2.05,1.92,1.99,2.16,2.31,2.72,3.34,4.05,4.68,7.52,2.75,2.8,1.83,1.59,2.36,2.05,1.67,1.52,1.61,1.59,2.06,2.08,2.29,2.89,3.73,3.28,5.22,5.64,1.26,1.22,0.97,1.12,1.66,1.6,1.59,2.03,3,3.64,2.25,2.49,2.49,2.57,2.53,2.79,2.84,2.88,3462.67163085938,40176.787109375,90132.30078125,103865.6875,146418.796875,217309.6171875,288886.171875,146639.1796875,108322.9140625,50904.396484375,21252.4853515625,10259.587890625,6892.3359375,7094.12866210938,4318.32958984375,2827.63500976562,2160077.5,2152630.75,178237.28125,420953.484375,500459.375,515785.390625,484621.90625,347543.078125,363290.515625,201954.7109375,134526.90625,142831.2421875,59669.115234375,32136.8779296875,20650.2607421875,16772.591796875,11803.2294921875,5067.17749023438,1690930.5,1712710.0625,1892742,1889496.1875,65822.69140625,66865.90234375,174929.703125,219519.3984375,212881.6640625,177156.2265625,105737.203125,77950.23046875,61951.380859375,32612.3369140625,20153.451171875,17278.693359375,11470.7333984375,12044.8740234375,221601.0390625,270750.078125,316241.40625,199795.3203125,156575.8125,110446.31640625,105794.375,49164.830078125,32316.3896484375,17285.7470703125,148658.96875,293674.375,224390.421875,137728.03125,124586.10546875,103407.53515625,90273.48828125,42752.7890625
"123025",2025-12-30 10:15:50.51,2025-12-30,10H 15M 50.51S,"Unknown","Aurora","U1629","Admin",1228,390,274,219,301,338,508,404,519,339,417,401,567,905,704,1052,303,303,187,310,245,180,202,217,298,361,359,364,284,240,222,335,383,359,309,309,215,215,623,432,394,381,289,277,626,372,570,527,417,353,510,651,405,342,230,431,370,458,305,263,392,376,189,153,249,258,178,194,288,216,-39.675,-19.575,0,20.95,39.325,1.14,1.06,1.09,1.04,0.99,12.79,2.52,1.81,1.85,1.8,1.85,1.74,1.92,1.82,2.22,2.81,4.4,6.08,7.35,10.47,16.85,5.87,6.08,1.58,1.59,1.69,1.6,1.49,1.51,1.59,1.59,1.72,1.69,2.06,2.39,3,3.88,4.2,7.35,2.51,2.57,1.57,1.46,2.29,2.08,2.04,1.96,2.05,2.09,2.2,2.26,2.56,2.84,3.57,3.63,5.17,5.6,1.49,1.43,1.34,1.46,1.85,2.01,2.01,2.38,2.89,3.75,2.17,2.52,2.55,2.6,2.56,2.57,2.87,2.86,3427.21484375,39157.73046875,87808.1640625,102530.04296875,143226.4921875,214647.96875,284440.046875,144795.828125,106638.62890625,50167.078125,20780.171875,10156.2084960938,6804.29736328125,6981.80932617188,4255.37573242188,2715.337890625,2221771,2199368.25,176653.328125,418456.5,498758.09375,510626.71875,480409.390625,347499.265625,362371.484375,198863.0390625,133552.8125,141022,59293.271484375,31685.458984375,20608.6171875,16832.681640625,11718.8940429688,4998.55859375,1674184.5,1682540.375,1876311,1857044.375,64294.373046875,65877.36328125,171674.359375,215230.96875,206129.3125,171096.40625,104248.08203125,76277.21875,60215.76953125,31643.89453125,19713.3349609375,16932.7265625,11290.7241210938,11543.4741210938,217067.9609375,261256.4453125,305233.859375,197310.484375,152519.171875,106208.76953125,102999.18359375,48123.169921875,31587.7666015625,16779.5556640625,152731.65625,296446.859375,221548.828125,136325.6953125,123353.5078125,102465.99609375,89169.484375,41782.001953125
"122925",2025-12-29 08:38:48.01,2025-12-29,8H 38M 48.01S,"Unknown","Aurora","U1629","Admin",1223,387,272,218,299,337,505,403,516,336,415,396,556,893,695,1060,304,304,187,308,244,180,202,215,298,362,355,363,278,235,218,330,378,365,309,309,215,215,622,431,393,381,287,277,622,368,555,516,410,348,502,659,405,342,229,422,366,453,300,258,386,379,185,149,244,253,175,191,285,220,-39.825,-19.675,0,21,39.475,1.14,1.06,1.09,1.04,0.99,13.34,2.46,1.71,1.6,1.57,1.52,1.6,1.59,1.63,1.95,2.91,4.09,5.89,7.44,10.34,17.1,5.52,5.62,1.25,1.25,1.26,1.32,1.29,1.27,1.27,1.33,1.49,1.53,1.86,2.45,2.78,3.88,4.67,7.26,2.58,2.57,1.51,1.24,2.34,2.04,1.96,1.94,2.07,1.95,2.25,2.2,2.34,2.88,3.37,3.52,5.3,5.89,1.16,1.14,1.02,1.24,1.53,1.7,1.7,1.98,2.93,3.51,2.13,2.51,2.59,2.62,2.45,2.62,2.82,3.01,3405.91271972656,39873.814453125,88863.5546875,103708.7421875,146075.5859375,216634.140625,289718.109375,145664.953125,108789.07421875,50610.6796875,21247.3125,10267.77734375,6785.93188476562,7107.22485351562,4263.63647460938,2854.20776367188,2260502,2256289.625,180700.453125,427679.765625,504130.9375,520621.265625,489046.71875,350943.265625,369956.375,204983.3359375,135007.5625,143521.5625,59345.50390625,31759.751953125,20594.9853515625,16852.0234375,11769.708984375,5196.29150390625,1690961.5,1702019.3125,1884291,1887814.3125,65274.4140625,65906.125,175013.40625,219250.890625,207390.34375,174331.7890625,104248.828125,76609.69921875,60086.517578125,31649.6025390625,19826.1943359375,16900.5,11220.7333984375,11867.0107421875,220872.0546875,265585.75,309450.71875,195627.3125,153062.046875,108009.66796875,103394.14453125,48212.462890625,31435.8193359375,17123.5673828125,152383.1640625,292877.15625,223852.8359375,137243.6328125,123938.359375,103098.5,89934.40234375,43419.248046875
"122625",2025-12-26 09:48:44.49,2025-12-26,9H 48M 44.49S,"Unknown","Aurora","U1629","Admin",1237,392,275,220,302,341,510,408,522,342,420,405,571,916,716,1121,304,304,187,308,244,180,202,215,298,361,357,365,278,237,221,334,384,377,305,305,211,211,614,425,387,374,283,274,611,363,552,517,412,350,507,676,403,345,231,420,366,457,303,261,391,387,178,146,242,252,175,190,285,224,-40.05,-19.825,0,21.125,39.65,1.14,1.06,1.1,1.05,0.98,14.45,2.85,2.04,2.06,2.05,1.97,1.9,1.92,2.23,2.26,3.2,4.53,6.13,8.89,11.63,16.44,6.48,6.47,1.45,1.41,1.5,1.54,1.48,1.54,1.5,1.54,1.66,1.69,2.13,2.62,3.13,4.16,4.88,7.14,2.85,2.83,1.7,1.49,2.7,2.39,2.2,2.09,2.17,2.03,2.43,2.32,2.67,3.29,3.84,3.98,5.49,6.1,1.21,1.25,1.04,1.27,1.69,1.84,1.86,2.25,3.17,4,2.34,2.6,2.8,2.83,2.65,2.93,3.01,3.27,3417.13793945312,39859.578125,88782.0234375,103410.828125,145823.5,218955.96875,291128.71875,145101.1875,108898.296875,50991.375,21273.103515625,10251.0625,6900.2880859375,7205.97412109375,4384.76220703125,2991.83837890625,2247480,2245735.75,180911.140625,428002.53125,503869.84375,520152.0625,489175.53125,350854.5,369857.4375,202975.4375,135235.421875,143663.328125,59387.90625,32042.970703125,20991.134765625,17077.291015625,12000.3974609375,5327.142578125,1700507,1717241.25,1883617,1877485.625,64586.27734375,65606,172474.296875,216267.796875,207534.921875,174204.875,105490.1328125,76426.3671875,59695.62109375,31954.994140625,20169.376953125,17246.26953125,11469.2314453125,12387.193359375,221345.953125,266545.5625,313177.875,196004.609375,154054.390625,108585.9375,104971.671875,48892.8984375,32219.63671875,17744.478515625,147432.78125,290739,223513.65625,138622.3125,124829.53125,103265.7265625,90909.109375,44530.29296875
"122425",2025-12-24 08:35:41.88,2025-12-24,8H 35M 41.88S,"Unknown","Aurora","U1629","Admin",1262,395,277,221,303,342,511,409,530,343,424,409,572,924,718,1070,303,303,187,309,246,181,203,216,298,364,356,363,282,239,222,336,384,361,304,304,211,211,615,426,389,374,285,273,620,366,558,518,414,351,505,649,401,336,225,422,364,452,300,258,387,372,187,151,246,255,177,191,285,215,-40.025,-19.775,0,21.15,39.65,1.15,1.06,1.11,1.06,0.98,14.25,2.58,1.69,1.64,1.57,1.61,1.61,1.59,1.66,1.85,2.7,3.61,5.63,7.51,10.67,16.71,5.13,5.3,1.28,1.37,1.38,1.42,1.36,1.29,1.32,1.36,1.53,1.46,1.86,2.39,2.88,3.73,4.44,6.85,2.38,2.46,1.35,1.13,2.11,2.12,1.79,1.65,1.78,1.77,2.07,1.96,2.16,2.86,3.69,3.27,4.57,5.25,1.2,1.19,0.96,1.22,1.61,1.69,1.65,2.16,2.6,3.47,2.27,2.53,2.59,2.65,2.53,2.85,3.05,2.97,3427.9716796875,39758.876953125,89347.94921875,103677.9296875,145241.7265625,217782.953125,290510.90625,146477.7890625,110129.0625,50943.8671875,21258.0869140625,10372.3188476562,6891.67407226562,7182.833984375,4379.80395507812,2817.681640625,2232109,2230109.625,180559.609375,426901.90625,507787.4375,523188.171875,491722.546875,349353.984375,368104.203125,204194.734375,134925.5859375,143806.34375,59974.240234375,32494.0302734375,21031.892578125,17203.748046875,11996.2338867188,5147.5732421875,1694402,1709516.4375,1892772,1902019.4375,65206.642578125,67140.734375,176433.0078125,218602.4609375,212151.921875,176435.25,106711.671875,78681.9765625,61385.3359375,32315.181640625,20455.490234375,17495.26171875,11510.9155273438,12059.1064453125,221561.265625,265811.375,312996.09375,199836.125,156444.703125,109981.12890625,105307.22265625,49153.720703125,32204.5673828125,17090.1943359375,156047.140625,303379.5,227919.3984375,141496.046875,127415.2890625,105000.859375,91725.91796875,43190.388671875
"122325",2025-12-22 13:34:12.89,2025-12-22,13H 34M 12.89S,"Unknown","Aurora","U1629","Admin",1234,394,275,220,305,340,511,409,523,340,421,400,563,906,703,1061,300,300,186,307,244,179,200,216,296,361,353,362,281,236,219,330,377,359,306,306,211,211,615,427,390,375,285,276,616,364,553,520,408,347,502,650,404,338,225,421,362,449,297,256,383,374,185,150,243,252,175,190,283,217,-39.8,-19.675,0,21,39.47499,1.14,1.06,1.1,1.05,0.99,12.92,2.47,1.65,1.59,1.49,1.57,1.63,1.61,1.73,1.83,2.82,3.91,5.8,7.34,10.27,17.8,5.94,6.1,1.33,1.37,1.28,1.21,1.2,1.21,1.22,1.3,1.48,1.47,1.81,2.29,2.8,3.67,4.41,6.81,2.64,2.57,1.53,1.2,2.22,2.07,1.95,1.84,1.94,1.89,2.28,2.06,2.54,2.91,3.5,3.75,5.2,5.53,1.15,1.13,0.91,1.09,1.61,1.49,1.57,1.9,2.69,3.24,2.09,2.46,2.36,2.44,2.42,2.54,2.78,2.88,3500.25146484375,40562.8125,89504.890625,103509.8515625,145697.1875,216266.203125,287267.125,145508.03125,108823.203125,51247.58203125,20944.701171875,10182.080078125,6930.5185546875,7259.46484375,4504.39453125,3346.337890625,2253359,2251815.75,179588.9375,428481.125,505183.53125,522092.09375,487117.0625,349713.71875,367799,201748.828125,135615.03125,144310.0625,57815.70703125,31487.634765625,20890.54296875,16979.501953125,12164.5263671875,6405.998046875,1691017,1706808.875,1897812,1905334.875,65300.0234375,66030.3984375,172481.515625,215900.0625,207295.625,176061.46875,103351.71875,75335.4453125,60523.98046875,32413.150390625,20255.345703125,17374.724609375,11747.318359375,14540.009765625,222252.546875,268156.9375,313326.9375,192975.703125,152933.90625,109502.640625,105227.9609375,49272.5625,32868.64453125,20760.591796875,138802.765625,279239.6875,220898.015625,137336.15625,124461.4765625,103463.3125,92623.0625,53220.34375
"122225",2025-12-22 08:49:42.4,2025-12-22,8H 49M 42.4S,"Unknown","Aurora","U1629","Admin",1234,394,275,220,305,340,511,409,523,340,421,400,563,906,703,1061,300,300,186,307,244,179,200,216,296,361,353,362,281,236,219,330,377,359,306,306,211,211,615,427,390,375,285,276,616,364,553,520,408,347,502,650,404,338,225,421,362,449,297,256,383,374,185,150,243,252,175,190,283,217,-39.8,-19.675,0,21,39.47499,1.14,1.06,1.1,1.05,0.99,12.84,2.56,1.93,1.88,1.76,1.69,1.81,1.83,1.87,2.23,2.95,4.38,6.49,7.99,10.84,18.93,5.63,5.92,1.42,1.42,1.49,1.37,1.38,1.35,1.35,1.51,1.65,1.64,2.1,2.65,2.85,3.77,4.44,7.99,2.49,2.94,1.47,1.5,2.7,2.42,2.09,2.05,2.09,1.96,2.27,2.34,2.42,3,3.65,3.49,5.39,5.87,1.2,1.34,1.2,1.42,1.91,1.96,2,2.41,2.91,3.81,2.45,2.66,2.81,2.9,2.78,3.01,2.78,3.01,3307.76416015625,39080.1640625,86675.5546875,101086.6328125,144128,211599.53125,284417.78125,144229.375,106879.203125,49630.29296875,20846.341796875,9965.291015625,6680.85693359375,6934.3603515625,4191.8818359375,2740.16748046875,2189690,2157724,174422,412376.09375,491389.84375,506834.34375,472586.71875,341719.875,360462.09375,197530.921875,130240.765625,138621.796875,58502.68359375,31036.2734375,20194.30078125,16370.7373046875,11524.294921875,4937.99365234375,1662644,1675423.875,1850497,1823970.375,62889.875,64855.27734375,169810.78125,212796.78125,204342.390625,171587,102679.03125,74659.734375,57960.7109375,30987.8671875,19300.21484375,16566.185546875,11053.3466796875,11560.9833984375,215993.65625,259786.140625,302400.875,192460.5625,150268.171875,104126.390625,100489.7890625,46846.1171875,30577.271484375,16547.357421875,148907.515625,289712.21875,217284.15625,134573.578125,121598.7578125,100410.2109375,87702.0078125,41797.2109375
"121925",2025-12-19 08:52:40.38,2025-12-19,8H 52M 40.38S,"Unknown","Aurora","U1629","Admin",1252,393,277,220,304,339,504,402,511,337,414,405,582,943,755,1387,298,298,187,309,244,180,201,215,294,354,350,358,268,232,222,336,397,491,306,306,212,212,609,424,381,367,281,271,599,350,557,523,418,355,532,858,396,337,226,414,356,453,307,266,407,505,169,140,245,260,180,196,304,300,-39.875,-19.725,0,21.05,39.575,1.14,1.06,1.1,1.05,0.99,13.16,2.58,1.73,1.78,1.78,1.7,1.68,1.82,1.95,2.09,2.9,4.16,5.86,7.42,10.26,17.53,5.72,5.91,1.53,1.46,1.48,1.38,1.37,1.45,1.4,1.46,1.56,1.54,1.82,2.24,2.65,3.36,4.64,6.13,2.52,2.68,1.43,1.43,2.34,2.15,1.83,1.87,2.17,1.96,2.31,2.15,2.56,2.98,3.49,3.47,4.76,5.84,1.24,1.19,1.08,1.26,1.67,1.69,1.75,2.17,3.13,3.39,2.16,2.49,2.42,2.62,2.55,2.71,2.84,2.87,3498.07446289062,40096.203125,89996.734375,103867.6484375,146429.390625,216990.078125,288816.0625,144359.890625,106422.5859375,50270.73828125,20867.974609375,10347.0595703125,7066.8583984375,7395.2421875,4674.6728515625,3697.55615234375,2224992,2214303.25,180493.15625,426354.625,503103.71875,518387.78125,487535.3125,349645.40625,364463.65625,199563.65625,133021.625,140147.234375,57322.21875,31406.5,21021.595703125,17240.271484375,12417.740234375,7002.3212890625,1686151,1705044.75,1895284,1889275.25,64113.078125,64995.65234375,169140.8125,211819.15625,203338.171875,171025.9375,100881.2265625,73053.125,60226.40234375,32273.955078125,20262.5390625,17355.888671875,11940.1025390625,15632.6845703125,215343.09375,262261.96875,308073.65625,193799.046875,150235.125,108395.8359375,106413.9453125,49883.97265625,33507.51953125,23024.3828125,139037.609375,278585.46875,225140.953125,141279.984375,128218.328125,106486.2890625,96666.2265625,59646.1171875
"121725",2025-12-17 09:47:02.64,2025-12-17,9H 47M 2.64S,"Unknown","Aurora","U1629","Admin",1242,392,275,219,301,337,503,402,517,338,412,394,559,894,704,1115,298,298,184,305,243,177,198,213,294,360,356,363,274,233,217,326,375,384,306,306,210,210,613,424,387,375,285,276,606,358,551,514,407,346,503,691,402,342,229,419,360,448,298,256,386,397,173,144,241,247,173,188,284,232,-39.85,-19.675,0,21.1,39.6,1.14,1.06,1.1,1.05,0.99,13.18,3.21,2.45,2.57,2.53,2.61,2.4,2.55,2.57,2.78,3.34,4.68,6.1,7.47,10.14,17.73,3.07,3.22,1.16,1.19,1.12,1.11,1.09,1.02,1.04,1.16,1.13,1.16,1.65,2.21,2.73,3.36,3.99,6.76,2.46,2.3,1.52,1.27,2.25,2.09,1.74,1.63,1.65,1.63,1.84,1.86,2.34,2.91,3.5,3.62,4.74,5.42,1.03,1.14,0.93,1.1,1.52,1.57,1.67,2.04,2.47,3.38,2.15,2.4,2.44,2.46,2.39,2.68,2.53,2.79,3373.72338867188,40483.08984375,89863.609375,104792.90625,146534.109375,217646.625,291762.25,146371.1875,109300.03125,51392.3359375,21201.9921875,10192.474609375,6868.73046875,7158.99365234375,4386.60888671875,2966.89697265625,2292270,2288188.25,179754.015625,427852.875,509472.8125,517822.40625,487443.625,351747.0625,370555.34375,205007.390625,136404.671875,145154.03125,59449.93359375,31846.484375,20765.62890625,16937.333984375,11924.884765625,5513.82373046875,1663181,1674558.5,1886189,1889935.625,64067.04296875,65118.4140625,170574.78125,216547.78125,207204.453125,174230.515625,102494.4296875,74571.25,59005.90625,31469.59765625,19630.9375,16765.166015625,11270.986328125,12550.728515625,218821.203125,265178.625,310369.125,196467.625,152017.03125,106953.7734375,103562.421875,48071.625,31828.798828125,18005.978515625,144611.578125,289813.625,224599.15625,135979.328125,124070.75,102563.296875,90835.234375,46142.8359375
"121625",2025-12-16 08:53:55.68,2025-12-16,8H 53M 55.68S,"Unknown","Aurora","U1629","Admin",1265,398,279,222,305,342,509,407,522,340,417,397,563,897,705,1097,295,295,185,306,243,178,199,214,294,359,354,361,275,232,216,324,372,374,306,306,210,210,613,425,388,375,283,274,607,356,546,508,402,342,496,670,398,333,224,416,355,439,293,252,379,384,179,145,240,246,172,188,281,226,-39.725,-19.65,0,21.025,39.475,1.15,1.06,1.1,1.05,0.98,13.15,2.42,1.81,1.79,1.68,1.65,1.74,1.7,1.66,1.96,2.75,3.98,5.9,7.58,10.95,16.61,4.5,4.75,1.05,1.01,1.11,1.06,1.06,1,1.03,1.02,1.17,1.18,1.69,2.21,2.75,3.24,4.39,6.53,2.36,2.44,1.35,1.15,2.25,2.24,1.79,1.67,1.9,1.8,2.15,2.04,2.26,2.78,3.65,3.65,5.3,5.72,1.05,1,0.83,1.16,1.64,1.84,1.79,2.33,2.72,3.57,2.25,2.55,2.61,2.7,2.7,2.87,2.82,2.94,3407.97485351562,39999.03125,89844.4453125,103634.890625,146570.59375,217447.90625,285967.96875,144975.015625,108754.4921875,50362.84375,20954.900390625,10113.0224609375,6779.3984375,6963.177734375,4259.7275390625,2892.90478515625,2248671,2240845.5,180802.21875,427293.4375,508642.875,521056.625,489634.125,351094,369784.90625,204878.84375,136207.90625,143395.21875,59308.15234375,31841.517578125,20686.505859375,16790,11798.69921875,5362.29443359375,1688810,1709991.625,1893011,1892460,64715.8046875,65857.9921875,174172.078125,218792.09375,207468.546875,174183.78125,103603.7421875,75666.640625,59632.41796875,31366.642578125,19590.716796875,16788.224609375,11207.326171875,12330.41796875,221335.859375,262339.75,307906.65625,196657.53125,152357.265625,106520.171875,103002.1953125,48160.16796875,31598.1640625,17696.462890625,148695,289083.34375,221417.34375,135782.640625,122862.109375,102343.875,89647.8359375,44997.23828125
"121125",2025-12-11 08:35:17.9,2025-12-11,8H 35M 17.9S,"Unknown","Aurora","U1629","Admin",1237,391,274,218,300,338,501,403,523,340,414,397,564,898,703,1073,296,296,185,307,242,178,199,215,297,360,358,365,276,236,219,331,380,370,308,308,211,211,618,427,390,379,288,279,620,367,563,525,413,351,508,669,406,349,232,425,365,460,303,261,392,385,176,147,245,254,175,190,285,222,-39.625,-19.6,0,20.95,39.4,1.15,1.06,1.1,1.05,0.99,13.9,2.67,1.78,1.73,1.69,1.68,1.68,1.72,1.85,2.05,3.1,4.17,5.89,7.51,10.58,16.86,5.61,5.82,1.55,1.56,1.61,1.58,1.54,1.53,1.58,1.63,1.54,1.5,2.01,2.5,3.09,3.67,4.63,7.31,2.68,2.65,1.61,1.46,2.63,2.17,2.01,2.08,2.15,2.01,2.21,2.16,2.48,3.38,3.64,3.88,5.18,5.55,1.17,1.27,1.07,1.28,1.74,1.71,1.86,2.08,2.91,4.04,2.29,2.52,2.6,2.74,2.56,2.83,2.97,3.1,3426.83447265625,40258.62890625,89690.4921875,103578.4296875,145970.796875,219442.9375,287762.5,145873.34375,110508.8828125,51179.28515625,21125.8359375,10285.8359375,6927.30078125,7097.5966796875,4344.7578125,2894.52319335938,2220074,2212699.5,180076.671875,424937.15625,501454.96875,517862.8125,487318.6875,352369.28125,371020.09375,203586.609375,135697.90625,144413.234375,59064.015625,31958.830078125,20867.642578125,17034.38671875,12011.3115234375,5298.3076171875,1691667,1698994.25,1882432,1884663.875,65374.96484375,66421.6875,174037.125,218059.4375,211184.359375,177417.484375,104990.2734375,77358.703125,60640.40234375,32426.0078125,20077.888671875,17134.1171875,11486.9365234375,12277.4970703125,222297.09375,269792.6875,315285.90625,199644.71875,154902.515625,110985,105501.2421875,49207.4921875,32379.46875,17686.6875,146765.890625,294645.1875,226525.265625,139004.90625,125442.078125,103476.8046875,91214.84375,44128.34375
"121025",2025-12-10 08:32:39.01,2025-12-10,8H 32M 39.01S,"Unknown","Aurora","U1629","Admin",1248,394,277,219,303,342,508,408,528,342,421,402,570,910,709,1049,296,296,186,308,243,179,200,216,298,362,360,366,281,239,221,335,382,358,306,306,209,209,618,427,390,378,286,277,621,369,565,525,415,352,506,645,403,344,228,425,366,458,302,261,389,370,183,151,246,254,176,191,284,213,-39.925,-19.775,0,20.95,39.3,1.15,1.06,1.1,1.06,0.98,13.12,2.76,1.88,1.84,1.72,1.74,1.74,1.77,1.86,1.94,2.99,3.9,6.06,7.45,9.75,17.16,4.08,4.25,1.37,1.31,1.36,1.28,1.24,1.23,1.26,1.29,1.35,1.39,1.58,1.9,2.58,3.2,3.85,6.66,2.63,2.63,1.33,1.34,2.2,2.01,1.86,1.81,1.84,1.74,2.13,2.03,2.18,2.77,3.5,3.79,4.72,5.75,1.15,1.21,1,1.19,1.6,1.81,1.68,2.09,2.7,3.57,2.05,2.4,2.48,2.71,2.45,2.73,2.8,2.86,3477.92407226562,39594.07421875,89033.515625,103005.828125,145108.5,218182.671875,286354.8125,145654.15625,110701.7734375,51208.328125,21413.748046875,10256.4609375,6898.1298828125,7150.1611328125,4323.1337890625,2782.21923828125,2247086,2243531.5,179526.46875,428606.96875,504687.1875,520704.6875,485516.53125,351883,370466.90625,205952.546875,136650.203125,144142.203125,60247.15625,32574.02734375,21071.6796875,17209.18359375,12005.740234375,5109.201171875,1693134,1708605,1877975,1871095.375,65456.97265625,66329.3125,173547.890625,217809.15625,208802.28125,175464.421875,105036.078125,77126.078125,61593.3828125,32430.931640625,20088.873046875,17199.376953125,11467.33203125,11704.16796875,222588.484375,267154.4375,310519.46875,199849.984375,155147.03125,109239.2578125,105109.265625,49002.4765625,32101.73828125,16932.083984375,151745.265625,302590.03125,227469.125,139662.875,126046.859375,104520.8515625,91077.625,42676.71484375
"120925",2025-12-09 09:27:25.69,2025-12-09,9H 27M 25.69S,"Unknown","Aurora","U1629","Admin",1231,389,272,216,298,337,500,402,519,334,412,391,556,888,696,1074,298,298,185,307,242,178,200,215,298,360,355,362,276,232,216,327,376,372,308,308,211,211,616,426,388,378,285,276,617,364,555,517,408,346,502,672,401,338,225,419,356,446,295,255,383,384,182,148,243,252,174,189,284,226,-39.5,-19.575,0,20.85,39.25,1.14,1.06,1.1,1.05,0.99,13.37,2.42,1.81,1.77,1.68,1.64,1.69,1.78,1.73,1.9,2.92,4.1,5.98,7.31,10.88,16.29,4.58,4.77,1.41,1.41,1.36,1.39,1.39,1.38,1.35,1.29,1.43,1.35,1.73,2.38,2.68,3.58,4.86,7.42,2.55,2.52,1.42,1.42,2.3,2.33,1.91,1.81,1.97,1.87,2.23,2.15,2.36,2.74,3.61,3.29,5.03,5.53,1.26,1.16,1.1,1.24,1.61,1.81,1.96,2.3,3.09,3.85,2.28,2.56,2.65,2.71,2.68,2.85,2.8,2.8,3420.87609863281,39598.7265625,88294.9453125,102152.828125,143578.609375,215543.7734375,285624.21875,145091,108310.515625,50306.048828125,20810.3017578125,9994.15185546875,6713.74584960938,6936.38720703125,4248.31616210938,2858.07434082031,2252750,2238398,179418.953125,424519.15625,500983.328125,517095.84375,487085.109375,352716.375,370920.125,203512.9921875,135381.28125,141979.3359375,58672.955078125,31350.6171875,20424.4921875,16655.6015625,11696.2138671875,5256.65014648438,1689233.5,1695827.5625,1879656,1878487.25,64652.984375,66419.11328125,173706.3671875,217134.78125,208330.9921875,174760.2734375,104717.97265625,75794.84375,60082.61328125,31637.7919921875,19691.2919921875,16819.75,11225.9321289062,12103.8012695312,217478.296875,261329.25,303719.234375,194096.9921875,148349.6171875,105504.92578125,100940.58984375,47203.310546875,31024.1279296875,17277.521484375,149325.0625,291507.640625,221071.7109375,137305.5703125,123010.6875,101755.48046875,89613.92578125,44533.517578125
"120525",2025-12-05 08:40:10.07,2025-12-05,8H 40M 10.07S,"Unknown","Aurora","U1629","Admin",1238,389,274,217,299,338,502,404,523,338,416,397,564,900,703,1055,297,297,186,308,243,179,200,216,298,363,360,367,280,238,221,334,381,364,307,307,210,210,620,428,389,379,287,278,621,369,565,526,415,352,509,657,407,348,230,425,367,461,303,261,391,378,181,150,246,254,176,191,284,217,-40.025,-19.825,0,20.95,39.425,1.15,1.06,1.1,1.05,0.99,13.85,2.89,2.1,2.33,1.99,2.13,2.09,2.17,2.14,2.24,3.32,4.89,5.64,7.51,9.16,17.33,3.2,3.32,1.2,1.09,1.23,1.13,1.12,1.06,1.16,1.2,1.27,1.27,1.64,2.5,2.59,3.63,4.85,7.08,2.17,2.21,1.39,1.13,2.24,1.8,1.62,1.54,1.65,1.61,1.87,1.99,1.97,2.84,3.51,3.37,4.95,5.18,1.25,1.26,0.98,1.27,1.65,1.77,1.88,2.17,2.9,3.9,2.11,2.53,2.63,2.74,2.45,2.73,2.69,2.91,3391.12573242188,39966.6796875,89601.203125,103879.5703125,146176.25,219359.875,287320.9375,147530.984375,110393.8828125,51361.390625,21470.966796875,10275.6455078125,6930.27490234375,7192.33056640625,4332.048828125,2819.07080078125,2282250,2278290.5,179612.921875,428445.96875,504110.65625,521150.8125,485957.03125,351836,370105.4375,205340.796875,136761.734375,143568.296875,60083.29296875,32145.794921875,20990.8671875,17120.005859375,11882.625,5185.16162109375,1673425,1693414.125,1883318,1881994.875,64613.40625,65668.9609375,172544.96875,216005.46875,207127.203125,175369.9375,104097.4921875,76414.5,61003.0859375,32081.666015625,19946.3671875,17013.939453125,11378.033203125,11908.1376953125,224368.625,267642.28125,310486.25,199620.421875,155772.4375,110319.671875,104961.2734375,48889.7421875,32098.75390625,17183.490234375,149605.703125,296746.59375,225254.09375,138052.484375,125103.984375,103276.8984375,90153.46875,42815.62109375
"120325",2025-12-03 09:15:53.19,2025-12-03,9H 15M 53.19S,"Unknown","Aurora","U1629","Admin",1240,392,276,221,304,340,505,408,521,340,422,401,568,909,710,1054,299,299,186,309,244,178,200,215,296,361,352,360,280,236,220,333,379,357,308,308,212,212,625,434,395,379,287,276,621,369,558,526,415,351,509,652,400,335,224,425,368,450,301,259,388,371,191,152,249,256,178,193,287,215,-39.925,-19.75,0,21.025,39.625,1.14,1.06,1.09,1.04,1,13.52,2.49,1.71,1.64,1.63,1.56,1.67,1.67,1.83,1.88,2.97,4.12,6.39,7.21,10.17,18.72,5.29,5.37,1.07,1.1,1.1,1.18,1.15,1.17,1.17,1.15,1.21,1.32,1.75,2.16,2.85,3.51,4.03,7.09,2.45,2.34,1.35,1.25,2.28,2.14,1.99,1.78,1.95,1.86,1.94,2.05,2.32,2.72,3.19,3.57,5.21,5.73,1.08,1.06,0.92,1.15,1.59,1.63,1.73,1.92,2.88,3.8,1.99,2.22,2.41,2.39,2.29,2.55,2.72,2.79,3373.07446289062,39829.125,89647.8828125,104257.046875,146030.15625,216646.09375,287965.65625,145460.625,109532.75,50720.48046875,21379.3515625,10316.384765625,6920.67578125,7108.85986328125,4359.11865234375,2769.51684570312,2248769,2244054.5,180310.96875,430475.8125,507472.25,519448.15625,488126.875,352995.65625,372385.65625,204057.515625,134079.78125,142798.203125,60304.8125,31929.328125,20933.6953125,17185.712890625,11943.451171875,5093.2763671875,1688384,1703604.625,1886712,1878672,64842.43359375,66709.421875,174952.015625,216179.671875,207399.359375,173738.890625,104408.1484375,76556.484375,60019.2734375,32145.7265625,19984.064453125,16997.587890625,11389.1826171875,11778.078125,218301.515625,260060.421875,303174.03125,198875.15625,155384.59375,106502.03125,104169.703125,48519.46875,31809.38671875,16871.083984375,158148.21875,301143.40625,227055.953125,139470.625,126045.4609375,104441.1484375,91148.90625,42545.76953125
"120125",2025-12-01 09:19:47.57,2025-12-01,9H 19M 47.57S,"Unknown","Aurora","U1629","Admin",1198,379,268,213,294,331,489,390,506,330,402,384,543,870,681,1047,298,298,184,307,242,178,200,214,295,357,352,357,277,232,216,326,374,368,308,308,212,212,621,433,394,379,287,275,618,362,556,520,408,347,503,664,405,342,228,423,363,448,297,256,385,383,183,147,243,252,174,190,284,224,-39.725,-19.7,0,20.95,39.5,1.14,1.06,1.09,1.04,1,13.13,2.4,1.71,1.48,1.55,1.59,1.55,1.57,1.69,1.94,2.87,4.07,6.08,7.37,9.91,17.42,5.49,5.52,1.21,1.17,1.25,1.22,1.27,1.26,1.22,1.25,1.39,1.42,1.75,2.42,2.84,3.59,4.22,6.69,2.51,2.5,1.36,1.25,2.21,2.14,1.78,1.76,1.84,1.7,2.2,1.85,2.16,3.09,3.3,3.55,4.88,5.21,1.07,1.09,0.82,1.13,1.51,1.6,1.58,2.22,2.65,3.74,2.27,2.54,2.55,2.68,2.63,2.84,2.78,3.18,3385.80078125,39961.74609375,90417.7890625,103618.5234375,146975.203125,220042.046875,290130.8125,146170.4375,110142.9453125,51467.6953125,21008.978515625,10272.3642578125,6834.349609375,7155.29296875,4317.90185546875,2852.66235351562,2235709,2232892.75,179767.9375,428452.0625,505605.21875,522611.34375,490933.15625,351984.1875,369984.4375,202913.296875,134632.03125,141900.53125,59995.74609375,31717.734375,20564.078125,16753.31640625,11770.9296875,5283.98974609375,1691003,1709998.5,1889490,1886794.5,65192.34375,66925.7421875,175285.421875,216867.6875,208299.859375,174850.78125,104589.9296875,75842.8984375,60296.49609375,31585.607421875,19697.15234375,16881.7578125,11325.841796875,12151.232421875,221772.203125,267318.0625,310131.4375,199765.53125,154377.25,107165.75,103051.9375,48177.5078125,31604.173828125,17532.326171875,151124.25,293673.96875,223548.171875,138652.734375,124333.03125,103374.765625,90693.3828125,44529.04296875
"112125",2025-11-21 08:42:52.8,2025-11-21,8H 42M 52.8S,"Unknown","Aurora","U1629","Admin",1265,397,278,222,306,342,506,407,528,343,421,402,566,913,710,1096,301,301,184,307,243,178,198,214,295,357,357,361,276,235,219,330,379,373,307,307,211,211,615,430,389,376,285,276,614,365,557,521,410,350,505,671,404,345,229,424,367,453,302,260,391,387,179,148,246,254,176,191,285,225,-39.9,-19.775,0,21,39.55,1.14,1.06,1.09,1.04,1,14.71,2.95,2.04,2.07,2.12,1.99,2.05,2.06,2.25,2.39,3.51,4.2,6.58,7.37,12.04,17.15,3.78,3.89,1.24,1.2,1.35,1.28,1.26,1.22,1.23,1.3,1.45,1.31,1.8,2.55,3.12,3.34,4.69,7.57,2.57,2.29,1.43,1.18,2.14,2.05,1.59,1.5,1.53,1.56,1.91,1.95,2.3,2.8,3.48,3.75,5.2,5.36,1.1,1.26,1.06,1.16,1.69,1.77,1.64,2.12,2.77,3.61,2.22,2.52,2.62,2.67,2.49,2.67,2.65,2.91,3393.22729492188,39981.171875,88764.21875,102448.1796875,144908.28125,215020.15625,282871.9375,143182.1875,108454.75,50156.12109375,20877.4296875,10006.0927734375,6685.091796875,6930.2197265625,4283.56689453125,2775.48315429688,2300826,2291772.75,178798.3125,427221.3125,509474.0625,521355.40625,486913.96875,351913.125,369749.59375,202339.890625,135398.65625,142886.3125,58693.30859375,31598.640625,20689.431640625,16754.849609375,11797.9853515625,5261.27294921875,1676939,1689139.25,1882588,1871518.5,64952.46875,65976.9375,169801.90625,212740.78125,203963.09375,171471.65625,102111.15625,75091.828125,58725.1796875,30944.443359375,19382.2109375,16604.482421875,11027.3544921875,11835.427734375,221964.125,265665.84375,312493.3125,197715.359375,154211.765625,107391.703125,103513.7109375,47999.796875,31670.580078125,17414.236328125,144499.640625,285849.78125,218811.453125,134277,121479.3359375,100624.28125,88105.9375,43395.5390625
"111225",2025-11-12 09:53:14.51,2025-11-12,9H 53M 14.51S,"Unknown","Aurora","U1629","Admin",1197,373,264,210,290,323,483,386,499,322,397,382,541,868,677,1061,299,299,184,307,242,178,199,214,295,356,352,359,276,231,217,327,375,373,306,306,209,209,605,427,389,373,282,275,613,361,550,512,407,346,501,672,400,337,226,417,357,443,296,255,383,387,180,146,239,250,173,189,283,225,-40.1,-19.975,0,21.075,39.7,1.14,1.06,1.1,1.05,1.01,13.35,2.75,1.6,1.65,1.55,1.6,1.54,1.67,1.75,1.96,2.76,4.09,5.65,6.88,10.1,16.83,5.41,5.61,1.21,1.2,1.26,1.28,1.24,1.28,1.21,1.31,1.31,1.39,1.73,2.34,2.8,3.56,4.43,6.81,2.57,2.58,1.5,1.21,2.29,2.06,1.89,1.82,1.88,1.86,2.19,2.14,2.16,2.73,3.2,3.56,5.07,5.71,1.03,1.09,0.91,1.1,1.5,1.64,1.69,2.13,2.76,3.85,2.18,2.5,2.49,2.56,2.43,2.63,2.78,2.8,3391.35607910156,39574.109375,88126.07421875,102354.51953125,143345.8046875,212493.2890625,285462.6875,143758.21875,108067.55078125,49254.98828125,20552.78515625,9977.87060546875,6745.8212890625,6919.10522460938,4187.69970703125,2852.86730957031,2237961.5,2232733.625,178687.1796875,426987.5,505882.515625,521550.34375,491347.140625,352665.03125,370490.609375,202577.078125,133862.0390625,142497.734375,58449.509765625,30861.8935546875,20342.88671875,16519.3349609375,11586.7734375,5248.34521484375,1696576.5,1716509.625,1883335.5,1882157.9375,65358.40625,67473.43359375,173333.2890625,214514.03125,205911.8671875,174374.046875,103891.35546875,75421.7265625,58907.626953125,30981.56640625,19534.6416015625,16787.44921875,11130.5854492188,12143.705078125,218348.03125,254270.40625,298854.59375,190094.828125,148643.328125,103234.32421875,100644.9765625,46800.8125,30708.71484375,17241.751953125,145422.3125,282141.40625,215158.7109375,133594.8046875,119988.3984375,99681.58203125,87609.34765625,43545.669921875
"102325",2025-10-23 08:38:34.24,2025-10-23,8H 38M 34.24S,"Unknown","Aurora","U1629","Admin",1165,364,256,205,282,316,466,373,486,316,390,371,526,840,655,978,293,293,184,304,239,176,197,212,294,356,352,354,276,233,216,326,373,354,305,305,209,209,611,427,387,372,282,274,614,364,552,509,405,344,497,642,396,334,224,421,361,443,294,253,379,370,185,150,244,251,174,189,282,214,-40.1,-19.925,0,21,39.725,1.15,1.06,1.1,1.05,1.01,14.45,2.72,1.9,1.9,2.02,1.84,1.92,1.9,2.03,2.19,3.14,4.58,5.78,7.15,11.08,16.19,6.39,6.35,1.61,1.39,1.55,1.63,1.53,1.63,1.57,1.64,1.61,1.76,2.18,2.63,3.34,3.81,4.71,7.98,2.88,2.74,1.6,1.46,2.63,2.17,2.16,1.98,2.09,2.05,2.22,2.23,2.37,3.09,3.71,3.73,5.44,5.71,1.11,1.25,1,1.32,1.76,1.82,1.88,2.28,2.89,3.62,2.31,2.74,2.65,2.89,2.79,2.95,2.93,3.09,3370.77661132812,39559.828125,87866.34375,102494.859375,144145.671875,213293.34375,281466.5625,142549.3125,107889.3671875,49721.6796875,20917.927734375,10035.2998046875,6733.771484375,6932.4248046875,4212.28564453125,2732.30981445312,2213241,2209257,179676.921875,425520.1875,503273.1875,519995.65625,489029.53125,350777.125,372246.625,203535.21875,134980.546875,142142.921875,58941.01171875,31345.982421875,20399.1484375,16562.9765625,11615.4501953125,4985.24365234375,1696900,1707507.125,1885198,1888618.125,66571.0546875,67741.671875,172773.953125,215908.484375,206851.0625,174078.8125,104997.375,75982.8046875,59452.66796875,31164.171875,19581.904296875,16734.337890625,11107.5068359375,11630.37890625,219209.234375,262978.65625,304873.46875,197051.609375,151982.5,105306.4921875,102196.46875,47354.98828125,31038.9609375,16739.626953125,151108.328125,290486.875,220232.359375,133866.921875,121232.3203125,100223.4140625,87668.078125,41414.796875
"102225",2025-10-22 08:20:55,2025-10-22,8H 20M 55S,"Unknown","Aurora","U1629","Admin",1171,365,257,205,282,318,468,375,487,316,392,373,531,852,663,991,294,294,184,304,239,176,197,212,294,357,351,354,277,234,218,330,376,354,304,304,209,209,611,427,386,372,281,274,613,363,555,513,409,347,502,643,394,333,223,421,364,447,297,256,383,369,187,151,244,252,175,190,283,214,-39.85,-19.8,0,20.9,39.575,1.14,1.06,1.1,1.05,1.01,14.95,2.96,2.05,2.32,2.2,2.28,2.21,2.3,2.26,2.42,3.26,4.6,6.45,7.61,11.38,16.2,6.47,6.7,1.87,1.73,1.82,1.87,1.78,1.77,1.84,1.81,1.95,1.86,2.36,2.91,3.35,4.38,5.37,7.71,2.78,2.82,1.75,1.56,2.72,2.37,2.26,2.17,2.13,2.09,2.51,2.38,2.77,3.37,4.03,4.08,5.61,5.95,1.46,1.44,1.37,1.59,1.85,1.95,1.98,2.41,2.96,3.94,2.11,2.5,2.41,2.71,2.5,2.76,2.78,2.99,3371.88586425781,39266.103515625,87883.12890625,101631.19140625,143267.6171875,213437.390625,282222.828125,141139.140625,106712.0078125,49183.560546875,20732.318359375,9961.65966796875,6742.09594726562,6988.6484375,4227.62768554688,2753.892578125,2215799.5,2206169.75,178637.3828125,422967.5,499817.203125,517007.9375,486239.0625,348350.4375,369522.65625,201910.0546875,134078.4453125,141163.5625,59227.5,31660.546875,20545.0625,16757.634765625,11655.5810546875,4965.8818359375,1682875.5,1700758.875,1883049.5,1874661.75,65875.9453125,67067.08203125,171163.890625,214007.7734375,202899.2109375,172541.046875,104326.4375,75594.72265625,60057.689453125,31603.7548828125,19676.9462890625,16776.00390625,11159.224609375,11676.1669921875,215492.2265625,255188.203125,299217.859375,194654.125,151479.390625,105345.09375,101587.37890625,47199.09765625,30970.3681640625,16493.6455078125,152075.1484375,292174.609375,220124.265625,135188.5390625,121733.953125,100548.19140625,87691.18359375,41379.8046875
"100225",2025-10-02 08:46:55.94,2025-10-02,8H 46M 55.94S,"Unknown","Aurora","U1629","Admin",1092,349,244,195,269,302,449,361,469,307,379,365,515,828,646,944,283,283,182,301,238,175,196,211,291,354,353,357,277,237,219,332,377,352,298,298,201,201,570,401,365,351,271,265,599,357,553,516,407,348,501,632,399,343,228,425,371,461,303,261,388,366,185,152,249,254,177,192,285,216,-39.225,-19.05,0,21.225,40.5,1.14,1.06,1.09,1.04,1.02,13.4,2.5,1.57,1.62,1.55,1.55,1.52,1.64,1.74,1.7,3.02,3.86,5.74,6.92,11.09,17.01,2.88,3.15,1.67,1.56,1.45,1.37,1.34,1.31,1.38,1.37,1.36,1.45,1.77,2.17,2.65,3.46,4.35,7.3,2.75,2.71,1.9,1.85,2.27,2,1.67,1.56,1.71,1.6,1.92,2.02,2.14,2.7,3.29,3.19,4.75,4.87,0.99,1.16,0.84,1.06,1.43,1.61,1.56,2.38,2.64,3.52,2.09,2.45,2.59,2.58,2.43,2.66,2.76,2.81,3350.99865722656,39322.734375,87169.30859375,101109.6171875,142822.640625,213010.71875,281513.546875,143272.5078125,107520.42578125,49993.86328125,21218.115234375,10305.9047851562,6828.20434570312,7010.56372070312,4309.74169921875,2696.50708007812,2265690.5,2269048.25,179898.34375,425080.265625,506652.84375,520603.578125,489196.59375,353760.765625,370615.640625,205804.9921875,136771.9765625,143890.0625,60535.08984375,32680.6123046875,21173.8466796875,17287.009765625,11936.7905273438,5071.78393554688,1701711,1720715.875,1898392,1892434.625,65568.828125,66766.48828125,174747.984375,216843.7265625,211225.9140625,179480.3203125,107641.5546875,78965.79296875,62351.814453125,33451.388671875,20847.771484375,17800.376953125,11777.77734375,12107.8466796875,220113.9921875,265505.96875,306998.4375,198482.7890625,155238,109850.06640625,104534.8828125,48459.232421875,31763.9482421875,16546.0068359375,153623.8671875,299930.75,226753.5234375,137805.1953125,125124.734375,103470.69921875,90183.2890625,42521.76171875
"092425",2025-09-24 08:24:56.04,2025-09-24,8H 24M 56.04S,"Unknown","Aurora","U1629","Admin",1140,357,251,201,275,309,459,366,471,309,380,369,527,842,665,1074,281,281,184,303,241,177,197,211,293,352,349,353,273,235,219,331,383,395,298,298,200,200,570,398,362,351,267,260,588,346,539,508,403,345,508,699,397,336,223,418,358,451,299,259,390,405,182,147,243,253,176,191,289,243,-39.225,-19.075,0,21.2,40.525,1.15,1.06,1.09,1.04,1.02,15.61,2.64,1.8,1.78,1.73,1.74,1.64,1.61,1.74,1.98,2.85,4.35,5.84,6.96,10.35,16.72,2.74,2.94,1.7,1.69,1.66,1.64,1.55,1.48,1.47,1.49,1.45,1.32,1.71,2.04,2.47,3.66,4.49,6.88,2.62,2.5,1.82,1.85,2.03,1.86,1.59,1.55,1.71,1.58,1.95,1.75,2.07,2.61,3.1,3.39,4.79,5.29,0.98,0.95,0.74,1.04,1.37,1.5,1.58,1.97,2.63,3.69,2.15,2.41,2.44,2.49,2.51,2.57,2.61,3.08,3287.35595703125,39270.75,87733.7421875,102196.1953125,142514.90625,211904.765625,282498.28125,141595.765625,106685.0703125,49710.30859375,20864.96875,10127.638671875,6848.83740234375,7144.2275390625,4348.2373046875,3098.875,2279296,2282746.5,181434.15625,429587.71875,511122.34375,523257.34375,492565.875,353335.96875,374994.9375,203283.84375,135211.8125,142493.90625,59420.921875,32305.40625,21191.09375,17246.71484375,12168.8076171875,5632.091796875,1706485,1722844.375,1889141,1880207.875,65718.6953125,66951.015625,173599.734375,217432.109375,207679.78125,176689.4375,106299.2890625,77386.0546875,61709.93359375,33089.81640625,20726.615234375,17732.318359375,12066.36328125,13514.2470703125,220842.703125,266307.75,309914.34375,200280.65625,154083.140625,109696.3046875,104766.8984375,49155.9296875,32356.798828125,18513.609375,150394.921875,290241.5625,221798.109375,137523.9375,124500.125,103252.6796875,91387.9296875,48104.74609375
"092325",2025-09-23 09:38:04.14,2025-09-23,9H 38M 4.14S,"Unknown","Aurora","U1629","Admin",1131,355,250,199,273,306,456,364,469,307,377,363,514,820,644,1009,280,280,184,303,241,178,197,212,294,353,351,353,272,232,215,324,373,374,299,299,201,201,569,399,365,353,269,261,589,347,535,500,396,339,495,665,399,336,223,415,355,443,293,252,379,384,180,146,239,248,173,187,282,229,-39.075,-18.975,0,21.15,40.425,1.15,1.06,1.09,1.04,1.03,14.06,2.95,1.94,2.07,1.94,1.9,1.96,2.06,1.93,2.27,3.03,4.42,6.24,7.61,10.42,16.31,2.25,2.56,2.3,2.11,2.04,2.03,1.93,2.07,1.95,2.01,1.99,1.95,2.01,2.28,2.95,3.64,4.67,6.14,2.79,2.8,1.71,1.75,2.26,1.99,1.79,1.7,1.86,1.72,1.95,2.01,2.09,2.84,3.43,3.34,5.24,5.12,1.12,1.07,0.96,1.38,1.66,1.92,1.82,2.48,2.76,3.46,2.7,2.94,2.97,3.14,2.99,3.1,3.18,3.01,3385.62524414062,39094.8515625,88127.5234375,102130.8984375,143511.296875,211896.4375,281521.9375,143004.03125,106320.734375,49845.36328125,20706.12890625,10026.458984375,6770.875,6951.328125,4221.796875,2894.92041015625,2262299,2267870.75,179901.25,426228.1875,507654.8125,524528.6875,490165.09375,351298.1875,372987.0625,204269.5,135859.53125,142126.390625,58962.9921875,31869.6328125,20542.552734375,16766.5859375,11790.2294921875,5360.97802734375,1700606,1720185.625,1899567,1900020.75,65660.125,66842.4609375,174830.078125,216745.140625,209148.765625,176342.078125,106130.3125,77042.40625,61338.34765625,32326,20336.66796875,17312.6484375,11667.8876953125,12741.357421875,223652.03125,267145.40625,310524.4375,196706,150823.390625,105761.421875,102083.734375,47550.421875,31119.86328125,17564.294921875,146764.9375,286614.625,218478.5,135221.96875,121810.3125,100554.90625,88753.40625,44962.75
"090225",2025-09-02 08:59:57.39,2025-09-02,8H 59M 57.39S,"Unknown","Aurora","U1629","Admin",1108,351,247,197,271,304,452,363,467,305,378,361,514,820,643,941,279,279,182,303,238,175,197,211,292,352,346,353,276,234,218,330,375,348,297,297,199,199,571,397,359,350,267,261,591,352,540,508,401,344,496,622,393,333,221,417,359,443,296,255,380,358,188,151,243,251,175,190,282,213,-39.175,-19.125,0,21.15,40.45,1.15,1.06,1.09,1.05,1.03,13.85,2.82,1.84,1.81,1.84,1.69,1.7,1.67,1.71,1.99,3.02,4.08,6.16,7.01,11.26,16.31,2.83,3.09,1.95,2.06,1.91,1.86,1.74,1.84,1.78,1.67,1.72,1.68,1.88,2.37,2.9,3.41,4.58,7.15,2.76,2.68,1.76,1.67,2.22,1.98,1.65,1.56,1.63,1.6,1.81,1.83,2.12,2.6,3.61,3.15,4.86,4.82,0.91,0.9,0.78,1.04,1.35,1.59,1.69,2.07,2.79,3.66,2.71,2.93,2.96,3.03,2.97,3.15,3.18,3.31,3428.6123046875,39819.60546875,88367.9453125,101953.96875,143496.703125,210762.140625,282913.75,143369.5625,107419.1484375,49583.296875,20967.322265625,10279.5927734375,6927.4580078125,7096.2490234375,4343.25244140625,2788.1455078125,2254391,2169690.25,183781.796875,430751.78125,510724.53125,521250.71875,493685.6875,351595.625,371719.78125,203636.859375,135888.875,143282.109375,60455.2421875,32899.21875,21911.259765625,17965.673828125,12483.3544921875,5273.23486328125,1706039,1721105,1905924,1813966.875,67012.3203125,67608.546875,172474.25,219912,207352.546875,176911.984375,106564.9453125,78570.1328125,61663.95703125,33283.421875,21366.658203125,18175.955078125,12209.0224609375,12532.20703125,224487.46875,264832.34375,311241.875,196070.46875,155814,108618.4296875,108020.6484375,50066.97265625,32637.93359375,17356.087890625,157532.546875,300461.15625,223340.375,138138.0625,128319.7734375,106520.1328125,93406.8828125,44275.15234375
"082025",2025-08-20 09:01:48.62,2025-08-20,9H 1M 48.62S,"Unknown","Aurora","U1629","Admin",1089,347,244,194,265,298,442,354,463,301,369,352,499,795,629,964,283,283,183,304,239,176,198,213,292,352,349,354,275,230,215,324,371,365,298,298,200,200,569,395,362,349,266,261,583,344,535,498,394,337,491,651,398,336,224,413,356,441,292,250,376,377,179,145,238,246,171,185,277,224,-39.175,-19.15,0,21.075,40.425,1.14,1.06,1.09,1.04,1.04,14.22,2.66,1.81,1.93,1.73,1.82,1.75,1.72,1.94,1.86,2.94,4.27,6.07,7.26,11.19,17.53,3.13,3.36,1.51,1.57,1.5,1.48,1.41,1.34,1.34,1.34,1.43,1.44,1.6,2.11,2.71,3.52,4.21,6.56,2.56,2.52,1.86,1.77,2.06,1.85,1.68,1.6,1.57,1.45,1.81,1.81,2.05,2.74,3.26,3.45,4.61,5,0.93,0.93,0.77,1.03,1.32,1.65,1.63,2.03,2.81,3.53,2.22,2.49,2.6,2.77,2.58,2.66,2.71,3.09,3202.19653320312,38978.57421875,87400.46875,101444.5625,142030.59375,211470.984375,279767.09375,142410.90625,106895.8515625,50245.48828125,20855.091796875,9933.744140625,6644.82861328125,6872.55029296875,4234.55712890625,2807.80419921875,2253333,2261990.75,180066.09375,429808.09375,506805,524724.125,492957.09375,355916.03125,370416.53125,203303.1875,135269.953125,144051.703125,59818.15625,31698.25,20623.40625,16800.2109375,11740.259765625,5264.05908203125,1703327,1726424.5,1888182,1885860.5,65999.3125,66442.21875,174205.71875,218156.625,208909.328125,177315.34375,106604.1328125,76585.4609375,61668.0078125,32506.66015625,20343.23046875,17288.896484375,11666.806640625,12474.3017578125,222494.953125,265315.6875,308406.25,196148.375,151008.71875,105742.8203125,101626.8984375,47024.6171875,31005.548828125,17146.828125,149009.15625,288846.03125,219379.609375,135899,122081.5,100862.7265625,88663.2265625,44577.72265625
"081225",2025-08-12 09:24:57.87,2025-08-12,9H 24M 57.87S,"Unknown","Aurora","U1629","Admin",1093,345,241,191,264,297,437,354,460,298,372,358,506,811,634,918,281,281,184,305,241,178,199,213,294,356,353,358,281,238,221,335,380,350,296,296,198,198,570,397,363,350,268,261,588,354,538,510,403,345,498,617,399,335,225,421,364,453,299,258,384,360,189,152,246,250,175,190,280,210,-39.15,-19.15,0,21.125,40.45,1.15,1.06,1.1,1.04,1.04,12.38,2.72,1.81,1.68,1.76,1.63,1.65,1.76,1.85,2.09,2.89,4.22,5.87,7.27,10.31,15.94,2.2,2.54,2.27,2.15,2.01,1.88,1.9,1.84,1.85,1.9,1.81,1.8,1.92,2.43,2.89,3.64,4.23,7.04,2.53,2.47,1.58,1.47,1.92,1.89,1.57,1.52,1.59,1.55,1.87,1.79,2.19,2.83,3.35,3.42,4.53,5.06,0.92,0.93,0.7,1.05,1.49,1.61,1.56,2.07,2.74,3.47,2.26,2.45,2.54,2.66,2.43,2.71,2.81,2.91,3370.716796875,39304.765625,86549.640625,100587.2265625,141831.5234375,210842.359375,278446.328125,143312.1875,107665.67578125,50078.63671875,21093.8056640625,10232.7895507812,6826.94140625,7078.51196289062,4250.494140625,2680.67431640625,2272490,2282123.75,179816.2890625,430334.046875,507629.890625,523412.53125,493547.796875,354021.453125,372182.3125,204135.953125,135689.53125,143028.40625,60794.1171875,32419.8857421875,21141.333984375,17271.8525390625,11976.2553710938,4952.19775390625,1700213.5,1715850.6875,1890207,1900987.5625,66536.1171875,67952.62109375,175774.296875,220508.25,212415.421875,178765.171875,107489.640625,79270.546875,62299.50390625,33537.43359375,20981.4404296875,17899.513671875,11890.8515625,11999.81640625,223736.90625,266093.046875,312171.265625,200420.4375,156288.0703125,110038.87890625,104782.43359375,48895.61328125,31830.609375,16558.9228515625,159045.875,303678.703125,226931.6796875,137776.625,125210.6484375,103422.30078125,89753.70703125,42087.23046875
"072125",2025-07-21 09:28:19.95,2025-07-21,9H 28M 19.95S,"Unknown","Aurora","U1629","Admin",1158,340,238,187,261,295,434,353,454,293,376,378,525,833,633,875,341,341,207,343,276,200,223,240,327,389,374,383,312,269,243,361,422,359,343,343,259,259,568,406,367,356,269,265,613,360,572,509,428,374,507,613,399,342,228,441,403,479,311,252,385,336,195,159,265,270,185,200,285,196,-39.125,-19.05,0,20.975,40.35,1.15,1.04,1.1,1.06,1.05,9.84,2.17,2.46,2.21,1.4,1.95,1.86,1.81,1.99,2.5,1.57,2.59,8.3,5.08,11.85,16.75,0.98,0.99,1.21,1.71,1.27,1.49,1.76,1.5,1.33,1.53,1.04,1.26,1.78,2.11,2.98,2.39,4.43,9.42,1.06,0.66,1.45,1.09,2.95,1.91,1.4,1.38,0.97,0.87,1.58,2.44,3.69,2.9,2.23,2.39,4.32,5.71,0.98,1.32,1.32,1.33,1.53,2.18,1.45,1.18,3.84,4.42,2.14,1.55,1.1,1.74,1.71,1.85,1.34,2.93,3970.21716308594,41444.017578125,91303.1015625,105444.85546875,151232.6640625,227110.0625,300445,152408.8984375,114047.1640625,52747.076171875,22935.0771484375,11632.0126953125,7469.3095703125,7655.79956054688,4485.33642578125,2834.06909179688,2484836.5,2475328.375,176282.4765625,426275.921875,509693.4375,517603.96875,482484.9375,349778.6875,367342.859375,196582.8359375,128335.8515625,136905.9765625,60847.95703125,33076.40234375,20790.65234375,16990.3359375,12239.4658203125,4844.7265625,1834474.5,1857393.375,2394150,2374915.375,65227.076171875,67034.33203125,173229.0703125,217092.578125,205771.3671875,176574.5,110050.55859375,78753.015625,64131.32421875,32708.546875,21814.87109375,18940.4033203125,11914.3481445312,11783.5415039062,223045.2578125,269922.265625,311294.859375,207935.8828125,170882.421875,114233.9453125,108539.75390625,47698.974609375,31832.572265625,15555.0288085938,163961.828125,312421.234375,240059.875,146383.109375,132757.453125,108053.8359375,91216.21484375,39367.736328125
"070225",2025-07-02 08:33:38.72,2025-07-02,8H 33M 38.72S,"Unknown","Aurora","U1629","Admin",1154,337,238,187,259,294,430,351,447,287,372,376,524,827,629,867,342,342,206,343,276,201,224,239,327,392,366,379,312,271,245,361,421,358,342,342,260,260,573,406,365,358,267,262,612,362,570,509,425,372,506,610,395,333,224,444,405,479,312,250,384,335,198,161,271,274,184,198,284,195,-39.275,-19.2,0,20.95,40.475,1.15,1.04,1.11,1.06,1.06,11.19,2.57,2.23,2.43,2.27,2.52,2.48,2.68,2.14,3.02,2.99,4.36,5.71,7.38,9.18,15.64,1.37,1.23,1.71,2.16,2.15,2.11,1.95,1.84,1.77,2.11,1.68,1.71,1.79,2.09,2.8,3.09,4.02,5.96,1.74,1.02,1.56,1.34,2.77,2.23,1.62,1.45,1.71,1.38,2.29,1.98,2.5,2.91,3.9,3.13,5.51,6.21,1.26,1.19,0.96,1.5,1.48,1.48,1.82,2.07,3.19,3.86,2.33,2.28,2.34,2.13,2.48,2.48,2.29,2.35,3626.51892089844,39962.662109375,89100.26953125,102550.125,145027.1484375,218044.9609375,287310.765625,148705.4375,109747.05078125,50246.853515625,22161.634765625,11367.224609375,7398.72265625,7388.05395507812,4513.49291992188,2567.62927246094,2494035,2471374.375,174915.8671875,423926.34375,506552.34375,517486.875,480226.9375,344809.875,366600.046875,197324.2890625,124166.5234375,133975.4140625,60217.068359375,32550.755859375,20998.0283203125,16917.7333984375,12010.3188476562,4602.9140625,1827780,1843367.1875,2388323.5,2387505.5,66301.9296875,67920.71484375,173009.078125,220419.2421875,203562.4453125,173107.90625,110489.07421875,79253.39453125,64516.55859375,32975.15234375,21695.46875,19077.4541015625,12059.5493164062,11775.541015625,216695.734375,255711.703125,301475.015625,208302.375,170640.28125,113534.23828125,107859.296875,46904.486328125,31343.1650390625,15274.5092773438,167872.0390625,318221.46875,247611.296875,149122.6640625,132115.28125,107799.28125,91169.6328125,39424.46484375
"062425",2025-06-24 10:00:37.77,2025-06-24,10H 0M 37.77S,"Unknown","Aurora","U1629","Admin",1109,332,232,183,252,286,422,342,443,285,371,369,518,818,620,852,342,342,209,344,277,201,225,240,329,391,372,387,318,276,248,367,429,363,341,341,262,262,568,406,368,358,270,265,621,368,588,520,433,379,514,620,400,335,227,454,412,493,317,257,393,343,201,164,274,276,187,201,287,197,-39.075,-19.1,0,20.825,40.27501,1.15,1.05,1.1,1.05,1.07,12.89,4.13,2.5,3.22,2.77,2.49,2.68,1.93,2.24,3.96,1.63,3.16,5.54,4.64,7.33,12.17,0.8,0.57,1.25,1.09,1.47,1.9,2.08,1.5,1.3,1.53,1.14,1.27,1.7,2.05,2.83,3.93,3.45,6.42,0.94,0.82,1.57,0.84,2.98,2.99,1.7,1.06,1.25,1.63,1.71,1.86,3.01,1.54,2.5,3.94,3.83,4.26,1.8,1.78,1.48,1.4,0.73,1.73,1.35,2.42,2.85,2.41,2.3,2.56,3.03,2.4,2.02,3.16,3.1,4.27,3710.13549804688,41722.703125,92343.015625,106806.9609375,152314.984375,227799.09375,303071.78125,154666.234375,115184.6640625,52253.0625,23534.55078125,11441.265625,7590.06396484375,7680.9267578125,4610.10546875,2849.46875,2470709,2485423,177873.734375,427980.375,510864.3125,522522.125,487435.4375,353704,368342.34375,200018.96875,129037.03125,139244.53125,61811.61328125,33308.3515625,21215.888671875,17356.740234375,12177.58984375,4713.6357421875,1827377,1833625.625,2413791,2407451,66119.8046875,67795.4140625,172716.4375,218979.921875,207391.640625,177712.140625,110131.5,79991.6640625,66440.828125,33429.4765625,21733.802734375,19512.212890625,12021.3740234375,12011.267578125,222357.8125,265980.96875,314381.46875,211771.609375,173588.75,117312.6953125,110072.59375,47783.875,31973.8984375,15607.6357421875,167395.203125,320983,248111.671875,149990.0625,133612.53125,108426.4765625,91478.015625,39444.0546875
"060225",2025-06-02 09:41:07.66,2025-06-02,9H 41M 7.66S,"Unknown","Aurora","U1629","Admin",1095,323,227,180,248,280,411,333,431,279,357,362,503,795,607,836,346,346,210,346,278,203,226,242,331,393,379,392,315,276,247,366,428,365,341,341,262,262,571,404,366,361,272,263,619,363,582,518,429,377,513,620,406,348,233,454,414,491,317,257,394,344,198,161,271,272,185,200,286,197,-39.075,-19.2,0,20.775,40.25,1.14,1.04,1.1,1.05,1.08,11.37,3.39,2.9,3.24,3.1,3.24,3.04,3.46,2.98,3.27,3,4.61,6.53,7.51,10.83,13.5,1.56,1.66,1.84,2.2,2.18,2.48,2.3,2.34,2.28,1.71,1.46,1.75,1.6,2.44,2.17,3.89,5,5.63,1.78,1.37,2.02,1.53,2.69,2.35,2.11,1.9,2.46,1.68,2.36,2.18,2.59,3.11,3.15,4.27,5.13,6.07,1.41,1.2,1.28,1.59,1.7,2.22,1.8,2.75,2.9,3.9,2.36,2.35,2.88,2.86,2.42,2.83,2.83,3.14,3766.43798828125,40962.62109375,89816.328125,104610.7734375,149345.890625,222736.09375,291251.84375,148738.6875,111704.5390625,52065.01171875,22437.412109375,11403.5595703125,7595.08740234375,7607.390625,4634.98486328125,2705.05004882812,2487337,2461621.5,175600.125,420290.8125,500681.375,514828.9375,476630.21875,346091.625,363841.15625,194656.515625,126786.703125,137544.5625,60315.94140625,32923.0859375,20814.615234375,16864.78125,11885.169921875,4688.88232421875,1821800,1829667.5,2386558,2376069.5,64546.74609375,67153.2890625,171403.859375,216618.640625,206486.546875,173700.703125,109061.4921875,78291.578125,64903.55078125,33125.18359375,21747.486328125,19082.810546875,11987.0830078125,11642.16796875,219868.828125,270814.1875,318055.15625,208114.640625,170405.5,113154.5625,107671.0625,47297.828125,31875.423828125,15201.2314453125,163881.875,317629.4375,246072.375,146598.109375,132484.3125,108602.8359375,91602.75,39723.92578125
"052325",2025-05-23 08:22:37.35,2025-05-23,8H 22M 37.35S,"Unknown","Aurora","U1629","Admin",1111,327,230,183,251,284,417,338,435,280,356,362,503,793,609,846,348,348,211,349,280,204,228,243,332,393,377,389,313,274,245,364,427,367,338,338,261,261,569,402,363,357,268,259,606,356,572,509,420,370,506,615,399,340,227,444,405,479,310,251,387,342,192,157,263,266,182,196,282,195,-39.075,-19.225,0,20.725,40.325,1.15,1.04,1.11,1.05,1.07,16.6,2.95,2.27,2.81,2.83,3.13,3.34,3.06,3,2.28,3.35,4.78,4.59,5.1,9.07,17.35,1.2,1.05,1.52,1.75,1.73,2.07,1.87,2.07,1.81,1.31,1.52,1.22,1.25,2.07,2.48,3.73,2.87,8.53,1.49,1.18,1.68,1.67,3.17,2.08,2.04,2.38,2.37,2.25,2.58,2.02,2.53,2.87,3.61,4.49,4.67,5.04,1.94,1.83,2.01,2.18,2.04,2.11,2.02,2.81,2.92,4.07,2.19,2.35,2.1,2.52,2.55,2.65,1.86,3.08,3874.35803222656,40991.52734375,90831.0703125,105646.4609375,149870.9375,223531.9921875,295727.828125,148899.4296875,111849.4296875,52023.095703125,22570.1279296875,11473.7626953125,7529.12255859375,7789.84448242188,4554.77807617188,2765.33337402344,2485808,2475416.875,175793.90625,427569.71875,504970.609375,515708.1875,481662.234375,347096.203125,364528.515625,194711.21875,127452.36328125,136091.0703125,59566.90234375,32538.8447265625,20629.4892578125,16981.0244140625,11947.310546875,4630.85327148438,1830431.5,1845238.5,2417933,2410679.125,65117.4609375,67656.02734375,171914.9609375,217206.7109375,207664.078125,173422.6640625,108595.1328125,79056.41796875,64652.51171875,32891.552734375,21571.5263671875,19100.482421875,12020.6528320312,12025.86328125,221744.3125,269999.40625,317266.046875,209916.9375,172453.984375,114544.0625,107941.03125,47344.87109375,32031.86328125,15634.0395507812,160583.9921875,312751.25,243041.4375,146577.53125,131404.984375,107972.53125,91155.42578125,39721.083984375
"052125",2025-05-21 09:38:59.19,2025-05-21,9H 38M 59.19S,"Unknown","Aurora","U1629","Admin",1115,328,230,183,252,284,418,338,438,283,361,366,508,803,615,851,346,346,210,347,279,203,227,242,331,394,379,392,315,276,247,365,429,366,341,341,262,262,573,405,367,361,272,264,618,363,582,517,428,376,513,621,404,346,231,450,410,484,314,254,390,342,194,159,267,270,184,199,284,196,-39,-19.225,0,20.725,40.225,1.15,1.04,1.1,1.05,1.08,11.72,3.81,2.57,3.55,3.65,3.66,3.49,3.16,3.55,3.38,3.46,3.44,5.79,8.53,9.88,14.02,1.25,1.4,1.56,1.88,1.64,1.65,1.68,1.47,1.44,1.73,1.53,1.45,1.91,2.31,2.81,3.69,4.79,7.32,2.12,1.94,1.73,1.89,3.22,2.68,2.36,2.3,2.64,2.43,2.72,3.04,2.51,3.54,4.07,4.49,6.17,7.04,1.44,1.66,1.35,1.82,1.65,2.39,2.31,2.64,3.35,4.12,2.75,3.34,3.53,2.61,3.41,3.66,3.67,3.35,3744.93798828125,40297.953125,89685.7734375,104481.4609375,148248.578125,221460.84375,292796.9375,148327.671875,110802.1328125,52009.8046875,22267.455078125,11277.6337890625,7402.85986328125,7582.57861328125,4417.8916015625,2633.01171875,2491843,2468818.5,174973.03125,420359.25,503422.40625,513528.65625,479202.53125,344542.125,363783.6875,196103.78125,126814.3046875,137079.796875,60196.06640625,32585.421875,20802.669921875,16678.625,11935.1552734375,4658.7119140625,1830980,1835393.375,2392760,2373437.25,66078.09375,66933.1484375,171930.765625,217686.484375,207356.265625,174540.71875,109716.71875,78366.1171875,64812.70703125,32936.3125,21815.734375,19061.140625,12020.2685546875,11736.5673828125,223738.5,275084.8125,321003.875,211708.171875,171363.078125,115545.4765625,108672.5390625,47146.8515625,31825.7265625,15547.19921875,160156.578125,312432.09375,243644.03125,146880.234375,131612.65625,108372.921875,91066.609375,39473.51171875
"052025",2025-05-20 09:42:29.02,2025-05-20,9H 42M 29.02S,"Unknown","Aurora","U1629","Admin",1123,331,231,183,251,287,418,340,438,283,367,367,514,809,618,857,344,344,209,347,278,202,226,241,330,393,373,387,318,278,248,366,429,363,341,341,262,262,578,408,368,362,270,263,624,364,580,516,432,378,513,619,400,337,228,451,413,493,317,256,392,342,201,164,273,275,186,200,287,197,-39.075,-19.25,0,20.65,40.2,1.14,1.04,1.1,1.05,1.09,13.18,3.62,2.29,3.03,3.02,2.94,2.6,2.17,2.93,3.23,3.21,4.36,5.18,6.35,10.35,16.39,1.36,0.97,1.67,1.85,1.76,1.98,1.87,1.78,2.09,1.78,1.64,1.76,1.69,2.7,2.29,4.33,4.25,5.96,1.1,1.15,1.51,1.64,2.8,1.95,2.02,2.09,2.03,1.7,2.45,2.44,2.66,3.19,3.71,2.64,3.71,5.79,1.59,1.54,1.59,2.04,1.48,1.81,1.97,2.38,3.29,4.07,2.23,2.61,2.94,1.82,2.24,1.83,2.7,2.8,3733.68078613281,42000.4140625,90929.08203125,106150.54296875,150019.734375,227432.9921875,298081.484375,152100.3359375,112824.57421875,52576.580078125,22828.9677734375,11628.8720703125,7677.14624023438,7738.45263671875,4564.58740234375,2904.02014160156,2486030.5,2468538,173022.0859375,420180.953125,496926.046875,508270.171875,474719.625,341368.625,361989.921875,193346.1953125,124538.08203125,134546.4453125,60475.0859375,32576.501953125,20841.6005859375,16685.4365234375,11948.5473632812,4631.74926757812,1825984.5,1835112.75,2406374.5,2388180.25,65679.66796875,67764.1015625,171559.7109375,220927.3984375,206508.7265625,173821.8203125,111330.26171875,78420.38671875,64487.55859375,32963.2421875,21817.7451171875,18956.6416015625,11955.0268554688,11784.3471679688,216321.7578125,253192.34375,301470.4375,207388.515625,170570.765625,115793.5390625,107965.71484375,47124.794921875,31587.744140625,15379.716796875,169922.1015625,324515.34375,250233.4453125,149583.1875,134004.34375,109039.390625,92433.98046875,39793.818359375
"051225",2025-05-12 09:26:38.4,2025-05-12,9H 26M 38.4S,"Unknown","Aurora","U1629","Admin",1092,325,230,181,250,283,414,334,421,273,342,340,496,843,665,1003,356,356,214,356,284,206,230,245,332,391,370,383,306,259,246,389,470,433,337,337,261,261,566,398,354,341,257,254,581,338,540,497,436,391,554,714,388,330,223,427,383,461,305,269,427,403,181,142,241,253,187,211,314,230,-39.025,-19.275,0,20.7,40.225,1.15,1.04,1.11,1.05,1.08,11.99,3.58,3.83,4.26,3.92,4.24,4.65,4.5,3.7,3.82,3.77,4.59,4.83,6.01,11.23,13.31,1.47,1.1,1.73,1.67,1.81,1.96,1.73,2,1.92,1.36,1.72,1.43,2.03,2.23,3.38,4.3,5.01,7.12,3.31,2.75,1.9,1.93,3.22,2.92,2.85,3.15,3.58,3.06,3.27,3.15,2.66,4.38,2.96,4.19,4.9,5.69,1.47,1.1,1.15,1.49,1.72,2.19,2.2,2.31,3.47,2.84,2.1,2.59,2.77,2.51,2.3,2.65,3.43,2.86,3767.62915039062,40470.068359375,91552.51953125,105686.3046875,150207.75,226141.2890625,296174.015625,148871.96875,108811.7265625,50544.2421875,21637.248046875,10809.6279296875,7397.75024414062,8279.92919921875,5073.56909179688,3353.84545898438,2486448,2477885.375,176700.9921875,426480.25,509182,513836.40625,480022.484375,345672.4375,359067.40625,191847.6640625,122925.94921875,132104.3203125,57408.02734375,30803.7626953125,20628.46484375,17829.5791015625,12962.4458007812,5432.01489257812,1836011,1833428.125,2376820.5,2364716.75,65591.6171875,67034.08203125,168444.546875,209942.8671875,198576.8671875,169307.078125,103050.04296875,74749.37890625,61460.671875,32287.642578125,22443.7412109375,19858.962890625,12944.5288085938,13753.158203125,214663.203125,262203.109375,309449.40625,199934.1796875,162232.4140625,110152.28515625,105020.8203125,50127.4609375,34873.935546875,18097.34375,149188.65625,284407.984375,224462.8984375,140068.3203125,135577.6171875,116667.26953125,101740.12109375,46806.115234375
"050225",2025-05-02 08:29:44.08,2025-05-02,8H 29M 44.08S,"Unknown","Aurora","U1629","Admin",1089,325,228,180,249,283,412,336,428,278,355,355,500,796,610,861,351,351,212,353,282,206,229,244,334,396,380,390,314,275,248,371,437,375,337,337,261,261,567,404,364,356,269,260,601,357,566,510,426,374,511,624,400,340,230,445,400,480,311,255,392,347,191,156,264,268,184,199,286,198,-38.925,-19.275,0,20.525,40.05,1.15,1.04,1.11,1.05,1.08,10.99,3.5,2.38,2.7,3.05,3.17,2.81,2.99,2.57,3.31,3.29,4.47,7,6.79,8.84,19.13,1.56,1.22,1.27,1.39,1.81,1.63,1.61,1.76,1.51,1.29,1.22,1.64,1.65,2.17,2.52,3.85,4.54,7.19,2,2.42,1.74,1.92,3.3,2.07,2.83,2.6,2.52,2.63,2.49,2.52,2.7,3.32,4.1,3.46,4.39,5.77,1.75,1.67,1.66,1.32,2.02,1.86,1.93,2.53,3.31,3.61,2.24,2,2.16,2.07,2.32,2.31,2.33,2.23,3575.39318847656,40258.435546875,89267.84765625,103226.6796875,147858.8359375,221180.9765625,290771.96875,148243.875,108172.3984375,50843.90234375,22252.708984375,11206.2622070312,7392.24487304688,7703.80444335938,4408.20532226562,2608.99536132812,2492297,2469312,173353.3671875,422010.359375,499066.53125,508225.625,475480.921875,341830.3125,359690.40625,193155.875,124315.71875,132664.265625,58119.982421875,31873.4658203125,20517.1015625,16622.21484375,11966.994140625,4704.8173828125,1816504.5,1819237.5625,2408217.5,2376537.125,64211.90625,66707.35546875,170451.0078125,215360.828125,204558.734375,173147.9921875,105851.33984375,77192.8671875,63883.736328125,32451.2568359375,21577.6923828125,18860.8056640625,11818.2758789062,11702.08984375,216713.3984375,262783.734375,308440.703125,205111.03125,165385.4921875,111710.49609375,106039.11328125,46735.654296875,31681.55859375,15451.3403320312,156470.0703125,303393.75,237002.4375,143255.953125,129380.20703125,106589.95703125,89949.9375,39392.90625
"042325",2025-04-23 12:06:34.98,2025-04-23,12H 6M 34.98S,"Unknown","Aurora","U1629","Admin",1078,318,227,179,244,279,409,334,429,277,359,359,503,800,606,843,355,355,214,352,282,207,230,245,337,401,382,398,321,279,253,373,439,372,338,338,261,261,573,406,370,364,274,268,624,366,584,521,434,381,516,627,408,341,233,451,412,494,318,258,396,346,199,162,271,272,186,201,287,197,-38.75,-19.175,0,20.475,40.025,1.15,1.05,1.11,1.05,1.09,15.16,3.05,3.69,2.74,3.45,2.93,3.21,2.99,2.3,1.85,3.36,4.04,5.45,6.01,11,14.45,1.78,1.1,1.63,2.14,2.42,2.19,2.31,2.04,1.96,2.15,1.81,1.33,1.96,2.13,2.23,4.34,5.6,10.43,1.42,1.09,1.34,1.43,3.14,1.99,2.36,2.22,2.03,1.76,2.27,2.71,3.01,2.93,3.78,4.49,4.47,6.59,1.05,1.84,1.55,2.22,2.2,3.26,2.67,2.09,3.83,4.85,2.58,2.39,2.52,2.58,2.5,3.17,3.54,3,3596.52770996094,40440.98828125,89669.953125,104449.375,147605.3125,222489.78125,293605.46875,148783.328125,112375.9296875,52337.98046875,22753.3349609375,11118.888671875,7424.87744140625,7713.82958984375,4641.62622070312,2761.83923339844,2472074,2464155.5,174064.375,416886.171875,496833.203125,511856.734375,474645.203125,342002.53125,364047.484375,195689.203125,126013.85546875,136259.59375,60015.064453125,32422.6015625,20869.7607421875,16582.5390625,12130.9072265625,4519.11572265625,1789506.5,1793768.0625,2372478.5,2356210.375,65043.05859375,66104.16015625,170671.7109375,216450.0078125,204917.515625,175048.953125,109484.390625,78064.26953125,63247.564453125,32402.8173828125,21623.9033203125,18773.517578125,11698.1904296875,11682.63671875,221712.34375,264344.265625,317694.390625,206990.875,168547.765625,114810.80859375,107188.78125,47052.310546875,31211.2373046875,15343.8046875,162044.7734375,313086.75,240150.078125,143609.4140625,130440.69921875,107253.875,89511.75390625,38846.67578125
"032125",2025-03-21 08:40:03.75,2025-03-21,8H 40M 3.75S,"Unknown","Aurora","U1629","Admin",1097,326,232,184,257,294,435,351,449,287,356,355,506,830,673,1068,343,343,213,354,285,208,231,245,335,392,374,383,302,260,238,359,437,404,298,298,231,231,527,374,333,324,243,236,539,313,500,452,376,337,477,613,361,303,206,391,354,413,277,232,371,352,158,129,212,221,157,172,257,188,-41.675,-18.775,0,22.35,40.95,1.18,0.99,1.17,1.15,0.96,9.69,2.13,1.61,1.62,1.65,1.98,1.84,2.1,2.14,2,2.67,3.33,5.7,7.56,9.13,15.94,1.03,1.13,2.13,1.76,1.68,1.23,1.45,1.32,1.44,1.11,1.35,1.57,2.06,2.2,2.73,4.5,5.52,6.93,0.35,0.38,0.89,0.72,2.5,2.09,1.32,1.8,1.07,1.92,1.91,1.47,1.68,2.21,3.45,3.81,5.56,4.33,0.96,1.2,0.85,1.06,1.57,2.03,2.09,1.57,3.03,4.69,2.34,2.66,3.14,2.55,2.62,2.61,3.6,3.31,3665.55737304688,39175.23046875,88995.78125,103181.3515625,147380.984375,220246.484375,292887.28125,147865.03125,108644.0625,49294.72265625,20996.7109375,10527.2802734375,7120.58837890625,7350.42333984375,4516.71630859375,2865.9736328125,2478988,2477343.25,179473.453125,434134.09375,520867.78125,527488.375,491184.125,350698.53125,369740.25,195084.15625,126198.171875,134770.984375,58167.83203125,31418.095703125,20289.52734375,16668.814453125,12405.298828125,5161.419921875,1966196,1982891.5,2367059,2380336,66524.0234375,68125.296875,174736.421875,218511.8125,205824.1875,172811.6875,106280.6171875,75662.2578125,63109.00390625,32455.423828125,21095.00390625,18717.3984375,12114.2451171875,13002.5869140625,214828.234375,262927.3125,306908.40625,197325.609375,162839.625,107542.25,103690.8515625,47040.390625,32952.765625,17442.505859375,147204.875,287143.3125,219445.484375,135952.640625,125175.1171875,105176.390625,91539.0703125,42356.125
"031225",2025-03-12 09:14:50.56,2025-03-12,9H 14M 50.56S,"Unknown","Aurora","U1629","Admin",1084,323,230,184,257,293,425,347,441,285,350,353,514,902,734,1196,340,340,213,356,283,206,231,245,332,389,371,379,303,257,245,392,477,451,297,297,229,229,523,374,327,316,239,234,529,310,490,452,403,365,523,687,354,301,207,389,351,413,283,255,413,397,158,125,210,224,168,190,283,211,-41.825,-18.875,0,22.325,40.975,1.18,0.99,1.17,1.15,0.96,8.79,2.87,2.23,2.27,2.02,2.91,3.3,3.17,3,2.89,2.67,4.81,4.65,4.97,12.65,13.98,1.25,0.95,2.48,2.04,1.89,1.82,1.54,1.99,1.83,2.04,2.44,1.36,2.16,2.36,2.2,3.98,3.11,7.65,1.02,1.52,0.82,0.9,2.1,2.09,1.79,1.89,2.44,1.69,2.41,1.58,2.13,3.45,3.41,3.29,5.97,3.97,1.25,1.63,1.25,1.41,2.01,1.99,1.45,2.74,2.73,3.5,2.44,2.46,2.27,2.33,2.08,3.1,2.97,2.97,3508.27001953125,39482.71875,88293.1796875,103283.4140625,146999.921875,219409.359375,286328.40625,146099.640625,107284.5,49092.59375,20494.431640625,10403.62890625,7185.431640625,7867.4033203125,4896.68310546875,3483.67602539062,2486640,2472282.25,180532.4375,434819.1875,516023.3125,524449.4375,492413.5,352511.40625,366858.71875,193361.5,125467.1015625,133975.78125,58104.546875,31150.890625,20734.525390625,18274.7265625,13717.8359375,5935.6611328125,1954320,1959930.625,2347336,2349872.75,66544.1171875,68139.734375,170481.328125,213271,201434.53125,171299.328125,104046.859375,75488.5390625,61772.89453125,32315.291015625,22231.232421875,20377.25,13411.6357421875,14811.544921875,211944.65625,262399.75,310719.71875,197375.9375,161363.109375,108095.15625,105555.6640625,51961.765625,36638.12890625,19618.80078125,145513.1875,275000.1875,215795.46875,137049.515625,134139.6875,115540.6015625,101123.0703125,47400.30859375
"022725",2025-02-27 08:25:38.04,2025-02-27,8H 25M 38.04S,"Unknown","Aurora","U1629","Admin",1050,311,222,177,245,281,414,339,436,280,358,360,505,821,639,938,338,338,208,348,279,203,228,244,332,394,374,386,313,273,245,363,425,363,297,297,230,230,527,380,340,331,248,241,558,328,525,463,388,342,466,558,369,309,210,408,373,441,290,237,364,318,175,140,233,237,161,173,247,170,-41.725,-18.925,0,22.2,40.8,1.18,1,1.17,1.15,0.97,8.7,1.99,1.51,1.82,1.62,1.71,1.68,2.05,1.9,2.11,3.49,4.33,4.78,7.49,9.22,15.84,0.63,0.97,2.37,2.06,2.37,2.49,2.16,1.97,2.38,2.54,2.07,1.48,1.86,2.59,2.42,4.4,5.33,5.92,1.01,1.39,0.68,1,1.8,1.68,2.03,1.61,1.97,1.74,2.13,2.27,2.08,3.36,2.56,3.14,5.66,6.76,0.87,1.24,0.92,1.4,1.69,1.71,1.77,2.03,3.72,3.28,1.94,2.28,2.12,2.82,1.86,2.29,2.81,2.83,3631.27709960938,38543.4921875,87803.59375,101693.5703125,145373.21875,218459.4375,288022.25,147745.4375,109657.5078125,50205.8828125,21680.751953125,11096.3408203125,7179.96923828125,7467.169921875,4356.41650390625,2728.95654296875,2466908,2477750,180361.9375,431389.75,519686.375,527312.75,491547.40625,357313,372006.875,201132.046875,128664.578125,136161.9375,60958.1484375,33270.5234375,21097.99609375,17068.005859375,12197.5224609375,4699.5029296875,1950170,1960190.5,2367326,2367609.5,66335.2890625,69253.484375,177848.625,223120.671875,210773.890625,175525.046875,109536.4765625,79205.3203125,66249.46875,32603.8203125,21893.732421875,18963.564453125,11721.2958984375,11812.8291015625,219514.109375,264560.03125,311588.65625,206076.828125,169826.921875,113316.484375,108263.3359375,47671.88671875,32010.06640625,15808.7763671875,160635.203125,308985.9375,237989.765625,145405.703125,127899.6875,104754.2109375,87354.09375,38155.453125
"022625",2025-02-26 08:21:06.13,2025-02-26,8H 21M 6.13S,"Unknown","Aurora","U1629","Admin",1046,311,221,176,244,280,413,338,434,279,358,362,506,821,639,936,338,338,208,348,279,203,228,244,331,394,373,385,315,274,246,363,425,361,297,297,229,229,528,381,340,331,248,241,561,330,528,466,389,343,467,558,366,304,208,408,373,443,291,236,362,316,179,142,236,239,162,173,248,170,-41.8,-18.925,0,22.2,40.8,1.18,1,1.17,1.15,0.97,9.81,2.45,2.32,2.35,2.63,3.01,2.86,3.03,2.84,2.52,3.38,4.59,5.14,7.95,9.8,15.18,1.25,1.04,2.54,2.52,2.78,2.29,2.23,2.12,1.88,2.18,2.05,2.45,1.99,2.47,2.93,2.89,5.66,7.04,1.33,1.9,1.32,1.23,3.19,2.38,2.54,2.34,2.42,2.8,2.71,2.75,3.3,3.28,3.96,3.49,5.16,6.66,2.03,1.74,1.45,1.46,1.99,2.28,2.09,2.38,3.49,4.68,2.39,2.92,2.72,3.07,2.85,2.72,3.3,3.62,3544.84619140625,38630.1796875,86646.8203125,100967.3046875,144502.625,217919.125,287319.3125,145707.28125,107920.671875,49668.91015625,21580.154296875,10926.720703125,7311.388671875,7536.3525390625,4309.177734375,2751.1044921875,2480579,2478962.5,177547.015625,429166.09375,512830.0625,520871.09375,487585.5625,353068.34375,368651.0625,199053.53125,127656.1640625,135820.765625,60968.76953125,32982.61328125,20991.673828125,16980.4296875,11928.0517578125,4653.18994140625,1935643,1941882.5,2332971,2333088.5,65515.97265625,68612.0625,176296.625,222273.9375,209043.40625,174506.109375,108759.3671875,79566.140625,65542.0625,33062.2421875,21404.271484375,18959.83984375,11922.0791015625,11574.1640625,217822.34375,260929.0625,306867.53125,206097.640625,169271.609375,112708.9765625,108004.3828125,47101.1015625,31553.767578125,15542.2861328125,164538.03125,313232,239550.78125,146508,127846.4140625,104108.8359375,87549.0390625,37876.984375
"022125",2025-02-21 11:18:17.49,2025-02-21,11H 18M 17.49S,"Unknown","Aurora","U1629","Admin",1040,314,223,177,244,280,414,337,438,282,356,359,502,811,637,940,340,340,209,350,279,204,228,243,332,397,379,387,313,271,244,362,426,368,298,298,231,231,529,374,338,331,249,242,558,325,516,465,386,340,466,565,369,312,212,408,370,435,288,236,364,324,170,136,229,231,159,171,246,171,-41.625,-18.925,0,22.15,40.8,1.18,1,1.17,1.15,0.98,11.02,2.46,1.73,1.77,2.09,1.92,1.91,2.07,1.69,2.62,1.7,3.1,6.34,6.11,5.46,11.72,0.77,0.82,1.48,1.84,2.23,1.57,1.66,1.64,2.21,1.14,1.53,1.21,1.5,2.21,2.42,3.8,3.05,7.47,0.96,1.09,0.56,0.91,2.65,2.38,1.23,1.13,1.46,1.62,1.24,1.54,2.69,2.58,3.05,2.7,4.33,6.54,1.27,1.38,1.27,1.76,1.62,1.96,1.72,1.95,3.23,3.62,2.23,2.18,1.89,1.5,1.73,2.39,2.4,1.77,3785.32934570312,39304.71875,88745.3671875,103123.7421875,146427.4375,221408.9375,291557.25,148131.546875,110520.6640625,51121.6328125,21758.55859375,10875.515625,7296.58935546875,7531.380859375,4351.9794921875,2536.42749023438,2469940,2475873.25,177067.359375,431927.65625,514603.25,522136.65625,487574.75,350219.125,369467.5625,199416.453125,129113.3203125,137661.5,60485.22265625,32569.98828125,20667.23828125,16880.224609375,12075.8681640625,4846.71728515625,1958543,1973476.25,2351338,2360528.75,66167.5234375,68272.1171875,175903.203125,222219.4375,211053.8125,176668.625,109603.0546875,79145.0078125,64634.99609375,33068.5078125,21391.70703125,18899.109375,11921.8994140625,11834.1845703125,216931.984375,266420.0625,312710.6875,205913.40625,167481.09375,111956.359375,106511.1015625,47407.37109375,31738.85546875,15905.2900390625,155655.59375,303088.53125,232895.609375,141468.109375,126322.5546875,103873.9296875,87482.0625,38288.453125
"021925",2025-02-19 09:00:09.35,2025-02-19,9H 0M 9.35S,"Unknown","Aurora","U1629","Admin",1033,312,221,176,242,279,413,335,437,283,353,358,500,808,632,928,340,340,209,351,279,204,229,243,333,399,381,391,312,271,244,363,426,366,297,297,230,230,531,375,339,331,250,243,557,326,515,465,386,341,466,562,370,315,214,408,369,433,287,236,362,320,168,135,227,229,159,170,244,169,-41.6,-18.875,0,22.175,40.775,1.18,1,1.17,1.15,0.98,7.85,2.32,1.32,1.5,1.04,1.52,1.03,1.47,1.61,3,1.89,4.14,3.28,4.57,8.61,16.23,1,0.71,1.11,1.15,1.32,1.34,1.3,1.04,1.36,1.02,1.19,0.96,2.4,1.08,2.25,4.69,4.46,6.31,0.8,0.88,1.01,0.93,2.53,2,1.85,2.07,2.08,2.04,2.13,1.37,2.19,2.39,3.35,3.52,3.26,4.76,1.25,1.36,1.71,1.47,0.88,2.1,2.18,2.02,3.45,3.03,1.94,1.51,2.03,1.26,1.28,2.2,1.46,2.35,3541.34033203125,39222.28515625,87846.53125,102305.515625,144902.5234375,218300.8828125,290574.765625,147528.2265625,110830.86328125,51344.828125,21512.958984375,10990.6010742188,7196.20190429688,7539.2705078125,4078.00598144531,2487.04309082031,2473142,2484594.125,175708.2421875,428329.375,508603.796875,517523.5625,485676.5625,346162.21875,370294.59375,200558.203125,128216.40234375,136030.5234375,59915.173828125,32372.771484375,20838.6181640625,16984.4501953125,11931.80859375,4735.47436523438,1941956.5,1947007.75,2349925.5,2350133.125,66504.6796875,67781.2109375,174015.0078125,220478.0703125,210077.71875,174563.703125,108775.41796875,78149.03125,63403.57421875,32665.603515625,21488.1171875,18672.353515625,11796.390625,11738.6967773438,222354.65625,270303.875,316160.84375,206702.46875,167616.6796875,111741.72265625,106706.046875,47581.6171875,31556.302734375,15485.1821289062,153267.109375,297221.484375,228317.3984375,137979.796875,124259.31640625,101528.56640625,85604.47265625,37357.462890625
"021425",2025-02-14 08:49:50.33,2025-02-14,8H 49M 50.33S,"Unknown","Aurora","U1629","Admin",1049,314,224,179,246,282,420,341,441,286,361,364,508,818,639,940,337,337,207,345,279,203,228,242,331,393,379,389,316,271,244,360,421,361,297,297,231,231,529,379,341,329,249,242,555,328,520,465,388,340,465,558,374,313,213,408,374,441,290,237,363,320,172,138,232,233,160,171,245,168,-41.65,-18.9,0,22.15,40.825,1.18,1,1.17,1.15,0.98,13.02,3.66,2.13,2.69,2.78,2.93,2.96,2.87,2.85,3.16,3.69,3.68,5.49,7.49,9.77,14.77,1.13,1.05,1.75,1.61,1.98,1.91,1.65,1.68,1.91,1.59,2.16,1.37,1.63,2.2,2.4,3.32,4.57,6.13,3.48,4.41,0.94,1.04,3.61,3.88,3.21,3.07,3.62,3.15,3.32,3.26,2.95,4.01,4.85,2.98,5.57,6.18,1.97,2.57,1.94,2.14,2.4,1.94,2.43,2.49,2.81,4.58,2.13,2.36,2.44,2.62,2.46,2.99,2.21,3.16,3602.23669433594,39408.169921875,89261.2421875,103315.29296875,145713.265625,219474.5234375,292542.671875,148263.0390625,111439.16796875,51949.541015625,22051.6875,11003.619140625,7371.45068359375,7535.49462890625,4481.09033203125,2646.11450195312,2464571.5,2473977,173897.0546875,423288.046875,506607.65625,517364.65625,480972.03125,346345.65625,364396.78125,194539.234375,126960.52734375,136013.515625,60631.111328125,32448.5,20838.0458984375,16888.076171875,11953.2939453125,4638.17065429688,1921126.5,1918407.5625,2347981,2346285.5,64828.681640625,67747.41796875,174907.53125,218934.265625,207018.890625,174516.28125,108046.38671875,78291.9296875,63707.814453125,32800.7265625,21251.94921875,18693.0048828125,11714.9345703125,11564.5415039062,223579.0703125,269133.171875,317089,207772.8046875,171066.5,113914.01953125,108794.6484375,48035.064453125,32267.6240234375,15971.501953125,157924.28125,307159.28125,238035.953125,142377.7578125,127150.5625,104023.046875,87373.32421875,37764.15234375
"021225",2025-02-12 08:33:56.84,2025-02-12,8H 33M 56.84S,"Unknown","Aurora","U1629","Admin",1038,311,222,178,244,280,416,337,433,280,349,351,494,809,647,997,335,335,206,343,277,201,226,239,327,387,372,381,305,262,237,353,421,377,297,297,231,231,526,376,337,325,246,238,541,320,505,455,381,337,471,587,369,310,210,398,363,427,282,234,367,336,163,131,221,226,158,171,251,179,-42.025,-18.975,0,22.15,40.9,1.18,1,1.17,1.15,0.99,12.63,2.24,1.2,1.27,1.55,1.87,1.73,1.58,2.25,1.93,3.4,3.09,4.81,6.63,10.13,14.62,1.55,1.4,2.05,2.27,2.22,2.03,1.95,2.17,2.46,1.64,1.36,1.9,2.17,2.18,2.51,3.58,3.91,5.87,0.51,0.47,0.58,0.62,1.14,1.25,1.08,1.05,1.06,1.14,1.83,1.34,1.87,2.7,3.64,2.49,5.55,3.68,1.28,1.03,0.99,1.23,1.47,1.42,1.46,2.2,1.61,2.37,2.28,1.95,2.34,2.18,2.25,2.62,2.04,2.59,3553.208984375,38960.34375,88802.1953125,103098.1015625,147010.609375,220422.453125,294407.125,147118.390625,108603.234375,51301.3203125,21243.017578125,10744.7646484375,7250.75048828125,7330.51123046875,4651.08154296875,2754.36401367188,2461429,2459737.75,180218.71875,432659.1875,520731.4375,529118,491458.5625,351773.5625,370827.34375,197618.4375,130000.46875,136885.75,59917.5625,32145.591796875,20697.033203125,16830.587890625,12269.359375,4919.22802734375,1964160,1982602.25,2362936,2368711.25,66587.3125,68768.8515625,177104.578125,221781.125,210979.171875,175966.890625,106866.140625,78205.3984375,63464.42578125,32516.70703125,21631.857421875,19129.5390625,12149.802734375,12666.779296875,220472.03125,274579.15625,318824.46875,203475.8125,167558.515625,111439.3359375,106386.65625,47804.51953125,32875.6015625,16923.923828125,151218.21875,293227.59375,228894.75,140115.703125,127175.84375,105628.875,91187.8515625,41017.375
"012325",2025-01-23 08:57:24.27,2025-01-23,8H 57M 24.27S,"Unknown","Aurora","U1629","Admin",1010,301,213,171,236,269,395,324,410,269,332,331,476,800,640,998,330,330,204,339,273,199,223,237,324,383,366,380,300,253,237,362,430,389,298,298,231,231,531,372,334,325,246,238,541,317,507,460,391,347,483,609,363,310,212,401,358,425,284,242,378,351,162,130,218,226,162,177,259,186,-41.575,-19,0,21.975,40.725,1.18,1.01,1.16,1.15,1,11.84,2.9,1.92,2.4,2.23,2.86,2.97,2.75,2.71,3.27,3.86,3.68,4.21,7.15,10.9,10.41,0.91,0.53,2.24,2.24,2.25,1.94,1.77,1.85,1.97,1.52,2.38,2.14,2.26,2.18,3.19,4.2,3.46,8.42,1.07,1.6,0.56,0.68,2.12,2.53,2.63,2.56,2.22,2.17,2.69,1.96,2.53,3.78,3.86,3.86,4.89,5.36,1.87,1.88,2.04,2.1,2.23,2.43,2.32,3.16,2.73,4.73,2.52,2.6,3.06,2.97,2.93,2.69,3.29,2.74,3435.236328125,38655.62109375,87065.15625,102023.78125,145058.8125,218739.453125,285888.703125,145776.5625,106354.19921875,49953.6796875,20875.2431640625,10386.7016601562,7075.4169921875,7526.99682617188,4611.23852539062,2836.38598632812,2479531.5,2481534.625,179141.625,428660.015625,511433.515625,527406.40625,489822.5,349595.53125,368519.84375,195643.9453125,127081.390625,136699.1640625,59329.896484375,31623.2314453125,20832.51953125,17340.712890625,12524.6435546875,5168.25756835938,1944011.5,1954962.8125,2354997,2344744,65675,65937.1875,171070.7421875,215404.40625,205622.359375,171259.171875,103950.2890625,76080.34375,63039.07421875,31961.2265625,21494.87109375,19095.404296875,12004.7534179688,12432.216796875,216713.4921875,263417.140625,308049.375,199896,162264.828125,109446.125,105936.9609375,48757.330078125,33360.396484375,17161.0849609375,151423.375,289599.453125,223287.3984375,138784.765625,130138.72265625,108685.34375,92276.16015625,41941.671875
"012225",2025-01-22 08:24:26.31,2025-01-22,8H 24M 26.31S,"Unknown","Aurora","U1629","Admin",1012,302,214,171,236,269,395,323,407,266,329,328,476,815,655,1038,327,327,201,335,270,196,220,233,320,377,360,373,295,249,235,363,434,398,298,298,231,231,531,372,332,322,244,236,535,313,502,458,394,351,492,629,359,305,208,398,354,420,283,243,384,361,160,128,216,225,163,180,266,193,-41.65,-19.025,0,22,40.7,1.18,1.01,1.16,1.15,1,10.73,2.75,2.24,2.06,2.18,2.38,2.46,2.63,2.33,2.99,3.77,5.02,4.99,6.34,10.22,14.72,1.57,1.48,2.24,1.95,2.16,1.93,1.79,1.89,1.92,1.67,2.05,1.6,2.51,2.63,3.24,3.67,4.5,7.48,1.54,1.86,0.95,1.1,3.43,2.85,2.69,2.68,2.47,2.89,2.74,3.31,2.92,3.68,4.23,4.41,5.54,6.4,1.31,1.44,1.07,1.49,1.53,2,2.15,2.45,2.87,3.8,2.32,2.53,2.46,2.55,2.36,2.67,3.1,2.92,3477.14697265625,38573.12109375,87389.21875,101297.1640625,144546.109375,216817.609375,282862.59375,144910.6875,105799.6015625,49321.86328125,20494.470703125,10263.642578125,7075.98779296875,7663.8271484375,4668.23583984375,3029.85791015625,2467776,2459091,175179.5,422651.3125,503846.96875,517345.59375,480130.1875,342256.90625,360089.15625,193243.265625,124594.1640625,134090.203125,57554.375,31213.533203125,20641.1640625,17491.68359375,12637.7939453125,5217.9189453125,1923040,1924867.25,2350415,2330250,64919.02734375,65771.5546875,169570.46875,212046.03125,201327.09375,167539.140625,103569.7578125,73442.4375,61534.0234375,31906.7890625,21559.30859375,19256.337890625,12313.3037109375,12874.7763671875,209150.515625,253229.375,297599.53125,196700.296875,158197.703125,106813.2265625,103656.8203125,48325.4765625,33471.97265625,17410.9375,147588.453125,281183.4375,219531.078125,137894.703125,129790.9140625,110266.0390625,94824.9453125,43462.45703125
"012125",2025-01-21 09:25:47.87,2025-01-21,9H 25M 47.87S,"Unknown","Aurora","U1629","Admin",1015,303,214,172,237,270,397,326,411,269,336,335,483,812,647,997,327,327,202,336,271,197,221,235,322,380,360,375,300,254,238,363,429,384,298,298,231,231,532,373,335,325,244,237,545,319,512,464,394,350,484,604,360,303,207,401,358,429,286,242,377,346,167,133,224,231,164,178,261,186,-41.6,-19,0,22.025,40.775,1.18,1.01,1.16,1.15,1.01,14.35,1.97,1.73,1.63,2.07,1.78,2.06,2.39,1.92,2.31,2.69,5.1,5.35,5.57,10.45,17.57,1.28,1.39,2.49,2.13,1.98,1.8,1.72,2.13,1.81,1.86,2.26,1.85,2.43,2.89,3.51,3.67,3.68,7.61,1.17,1.62,0.93,0.9,2.57,2.31,1.61,1.98,2.21,2.38,2.79,2.35,2.86,3.56,3.65,3.59,4.83,5.36,1.43,1.53,1.54,2,2.44,1.96,2.08,2.69,3.55,3.25,2.21,2.7,2.59,2.62,2.6,3.05,2.81,3.83,3564.49877929688,38998.05078125,87863,102526.3984375,145898.796875,218368.140625,287399.65625,147013.203125,106323.4765625,49912.875,21096.26953125,10493.5419921875,7220.05859375,7636.42529296875,4682.0986328125,2876.35620117188,2467520,2465744.5,178171.8125,426647.625,513188.40625,520808.3125,487517.28125,348149.59375,367370.5625,197814.28125,126451.9609375,135654,59313.14453125,31829.173828125,20837.3046875,17400.529296875,12453.4150390625,5129.1630859375,1939144,1944692.625,2358353,2339164.5,65771.765625,67198.9921875,171210.125,216421.265625,203216.671875,170439,105346.640625,75598.265625,62977.01171875,31944.0390625,21679.09375,19140.380859375,12118.599609375,12587.8818359375,212195.9375,257669.40625,300432.84375,198225.046875,161202.640625,110769.9453125,105448.421875,48085.94140625,32868.70703125,16959.2890625,153390.609375,293873.4375,229039.5,141306.890625,131066.6171875,109236.828125,93224.203125,41784.98046875
"122424",2024-12-24 09:13:12.62,2024-12-24,9H 13M 12.62S,"Unknown","Aurora","U1629","Admin",993,297,208,165,227,259,382,315,404,264,330,335,476,792,631,947,324,324,201,337,270,196,220,233,322,383,367,376,302,259,236,356,418,365,299,299,226,226,527,376,341,332,250,244,558,324,520,461,390,342,471,574,371,319,216,408,369,436,287,237,366,328,167,134,226,230,160,172,247,172,-42.225,-19.45,0,22.1,41.125,1.18,1,1.16,1.15,1.01,16.56,4.02,3.6,4.04,4.18,4.52,4.33,4.03,3.63,4.34,5.01,5.15,6.98,10.98,13.76,19.78,4.74,4.74,2.68,2.58,2.91,2.52,2.54,2.39,2.57,2.55,2.57,2.34,2.69,3.59,4.9,4.76,6.45,10,2.43,2.4,2.42,2.33,4.78,4.15,3.21,3.39,3.69,3.42,4.38,3.62,4.41,7.06,5.71,5.67,9.13,8.25,1.91,2.26,2.21,2.14,2.52,3.06,2.61,2.82,4.72,5.98,3.42,3.77,3.6,4.28,3.66,4.28,3.58,4.14,3897.64514160156,40391.025390625,90328.9921875,104087.0234375,147965.765625,223291.40625,296837.84375,149448.59375,111228.48046875,50636.640625,21493.15234375,10955.2143554688,7357.3603515625,7795.10327148438,4662.498046875,2931.57446289062,2411182.5,2406687.75,177488.5234375,433609.75,514074.046875,525284.75,487906.4375,348210.71875,370361.1875,199025.5,127425.2734375,133990.0546875,59026.08203125,31840.5751953125,20491.9501953125,16902.5732421875,12193.9379882812,4822.2412109375,1980896.5,1996142.75,2352282,2342981.625,66794.6796875,68834.47265625,179181.28125,223807.078125,211848.9296875,176660.9609375,108513.1875,77192.9453125,64189.5390625,32670.5693359375,21645.89453125,19036.55859375,12010.4287109375,12162.359375,219133.3671875,254475.28125,289289.375,192104.921875,157809.9609375,106417.546875,101937.24609375,45799.853515625,31240.3681640625,15770.8598632812,152466.2265625,296416.796875,230432.5234375,140968.296875,127537.17578125,104748.41015625,87544.59375,38514.849609375
"122024",2024-12-20 08:16:50.67,2024-12-20,8H 16M 50.67S,"Unknown","Aurora","U1629","Admin",996,299,210,168,232,264,389,323,414,268,342,344,483,775,608,896,319,319,199,331,267,195,219,233,320,383,368,378,305,265,238,352,411,352,298,298,227,227,519,373,340,332,250,242,566,327,523,471,389,342,465,557,368,312,212,410,373,438,289,235,358,314,173,139,235,237,161,171,244,167,-41.8,-19.25,0,21.825,40.625,1.18,1.01,1.17,1.16,1.01,11.19,2.28,1.86,2.42,2.78,2.74,2.68,2.68,2.79,2.39,3.68,4.34,5.68,6.51,10.12,15.73,1.64,1.66,2.3,2,1.88,1.77,1.84,1.78,1.92,1.79,2.2,1.59,2.3,2.34,3.16,4.06,4.43,7.5,1.5,1.82,1.14,1.23,3.04,2.82,2.43,2.96,2.45,2.97,3.33,3.1,3.08,3.74,3.53,3.98,5.22,6.74,1.46,1.85,1.54,1.69,1.85,2.11,2.22,2.66,3.25,3.4,2.54,2.84,2.8,3.02,2.83,3.09,3.03,3.42,3607.67077636719,38671.01171875,87106.07421875,101507.9375,144634.234375,216069.375,286032.296875,147462.8671875,109437.96875,51001.201171875,21964.1748046875,11009.0659179688,7309.65356445312,7530.29809570312,4366.99194335938,2639.29650878906,2472567.5,2458402.625,175046.8046875,422676.421875,503156.953125,516230.4375,484738.671875,344852.9375,364172.453125,197848.359375,129180.18359375,137513.9375,60717.8125,32654.625,20816.740234375,16818.98046875,11918.9287109375,4641.22436523438,1920022.5,1913265.5,2330607.5,2315993.75,63664.359375,67058.21875,174671.1015625,217363.0546875,208199.1328125,172760.6015625,108300.3046875,77191.09375,63626.923828125,32439.91796875,21200.638671875,18665.0380859375,11566.234375,11355.0688476562,216648.421875,264172.1875,309731.328125,204448.421875,167534.9140625,112600.34375,106215.33203125,46825.658203125,31147.6806640625,15401.3466796875,158373.7890625,305580.46875,237590.1875,143961.796875,126408.0234375,102254.7265625,85434.08984375,36862.275390625
"121824",2024-12-18 08:26:55.38,2024-12-18,8H 26M 55.38S,"Unknown","Aurora","U1629","Admin",990,295,207,166,229,260,386,319,409,266,338,340,478,772,609,898,320,320,199,331,267,195,219,233,319,383,368,380,305,265,239,353,412,353,298,298,227,227,518,374,340,332,251,243,566,328,524,471,390,344,468,561,369,314,213,411,373,438,290,236,359,316,172,139,234,236,161,172,245,168,-41.675,-19.225,0,21.85,40.65,1.18,1.01,1.17,1.16,1.01,11.9,2.67,1.91,2.5,2.38,2.91,2.92,2.73,2.87,3.04,3.25,4.72,5.59,6.92,8.75,14.13,1.37,1.39,1.77,1.7,1.68,1.72,1.91,1.58,1.79,1.85,1.75,1.39,2,2.02,2.88,3.22,3.5,6.71,1.26,1.61,1,1.01,3.5,2.56,2.55,2.88,2.98,2.73,2.72,2.65,3.11,3.03,3.27,3.8,4.55,4.46,1.66,1.66,1.57,1.97,2.31,2.16,2.05,2.71,3.3,4.52,2.02,1.93,2.04,2.57,2.08,2.3,2.68,2.28,3522.85400390625,38681.08984375,86803.25,101573.203125,144872.9375,217964.1875,285666.875,148243,109975.8203125,51659.19921875,22097.529296875,11241.162109375,7262.90185546875,7473.95166015625,4464.158203125,2713.77734375,2467260,2463922.5,175197.15625,423599.5,505639.125,517517.15625,486416.625,346625.375,364955.78125,199103.59375,130001.8515625,138336.46875,61122.8046875,32763.79296875,21051.623046875,17030.578125,12068.6845703125,4694.962890625,1936120,1936157.125,2335817,2330500.25,64117.5703125,67496.4921875,175871.6875,218168.140625,209445.59375,174365.5,108988.0859375,77634.8125,63949.28125,32647.568359375,21446.263671875,18751.990234375,11730.8505859375,11572.2578125,219728.09375,271020.40625,314318.65625,207018.171875,169988.421875,113822.421875,107739.3359375,47277.4609375,31901.59375,15573.21875,159005.984375,311629.71875,240048.484375,144961.515625,128436.96875,105264.9765625,87199.1796875,37812.08203125
"121724",2024-12-17 09:06:42.56,2024-12-17,9H 6M 42.56S,"Unknown","Aurora","U1629","Admin",988,294,206,166,229,260,385,317,405,262,336,334,476,789,624,935,319,319,198,329,265,193,217,232,318,373,358,368,299,258,238,357,418,365,298,298,228,228,520,369,335,326,247,238,551,326,513,466,394,347,476,584,365,304,207,406,370,436,290,241,372,334,173,137,232,236,164,177,255,177,-42,-19.375,0,22,40.925,1.18,1,1.16,1.15,1.01,9.2,4.01,2.64,3.01,3.03,2.98,3.11,2.87,2.68,2.69,3.38,3.81,4.29,6.64,10.01,17.14,0.73,0.98,1.32,1.66,1.82,1.42,1.92,1.49,1.77,1.38,1.57,1.64,1.57,2.19,2.42,3.33,5.08,7.83,2.26,2.09,1.31,1.09,3.77,2.99,3.56,2.78,2.88,3.09,3.37,2.67,2.36,2.8,3.94,4.12,6.22,5.3,1.06,1.94,1.99,1.54,1.54,1.91,1.36,2.09,2.86,2.58,2.02,1.87,2.07,1.89,2.12,2.1,2.6,1.97,3677.25610351562,39802.3828125,89754.8359375,105020.078125,150255.515625,228206.703125,300638.5,153470.0625,113051.203125,51736.13671875,22311.275390625,11041.38671875,7274.03466796875,7441.4931640625,4394.115234375,2651.33520507812,2458629,2470090.25,175633.4375,425021.625,514951.34375,525338.5,492581.6875,353120.28125,372581.96875,196853.25,126370.9765625,136291.046875,59845.53125,32299.19921875,21077.53515625,17467.447265625,12391.666015625,4838.673828125,1840859,1850125,2346565,2335747,62193.3203125,64975.0625,166395.328125,209123.140625,196590.03125,163744.390625,101603.203125,74643.1640625,61044.25390625,31799.62890625,21046.01171875,18506.2578125,12130.005859375,11662.166015625,216370.8125,258336.734375,298031.84375,198448.75,163353.03125,109683.9375,105554.7421875,47961.94140625,32594.830078125,16289.5068359375,156676.671875,303344.28125,237120.359375,142687.09375,131021.6796875,107202.234375,90359.75,39549.359375
"121624",2024-12-16 08:58:27.72,2024-12-16,8H 58M 27.72S,"Unknown","Aurora","U1629","Admin",984,295,206,166,229,260,383,318,412,265,340,345,482,772,608,884,318,318,196,328,265,192,216,232,317,379,364,375,306,265,239,352,409,347,298,298,229,229,519,374,341,334,250,244,572,334,534,471,395,345,467,557,366,310,210,410,380,446,292,236,360,313,181,146,243,242,164,174,247,168,-41.6,-19.175,0,21.85,40.675,1.18,1.01,1.17,1.15,1.02,15.61,4.7,3.98,3.96,4.1,4.03,3.65,3.51,3.74,4.2,5.33,6.44,10.32,10.32,13.43,19.02,6.9,6.75,8.32,8.27,8,8.15,8.52,8.53,8.62,9.41,8.64,9.79,8.66,9.61,8.83,10.04,10.26,10.7,7.93,7.64,4.23,4.13,6.3,5.73,5.72,5.78,5.75,6.02,6.04,6.21,6.2,6.51,6.7,5.91,8.96,9.81,7.27,6.4,6.29,6.22,7,6.38,6.47,7.15,7.12,8.16,9.74,10.06,9.87,10.08,9.76,10.37,10.44,11.89,3226.1279296875,35446.1484375,80205.9765625,94075.6015625,134293.71875,204652.71875,270834.03125,139186.265625,105628.796875,47804.6484375,19751.447265625,9734.697265625,6247.66845703125,6125.86083984375,3560.02001953125,2161.5673828125,2348966,2356842.25,160776.625,391514.9375,476785.6875,486111.84375,450070,326434.1875,341973.6875,181920.5,117539.4609375,124620.8125,55067.9140625,29729.197265625,18754.29296875,15073.7265625,10691.3115234375,4099.29248046875,1648314,1652486.75,2140049,2143123.75,55020.99609375,57881.3203125,150523.9375,188704.4375,179182.65625,149599.984375,94708.0859375,68170.0390625,57343.76171875,28026.447265625,18497.435546875,16289.3330078125,10078.4697265625,9577.2646484375,181304.203125,216939.296875,251719.5,169020.21875,140547.296875,94517.2421875,89789.640625,38887.91796875,25952.85546875,12611.78515625,128315.640625,247043,191476,113810.46875,100603.21875,80182.984375,66316.453125,27692.0078125
"121124",2024-12-11 09:24:04.97,2024-12-11,9H 24M 4.97S,"Unknown","Aurora","U1629","Admin",966,291,205,164,227,259,381,314,407,264,338,340,478,768,601,876,314,314,196,329,263,191,215,231,318,377,360,373,304,261,238,350,408,347,297,297,229,229,517,371,341,335,250,243,572,336,533,476,394,344,467,561,368,310,211,413,379,444,291,237,360,313,178,145,241,242,164,174,248,169,-41.65,-19.25,0,21.875,40.725,1.18,1.01,1.17,1.15,1.02,12.84,3.36,2.62,2.6,2.73,2.87,2.85,3.15,3.19,3.13,3.18,4.76,4.44,6.78,11.15,10.13,1.16,1.36,2.13,1.87,1.86,1.77,1.64,1.49,1.53,1.64,2.07,1.58,1.78,2.15,3.1,3.6,4.14,7.15,2.6,3.32,0.91,0.76,3.57,3.45,3.48,3.24,3.21,3.34,3.39,3.15,3.02,3.21,3.42,4.65,5.6,4.76,1.68,1.41,1.52,1.81,1.9,1.61,1.82,2.55,2.82,3.93,2.48,2.67,2.82,2.42,2.43,2.54,2.74,3.06,3550.72216796875,39045.15234375,87973.734375,102367.0625,145803.7265625,219458.5234375,288055.625,147950.7421875,111353.859375,51519.478515625,22415.6435546875,11406.16015625,7429.08544921875,7546.123046875,4512.65869140625,2645.28784179688,2471645.5,2466418.75,174606.7890625,424229.578125,506748.875,517346.234375,484416.578125,348389.015625,370432.796875,198953.046875,127880.09765625,137796.0078125,60841.33203125,32787.3134765625,21290.6904296875,17033.5400390625,12123.2885742188,4700.95190429688,1927983,1928316.0625,2361965.5,2367158.5,64548.775390625,66845.69921875,176064.625,222373.609375,209975.984375,174494.46875,111267.46484375,79508.94140625,65224.505859375,33364.400390625,21533.9912109375,18782.2568359375,11805.9951171875,11580.3071289062,219340.4921875,263798.15625,304451.40625,209317.90625,171194.4140625,115508.64453125,108516.98828125,47868.50390625,31784.509765625,15510.9853515625,165207.875,320673.078125,249242.90625,148891.1484375,130671.09375,105181.8359375,88137.33203125,37831.361328125
"121024",2024-12-10 08:54:52.37,2024-12-10,8H 54M 52.37S,"Unknown","Aurora","U1629","Admin",964,289,200,160,223,253,369,307,392,250,315,319,453,744,603,933,317,317,197,329,263,192,215,231,315,370,352,360,294,247,229,346,410,371,295,295,229,229,519,370,334,326,244,237,545,318,505,456,381,338,471,594,357,297,202,389,354,418,278,230,360,333,166,134,223,230,160,173,253,181,-42.05,-19.425,0,22.025,41.09999,1.18,1.01,1.16,1.15,1.03,12.83,3.94,3.26,3.16,3.32,3.33,3.33,3.26,2.97,4.1,3.52,4.24,5.52,7.21,8.94,15.72,1.26,1.09,1.36,1.36,1.52,1.35,1.19,1.32,1.21,1.16,1.3,1.37,1.3,1.95,2.16,2.7,3.79,5.42,3.74,4.07,0.93,1.1,3.4,3.72,3.47,3.12,3.77,3.34,3.01,3.66,3.38,3.33,3.85,4.88,6.13,5.14,1.75,1.74,2.05,2.01,1.94,1.92,2,1.98,2.6,3.61,2.01,2.05,2.17,2.25,2.14,2.24,2.38,2.24,3683.08862304688,39803.2734375,88774.8203125,102812.4609375,146787.59375,218803.03125,289753.8125,148759.875,110596.203125,49787.26953125,21341.50390625,10778.388671875,7026.23291015625,7433.474609375,4461.630859375,2828.1650390625,2464296,2466954.5,175486.140625,423245.21875,504804.03125,520762.5625,484360.90625,347891.40625,366123.90625,194163.71875,124448.140625,131408.28125,57995.29296875,31212.796875,20378.9609375,16756.701171875,12117.5927734375,4876.7333984375,1821442,1834626.375,2351870,2342508.25,63103.52734375,65173.50390625,167652.25,212995.328125,197234.640625,165761.6875,102801.3671875,73463.65625,60820.0859375,30887.90625,20716.865234375,18129.4296875,11544.3798828125,11940.849609375,210599.875,246052.734375,282824.53125,189167.234375,156285.046875,106079.4140625,101009.671875,45596.09765625,31297.78515625,16144.423828125,152324.90625,295915.40625,227430.78125,139384.8125,126756.8515625,104259.796875,89490.171875,40338.7734375
"120424",2024-12-04 09:24:17.58,2024-12-04,9H 24M 17.58S,"Unknown","Aurora","U1629","Admin",947,284,200,160,222,252,368,305,391,253,323,324,456,742,596,900,316,316,197,329,263,192,216,230,317,376,355,366,298,253,232,346,407,360,298,298,228,228,519,371,336,330,247,240,558,324,513,459,385,338,466,577,362,305,206,399,364,429,284,232,360,325,170,137,229,234,160,172,248,175,-41.65,-19.275,0,21.75,40.725,1.18,1.01,1.17,1.15,1.03,13.88,2.85,2.46,2.61,2.32,2.45,2.71,2.74,2.8,3.01,3.46,4.23,5.89,6.14,8.58,16.94,1.53,1.21,2.12,1.87,2.17,1.99,1.98,1.82,2.06,1.93,2.37,1.83,2.56,2.41,3.13,4.48,4.83,6.94,2.28,2.74,0.85,1.26,2.97,2.65,2.26,2.36,2.42,2.68,3.31,2.82,2.89,3.06,3.72,4.33,5.41,5.14,1.79,1.85,1.73,2.49,3.12,2.83,2.4,3.14,3.12,4.28,2.62,2.88,2.69,2.66,3.11,3.13,3.26,2.97,3497.62890625,38538.1015625,87706.9765625,102055.15625,145928.078125,217858.0625,288222.53125,146477.203125,108397.234375,50327.76171875,21718.84375,10850.7509765625,7205.00537109375,7400.39111328125,4562.95703125,2779.8759765625,2488382,2471101.75,176839.15625,425463.84375,508919.3125,523935.40625,486942.96875,349336.8125,372466.28125,200000.65625,127580.6015625,135288.390625,59679.1796875,32200.9140625,20833.947265625,16670.578125,11972.17578125,4885.77880859375,1929871,1933433.125,2357659,2359546.25,64345.48046875,66668.125,174031.28125,219614.375,206292.625,172746.609375,107270.09375,76485.359375,62521.734375,32197.23828125,21147.935546875,18524.966796875,11778.388671875,11899.4482421875,217067.59375,261407.328125,304619.5625,200336.59375,164332.203125,111577.8828125,105818.921875,46668.05859375,31559.923828125,15946.767578125,153840.5625,299849.9375,230131.765625,140418.8125,125403.9296875,102716.265625,86508.2265625,38730.69921875
"112724",2024-11-27 09:36:11.38,2024-11-27,9H 36M 11.38S,"Unknown","Aurora","U1629","Admin",962,289,202,162,224,255,374,306,389,253,319,320,465,801,647,1009,311,311,194,327,262,189,213,227,309,364,348,360,289,245,233,363,431,393,298,298,227,227,515,367,331,324,245,238,545,319,502,467,404,361,505,638,358,304,206,398,361,424,287,249,392,364,166,132,221,232,168,185,271,195,-42.175,-19.575,0,22,41.125,1.18,1.01,1.16,1.14,1.03,12.27,4.22,3.6,4.02,4.02,4.14,3.68,3.55,3.62,4.03,3.91,4.61,5.65,7.78,9.77,13.94,1.31,1.2,1.42,1.39,1.79,1.53,1.42,1.42,1.47,1.16,1.59,1.44,2.08,2.27,3.24,3.13,4.25,5.62,5.09,4.24,1.34,1.57,3.91,3.3,3.85,3.29,3.64,3.29,3.77,3.6,3.11,4.04,3.65,4.77,5.57,5.72,1.26,1.68,1.5,1.42,1.95,2.3,1.86,2.11,2.68,3.57,2.7,3.01,2.7,2.71,3.13,3.22,3.34,3.64,3578.30895996094,39725.81640625,89163.05078125,103115.6953125,147704.8671875,220559.8984375,293030.3125,146929.9765625,109200.09375,50452.80859375,21437.51953125,10720.4038085938,7194.90283203125,7896.13598632812,4844.65576171875,3022.48095703125,2470365,2462909.25,173594.3203125,426135.0625,504223.78125,516078.921875,483253.28125,344304.984375,362245.515625,193556.09375,123928.76171875,132954.9375,57152.927734375,30907.7841796875,20655.056640625,17438.9912109375,12711.9521484375,5226.7724609375,1864879,1866682.75,2333959,2318523,62940.935546875,64561.328125,166365.9609375,209596.546875,198005.078125,166003.8671875,102862.05078125,73687.35546875,60314.96875,31771.73828125,21783.4267578125,19370.16796875,12578.5971679688,12902.3818359375,210072.8984375,247454.3515625,286602.734375,191404.984375,155843.0078125,105918.49609375,102885.421875,48716.525390625,33544.04296875,17356.294921875,150261.546875,284557.28125,222111.796875,139602.546875,131307.796875,110166.05859375,94756.74609375,42974.947265625
"112524",2024-11-25 09:14:35.82,2024-11-25,9H 14M 35.82S,"Unknown","Aurora","U1629","Admin",964,288,203,162,224,256,373,310,398,257,324,325,464,753,598,904,306,306,190,321,257,186,209,223,308,366,351,359,291,245,226,341,400,352,297,297,228,228,516,371,336,327,246,241,551,324,513,463,386,338,467,575,366,309,209,401,366,425,284,234,360,324,166,134,224,229,159,171,248,173,-41.65,-19.325,0,21.775,40.675,1.18,1.02,1.17,1.15,1.02,14.13,3.05,3,3.32,3.38,3.76,3.68,3.73,3.56,3.78,3.61,4.37,4.92,6.51,8.69,17.76,1.71,1.72,2.6,2.65,2.82,2.52,2.46,2.33,2.4,2.4,2.62,2.52,3.02,2.77,4.15,4.46,4.9,6.94,3.31,4.29,1.13,1.42,4.11,3.96,3.98,4.12,4.19,4.07,3.92,3.99,4.02,3.87,4.2,4.79,5.4,6.57,2.63,2.41,2.52,2.39,2.44,2.57,3.19,2.79,3.61,4.58,2.73,2.86,2.94,3.28,2.85,2.79,3.43,3.25,3497.64428710938,38418.10546875,86943.7578125,100718.64453125,143705.90625,218049.390625,284368.375,146349.8203125,108950.27734375,50185.296875,21448.865234375,10620.8662109375,7188.009765625,7328.01123046875,4433.05224609375,2648.84155273438,2459676.5,2462169.75,174332.2734375,425783.984375,505035.34375,516892.34375,484561.796875,347846.265625,369241.21875,196658.6953125,128185.1953125,136786.3984375,59631.73828125,31974.1884765625,20742.0556640625,16979.08984375,11990.0908203125,4831.1396484375,1923022.5,1920371.3125,2373557,2368331.375,64015.009765625,66352.796875,173486.9765625,216948.4453125,205008.8515625,171951.34375,105210.1171875,76649.8125,62753.029296875,32063.5859375,21007.880859375,18523.5341796875,11751.296875,11785.0400390625,217588.3984375,259997.140625,301804.75,198959.8125,163479.2421875,109302.4375,104436.80078125,46604.123046875,31439.42578125,15743.189453125,152548,294121.984375,225638.90625,137614.421875,124232.25390625,102117.53515625,87295.90234375,38259.9609375
"112224",2024-11-22 08:31:35.65,2024-11-22,8H 31M 35.65S,"Unknown","Aurora","U1629","Admin",964,292,204,163,227,256,372,299,375,250,298,297,455,916,795,1455,310,310,195,328,260,188,208,223,302,345,337,351,268,222,227,413,529,556,297,297,226,226,504,359,313,300,232,227,504,286,446,439,428,406,616,892,334,299,205,375,332,390,278,287,496,527,134,108,187,207,174,211,332,272,-41.9,-19.45,0,21.825,40.825,1.18,1.01,1.17,1.15,1.03,12.43,3.42,3.06,3.66,3.62,3.77,4.27,3.9,4.04,3.94,4.8,5.65,6.74,7.35,9.26,16.96,1.8,1.26,2.07,2.13,2.43,2.24,2.17,2.36,2.35,2.31,2.3,2.15,2.44,3.16,3.49,4.2,4.56,6.34,4.54,4.42,1.22,1.21,3.9,3.38,3.69,3.35,3.7,3.48,3.57,3.4,3.59,3.52,3.9,3.98,4.78,5.9,2.09,2.42,2.19,2.13,2.44,2.88,2.8,2.99,4.02,4.12,2.65,2.81,2.73,2.9,2.74,3.14,2.93,3.45,3474.03894042969,38976.78125,88194.86328125,102026.453125,145938.6875,218414.3671875,287393.53125,141546.4921875,102934.68359375,49387.15234375,19657.271484375,9719.73681640625,7112.0244140625,9020.11865234375,5982.00146484375,4451.439453125,2484531.5,2464470.5,175365.7109375,426314.5,504640.90625,512581.96875,471581.65625,342023.65625,354890.421875,185013.40625,121701.40625,130943.7109375,54361.095703125,28289.8720703125,20530.7275390625,20361.5361328125,15819.6875,7585.17431640625,1895410.5,1886304.1875,2347497,2340597,61469.80078125,63057.228515625,157594.9765625,194951.0234375,189092.8203125,160308.6328125,96007.96484375,67306.8125,54547.1171875,30181.4169921875,23223.1708984375,22233.15625,15375.5844726562,18260.5107421875,197664.65625,251148.4921875,296901.4375,186725.7578125,149284.0546875,99748.171875,102223.41015625,57508.5859375,43545.91796875,25803.5400390625,125909.359375,233883.015625,185148.84375,125673.72265625,137300.5078125,127340.44921875,118033.171875,60416.61328125
"112024",2024-11-20 09:05:31.78,2024-11-20,9H 5M 31.78S,"Unknown","Aurora","U1629","Admin",958,285,200,160,222,251,367,307,392,253,320,323,466,782,624,951,308,308,192,325,258,187,211,225,307,367,347,361,291,247,232,356,420,372,301,301,227,227,523,369,338,329,247,239,556,326,515,472,403,356,496,617,365,307,209,402,366,436,290,247,386,352,170,136,227,236,167,181,263,187,-41.8,-19.425,0,21.825,40.75,1.18,1.01,1.17,1.15,1.03,12.45,3.56,3.18,3.38,3.57,3.82,3.88,3.71,3.68,3.8,3.64,3.7,5.09,7.31,9.99,15.13,2.09,1.85,2.34,2.43,2.37,2.32,2.25,2.38,2.34,2.45,2.04,2.12,2.79,3.13,3.59,3.76,4.34,7.5,4.74,4.67,1.44,1.43,3.86,3.15,3.52,3.63,3.76,3.54,3.53,3.39,3.91,4.03,3.57,4.48,5.4,5.72,1.55,2.06,2.16,2.26,2.11,2.43,2.1,2.36,2.97,3.66,2.55,2.42,2.8,2.51,2.82,2.56,2.59,3.1,3602.06225585938,38729.306640625,87260.4375,101724.40234375,144940.21875,214365.21875,285722.671875,146610.6796875,109353.61328125,50269.701171875,21340.5146484375,10764.6142578125,7286.85131835938,7783.77026367188,4625.12622070312,2865.76647949219,2482549,2453195.75,172296.625,422604.34375,500302.296875,508045.953125,479686.59375,340871.25,357590.15625,195809.84375,124560.90625,134296.640625,58407.79296875,31469.2236328125,20932.2998046875,17488.8662109375,12523.5893554688,4999.91357421875,1896294.5,1895389.4375,2338476,2333246.625,63685.091796875,65438.181640625,169666.15625,213848.109375,201027.5,168804.390625,105217.24609375,75969.51953125,62004.44140625,32535.1904296875,21725.0263671875,19309.287109375,12385.0834960938,12503.0947265625,210984.296875,255393.40625,297520.3125,198133.3515625,160798.328125,108670.95703125,104915.94921875,48594.634765625,33203.150390625,16815.2890625,153451.96875,296988.890625,227142.4140625,141216.796875,131119.3671875,107996.29296875,92031.88671875,41288.49609375
"111924",2024-11-19 08:44:43.32,2024-11-19,8H 44M 43.32S,"Unknown","Aurora","U1629","Admin",935,282,198,159,220,250,363,301,379,243,305,309,447,767,633,1010,311,311,194,325,260,188,211,225,308,361,341,351,281,236,224,351,421,393,301,301,227,227,512,366,328,318,240,230,525,309,489,448,387,348,490,639,349,297,201,383,345,406,277,240,382,365,155,126,207,220,161,178,265,195,-41.9,-19.4,0,21.875,40.95,1.18,1.01,1.17,1.15,1.03,13.11,3.27,1.94,2.55,3.17,2.77,2.77,2.94,2.92,2.74,2.96,4.89,4.88,8.65,6.83,14.35,1.35,1.14,3.77,3.02,3.41,3,2.67,2.34,2.52,3.18,2.74,2.59,2.55,3.8,3.68,4.67,4.28,5.58,2.81,3.57,0.8,1.06,3.4,2.98,2.9,3.26,2.79,2.39,3.38,2.95,2.96,2.45,3.53,4.51,6.04,8.31,2.17,1.92,2.27,2.28,2.26,2.41,2.52,3.58,1.94,4.58,1.86,2.2,2.01,2.35,2.22,2.62,2.47,2.68,3629.93579101562,38378.591796875,86380.734375,101555.1328125,144317.4765625,215453.734375,284101.96875,144228.125,105449.03515625,47680.982421875,20057.25390625,10027.2504882812,6920.68188476562,7673.95068359375,4682.248046875,3095.98547363281,2492209,2459703.75,177498.9296875,430270.40625,515077.203125,521877.015625,488695.3125,347423.375,367916.859375,194040.515625,124672.609375,131846.703125,56903.16015625,30433.7314453125,20297.7265625,17381.21484375,12767.0522460938,5288.27758789062,1949780.5,1949829.875,2341234.5,2340311.75,64027.02734375,66502.7578125,171308.7265625,211644.3359375,201825.828125,167152.53125,100348.77734375,73470.71875,59792.49609375,31422.44140625,21331.2880859375,19115.6953125,12433.353515625,13336.443359375,205830.265625,247597.7734375,282716.421875,185968.921875,151467.328125,101971.6015625,99706.34375,47178.0390625,32793.568359375,17576.9921875,142469.0078125,275201.40625,210490.1328125,133241.1171875,128397.8515625,108599.19921875,95071.29296875,44218.76953125
"111524",2024-11-15 09:09:32.09,2024-11-15,9H 9M 32.09S,"Unknown","Aurora","U1629","Admin",929,280,195,157,218,248,361,300,389,251,318,323,453,733,584,866,306,306,190,321,256,186,208,222,305,366,354,365,293,248,226,340,398,344,294,294,227,227,519,371,339,329,250,245,558,329,521,467,389,342,469,570,372,317,215,406,373,437,289,236,363,322,168,136,228,231,160,171,246,171,-41.775,-19.45,0,21.8,40.825,1.18,1.02,1.17,1.15,1.03,12.2,3.44,3.16,3.59,4.04,3.7,4.29,4.52,4.21,4.3,4.72,5.18,6.39,8.13,9.81,16.18,1.9,1.17,2.78,3,2.67,2.78,2.1,2.78,2.52,2.09,2.73,2.22,2.7,3.34,3.31,4.36,5.44,7.96,2.49,3.4,1.5,1.5,3.95,2.99,3.49,4.15,4.3,4.4,4.33,4.07,3.4,3.86,4.37,4.88,6.27,7.2,2.01,2.09,2.15,2.29,2.21,2.65,2.29,2.9,3.3,3.54,2.34,2.75,3.04,2.57,2.53,2.99,3.16,3.21,3458.9296875,38483.0625,85767.4609375,100593.3125,143065.078125,215701.578125,283205.125,144812.65625,109894.140625,50964.81640625,21906.41796875,10885.63671875,7257.78857421875,7398.99658203125,4397.654296875,2663.20971679688,2474380,2470330.75,176675.765625,432464.59375,512873.90625,525511.75,487160.40625,349075.96875,370717.40625,199263.21875,131561.734375,139656.921875,61096.66015625,32701.91015625,21005.0390625,16919.58984375,12110.77734375,4825.62109375,1915383,1912495.25,2338103,2338919.25,64527.53125,66851.1796875,173616.78125,219411.140625,208612.625,175944.34375,107060.0546875,78616.640625,63974.55859375,32546.435546875,21327.41796875,18748.171875,11766.501953125,11772,219589.984375,265559.5625,312487.5,202554.546875,168522.75,112914.890625,106746.5,46938.26171875,31874.923828125,15872.29296875,154859.234375,301655.625,233225.8125,140921.21875,127095.4921875,103257.875,87187.375,38055.78515625
"111324",2024-11-13 08:42:01.41,2024-11-13,8H 42M 1.41S,"Unknown","Aurora","U1629","Admin",955,285,198,158,219,250,363,304,392,255,321,326,456,736,583,866,302,302,189,317,253,185,208,222,303,363,350,362,293,247,225,339,395,342,293,293,225,225,516,371,335,327,249,243,560,327,516,468,387,339,463,562,367,313,212,404,370,435,289,235,360,320,169,136,230,233,159,170,243,168,-41.8,-19.475,0,21.8,40.75,1.18,1.02,1.17,1.16,1.02,11.3,1.9,2.18,2.45,1.85,2.93,3.02,3.23,3.26,3.3,3.82,3.1,6.54,5.68,10.39,15.1,1.65,0.69,2.38,2.62,2.74,2.41,2.55,2.24,2.3,2.2,2.1,2.53,1.91,2.78,3.41,3.3,3.94,6.6,0.89,0.88,1.05,0.88,1.88,2.18,1.82,2.38,2.55,2.73,2.88,3.15,3.18,3.5,3.5,3.93,4.85,5.11,1.13,0.73,0.84,1.01,1.42,1.87,2.09,2.74,3.93,3.14,1.95,2.26,2.78,2.77,1.99,2.82,2.54,3.62,3474.56860351562,38917.31640625,86954.71875,101314.2734375,144007.9921875,216819.2265625,286310,146969.6953125,111055.48046875,51827.96484375,21994.8984375,11124.1904296875,7205.49169921875,7294.58032226562,4470.859375,2670.85217285156,2470400,2482818.75,179946.9296875,429893.03125,517269.984375,528966.90625,496146.15625,355901.09375,373240.671875,203146.421875,133427.53125,142001.453125,62130.697265625,33195.841796875,21397.3896484375,17558.31640625,12312.2958984375,4865.05541992188,1942341,1952924.75,2370431.5,2377835.375,65754.8984375,68019.66015625,174415.1484375,220889.4453125,211991.8984375,178076.7421875,109734.48828125,79681.24609375,65593.732421875,33393.07421875,21838.7451171875,18837.91796875,11920.1743164062,11889.8447265625,222226.8828125,275479.796875,323048.921875,207988.3984375,171114.265625,113533.17578125,108951.7421875,48043.296875,31895.0439453125,16118.5122070312,157490.5703125,308727.59375,240721.7421875,145225.65625,128834.078125,105530.01171875,88245.85546875,38596.8515625
"111224",2024-11-12 09:18:09.9,2024-11-12,9H 18M 9.9S,"Unknown","Aurora","U1629","Admin",935,281,198,158,218,248,361,298,377,243,306,311,450,772,630,1001,301,301,189,317,253,183,204,218,298,349,329,346,277,231,221,350,419,388,292,292,224,224,517,366,328,317,239,232,536,307,484,453,395,355,498,643,348,294,201,387,346,411,281,245,388,368,159,126,209,224,163,181,267,196,-42.075,-19.55,0,21.925,40.975,1.18,1.02,1.16,1.15,1.03,13.74,3.13,3.05,3.55,3.47,3.73,3.62,3.56,3.89,4.08,4.59,4.31,5.45,7.14,9.74,14.47,2.04,1.73,2.39,2.45,2.46,2.27,2.21,2.18,2.24,2.21,2.35,2.54,2.73,3.22,3.18,3.87,4.9,7.99,4.32,4.35,1.34,1.31,3.64,3.07,3.08,3.07,3.26,3.16,2.98,2.69,2.62,3.48,4.05,3.66,5.68,5.19,1.44,1.74,1.77,1.86,2.01,2.44,2.46,2.72,3.26,3.87,2.63,2.75,2.81,2.9,2.84,3.12,3.43,3.18,3399.06628417969,37463.74609375,84516.46875,98175.515625,138854.4921875,208204.3828125,275203.71875,140091.546875,103248.3359375,47588.447265625,20134.55859375,10159.853515625,6962.1005859375,7574.53979492188,4665.35815429688,3073.62414550781,2490933.5,2453447.75,172789.453125,414549.78125,496805.234375,504613.25,468770.53125,336573.953125,351188.328125,189139.5546875,120632.55078125,129765.12890625,56724.0234375,29848.814453125,20289.080078125,17348.3369140625,12672.5024414062,5332.85864257812,1816665,1807479.4375,2319276.5,2284166.375,62457.974609375,64152.494140625,164605.5546875,203041.3125,191506.1875,161954.4921875,100755.43359375,70763.88671875,58170.759765625,30765.9736328125,21051.3369140625,18964.8271484375,12186.5712890625,12918.3364257812,199465.34375,243970.5546875,285471.046875,188685.90625,151874.4453125,103326.25,100714.984375,47911.759765625,33245.68359375,17499.5,144097.28125,270064.140625,208759.1171875,133757.96875,126935.33203125,107633.046875,93483.921875,43215.1640625
"110824",2024-11-08 08:52:23.18,2024-11-08,8H 52M 23.18S,"Unknown","Aurora","U1629","Admin",935,278,197,157,217,247,362,302,387,249,315,319,453,736,578,863,301,301,188,317,251,184,206,220,305,361,342,358,287,246,223,336,390,339,298,298,227,227,524,372,338,330,248,240,561,324,519,461,386,340,464,564,364,310,210,405,366,433,285,234,358,317,170,137,229,231,159,170,244,169,-41.95,-19.525,0,21.825,40.90001,1.18,1.02,1.17,1.15,1.04,12.38,2.12,1.23,1.63,1.57,1.78,1.83,2.35,2.1,2.9,2.65,3.98,4.49,4.71,9.23,18.92,1.29,1.13,1.74,1.57,1.82,1.52,1.43,1.44,1.59,1.57,1.46,1.48,2.34,2.71,2.3,3.94,5.1,8.46,0.55,0.66,0.57,0.62,1.11,1.69,1.49,1.73,1.63,1.89,2.09,1.67,1.68,2.53,2.62,3.42,4.11,4.92,1.22,0.99,0.75,1.47,1.28,2.09,1.73,1.92,2.91,4.3,2.46,2.99,2.99,2.95,2.61,2.83,2.92,3.63,3542.51208496094,38901.310546875,89145.0078125,102840,145777.0078125,220994.4453125,290401.421875,149188.703125,112123.46484375,51016.095703125,21874.814453125,10896.0639648438,7216.67016601562,7349.6240234375,4312.57348632812,2628.45666503906,2469893,2473849.375,178611.140625,430109.234375,513077.515625,526097.53125,490742.578125,352163.359375,376544.4375,200265.8203125,129720.51171875,139083.546875,60634.0078125,33105.1484375,21021.9765625,17020.5244140625,12114.1655273438,4774.72802734375,1963824,1976810.6875,2360078.5,2374401.125,66857.7578125,67984.61328125,177024.6484375,223859.953125,212344.359375,176724.6875,109713.0546875,78511.6171875,65405.796875,32793.20703125,21562.8466796875,18953.5576171875,12041.6411132812,12008.5810546875,219711.0078125,270551.359375,315003.609375,207235.7265625,169211.671875,113678.2734375,107229.3515625,47556.884765625,32088.798828125,15868.3657226562,159165.609375,310727.140625,237819.3359375,144331.609375,127956.5078125,105394.65625,87637.44921875,38403.12109375
"110624",2024-11-06 08:46:17.39,2024-11-06,8H 46M 17.39S,"Unknown","Aurora","U1629","Admin",925,276,195,156,215,245,360,300,386,249,317,321,452,732,572,843,297,297,186,314,249,182,204,218,303,359,342,358,288,245,223,335,387,333,298,298,227,227,523,372,339,332,250,242,565,328,523,464,388,341,462,557,367,313,214,409,371,439,288,235,358,314,172,138,232,233,159,170,242,167,-41.95,-19.55,0,21.775,40.90001,1.18,1.02,1.16,1.15,1.04,9.73,1.25,1.31,1.73,1.8,2.19,1.99,2.45,2.4,2.16,2.14,3.8,4.8,3.83,9.8,10.9,1.27,1.2,1.3,1.97,2.06,1.83,1.92,2.14,1.8,1.12,1.11,1.5,1.53,1.59,2.65,4.31,4.2,8.34,0.6,0.44,0.73,0.69,1.93,1.21,1.46,1.4,1.15,1.47,2.96,1.38,1.74,2.7,3.12,2.73,5.7,5.34,0.87,1.17,0.75,1.11,1.32,1.55,1.64,1.99,2.1,3.16,1.37,1.34,1.86,1.92,1.9,1.85,1.78,2.78,3487.88366699219,38907.201171875,87468.7734375,102272.03125,145095.5859375,218584.1875,290045.265625,147864.140625,110239.61328125,51206.650390625,22293.4814453125,10943.2973632812,7389.98510742188,7625.03002929688,4545.5693359375,2616.72827148438,2469643,2472054.25,175794.6796875,426355.84375,507403.328125,519858.765625,486589.96875,349196.25,372056.109375,200193.171875,129202.9140625,139426.9609375,61160.951171875,33060.306640625,21236.9423828125,17073.8408203125,12082.6782226562,4657.63623046875,1960365,1978435.75,2358301.5,2362503.875,66563.25390625,67391.1484375,176225.53125,222436.2421875,212402.140625,177055.3125,110998.22265625,79399.16796875,65203.05078125,32819.294921875,21697.8251953125,18948.5478515625,12004.4340820312,11641.7045898438,221903.8515625,270832.390625,319925.015625,210620.5546875,171807.53125,116134.59375,109677.41796875,48438.47265625,32465.275390625,15948.6982421875,163786.7109375,318180.8125,247253.3515625,147569.71875,130656.45703125,107102.89453125,89042.953125,38875.9453125
"110524",2024-11-05 09:45:58.03,2024-11-05,9H 45M 58.03S,"Unknown","Aurora","U1629","Admin",923,274,194,155,214,243,357,298,384,248,316,320,453,735,576,850,296,296,185,313,248,181,203,217,302,359,341,358,288,245,223,336,387,333,299,299,226,226,523,372,340,333,251,244,570,329,527,467,391,344,466,562,368,313,214,412,374,441,290,237,360,316,174,140,234,236,161,172,245,168,-41.85,-19.45,0,21.75,40.75,1.18,1.02,1.16,1.15,1.05,8.73,3.17,1.68,1.99,2.3,2.1,2.14,2,2.17,2.5,3.07,4.22,4.51,6.69,8.14,17.31,1.42,1.29,1.47,1.42,1.87,1.53,1.38,1.25,1.49,1.05,1.31,1.07,1.48,2.36,2.99,3.8,4.34,7.09,2.18,2.35,0.9,0.95,3.43,3.54,3.54,3.68,3.34,3.31,3.98,3.01,2.7,4.2,4.98,4,4.57,6.14,1.23,1.22,1.22,1.28,1.66,1.88,1.78,2.42,2.72,3.52,2.32,3.01,2.88,3.32,2.92,3.05,2.89,3.71,3697.09777832031,39323.8359375,89197.3359375,103104.6015625,146605.515625,220430.1796875,292889.640625,150873.6015625,112703.3671875,52461.84765625,22527.6259765625,11403.0649414062,7555.75048828125,7775.74145507812,4539.29638671875,2739.9931640625,2457425.5,2469490.5,176022.3125,427737.40625,508830.390625,519570.109375,487437.40625,350520.3125,373407.765625,201163.9375,129836.828125,139539.0390625,61150.00390625,32969.58203125,21378.0654296875,17340.40625,12193.6328125,4729.41162109375,1952541.5,1969646.1875,2368314.5,2367921.875,65886.87890625,67459.93359375,177015.125,222608.6171875,211101.7421875,176328.421875,109425.00390625,79273.46875,65535,32811.873046875,21647.7421875,18893.384765625,11871.2001953125,11651.861328125,221163.6640625,268740.796875,316230.21875,208597.0546875,171468.921875,114882.8828125,109256.03515625,48412.001953125,32032.224609375,15828.9594726562,163745.0625,315338,242741.7578125,146928.8828125,130650.72265625,106757.578125,88820.62109375,38413.06640625
"103124",2024-10-31 08:45:08.38,2024-10-31,8H 45M 8.38S,"Unknown","Aurora","U1629","Admin",923,275,195,155,215,244,358,299,385,249,317,321,453,734,573,842,292,292,183,309,245,179,201,215,298,355,338,354,285,243,221,331,383,328,299,299,226,226,522,371,338,331,250,243,567,329,524,465,389,342,463,556,369,314,213,413,373,441,290,236,359,314,173,140,234,235,161,171,244,167,-41.9,-19.55,0,21.775,40.875,1.18,1.02,1.17,1.15,1.04,14.6,3.85,3.27,3.61,4,4.08,4.46,4.44,4.59,4.68,5.22,5.6,6.8,8.17,12.15,19.3,4.08,3.83,4.23,3.98,3.99,3.68,3.49,3.46,3.4,3.46,4,3.68,3.87,4.76,4.82,5.24,5.55,10.13,6.24,6.43,2.43,2.58,4.76,4.6,4.64,4.89,4.98,4.83,4.98,4.86,4.56,5.56,5,5.41,7.15,6.83,1.97,2.59,2.26,2.3,2.6,2.28,2.81,3.01,3.83,4.04,2.73,3.5,3.21,3.55,3.26,3.62,3.51,3.88,3649.18432617188,38565.39453125,87340.578125,101386.4609375,144732.765625,216226.921875,286623.375,147798.421875,110358.1484375,51398.76171875,22316.453125,11226.6201171875,7484.1611328125,7616.80029296875,4471.2490234375,2768.58740234375,2422353,2417817.5,173755.578125,423835.625,503396.53125,514203.09375,483645.625,347179.75,366052.53125,198620.09375,128717.5546875,140054.46875,60616.2890625,33217.41796875,21151.625,17038.248046875,12151.8076171875,4721.72705078125,1933993,1941713.5,2351993,2354513.5,65678.3125,67063.140625,174853.28125,220645.5625,210997.078125,175728.765625,110096.1171875,79235.6015625,64637.45703125,33029.9453125,21479.779296875,18883.037109375,11698.7197265625,11609.8974609375,217635.578125,270243.5,313798.71875,209710.03125,171292.109375,113813.375,108318.0625,47602.0703125,31913.587890625,15548.7275390625,160743.921875,311498.84375,240148.65625,144939.390625,128697.46875,104445.96875,87036.5078125,37749.859375
"103024",2024-10-30 09:04:17.93,2024-10-30,9H 4M 17.93S,"Unknown","Aurora","U1629","Admin",914,276,194,155,215,245,358,298,382,247,314,324,450,726,573,839,295,295,185,312,249,181,202,217,299,357,340,351,289,245,223,334,387,332,298,298,226,226,521,371,337,331,247,242,561,328,524,472,389,341,463,557,369,308,209,407,371,445,291,236,360,314,175,142,238,238,162,172,245,168,-41.975,-19.625,0,21.7,40.875,1.18,1.02,1.17,1.15,1.04,10.78,3.34,3.69,4.29,4.89,5.1,5.89,5.18,4.74,4.48,4.75,4.65,7.35,8.05,11.61,16.07,1.87,1.5,2.62,3.07,3.54,3.24,3.18,3.04,2.57,2.46,2.63,2.51,2.37,2.7,3.87,4.01,4.38,6.88,7.57,8.34,1.05,1.23,4.26,3.95,3.8,4.37,5.05,4.64,4.67,4.33,4.5,4.99,4.21,5.61,4.85,6.81,1.48,1.5,1.55,1.33,1.71,1.72,1.77,2.36,2.57,2.7,2.71,3.04,2.74,3.11,2.76,3.48,3.36,3.97,3443.96728515625,39246.3203125,87962.25,101919.4375,146054.8125,220318.59375,290160,149672.109375,111768.3203125,52126.08203125,22307.5859375,11256.6572265625,7284.2998046875,7392.58154296875,4423.0390625,2610.29370117188,2467288,2461724,177172.625,431477.46875,512393.15625,522557.3125,487568.03125,354306.0625,372908.09375,201002.703125,131349.1875,140029.015625,61529.765625,33397.796875,21386.0625,17243.525390625,12302.6904296875,4706.86865234375,1884027,1898514.375,2343969,2357342.5,65149.65234375,67623.0625,174603.96875,220541.578125,207568.953125,177114.21875,109272.4296875,78690.6015625,64794.3125,33535.421875,21635.583984375,18938.306640625,11809.7626953125,11757.654296875,219755.421875,269062.4375,314166.6875,208535.84375,168874.140625,115701.1875,109127.9453125,47812.27734375,31754.673828125,15646.6953125,160032.96875,315129.3125,243941.015625,146043.453125,129099.71875,104956.8046875,87557.046875,37798.45703125
"102924",2024-10-29 09:29:22.45,2024-10-29,9H 29M 22.45S,"Unknown","Aurora","U1629","Admin",918,275,193,155,214,244,357,297,381,246,315,324,451,731,577,845,296,296,185,313,250,182,202,218,299,359,342,352,291,247,224,335,389,333,298,298,226,226,523,372,338,332,249,244,564,330,526,474,391,343,466,560,365,306,208,404,369,441,289,234,356,311,177,143,240,239,163,173,246,168,-42.05,-19.65,0,21.775,41,1.18,1.02,1.16,1.15,1.04,11.9,3.12,2.38,2.55,2.45,2.38,2.63,2.94,2.57,3.19,3.27,3.92,5.53,5.9,10.29,16.91,2.23,1.95,2,2.03,2.1,1.67,1.46,1.56,1.71,1.69,2.24,1.71,1.93,2.36,2.65,3.49,4.86,8.01,3.3,3.38,1.27,1.5,3.03,3.18,2.66,2.89,2.58,2.73,3.23,2.83,3.89,3.34,4.44,4.95,5.43,6.21,1.79,2.27,1.94,1.92,2.19,2.55,2.3,2.39,2.78,3.21,2.28,2.67,2.68,2.93,2.57,3.03,2.78,2.83,3540.466796875,38873.654296875,87719.2578125,102597.69921875,145206.765625,218885.2578125,290477.234375,148752.9453125,110688.9921875,51596.001953125,22293.62109375,11440.4643554688,7505.1298828125,7671.46411132812,4539.95068359375,2764.52563476562,2456282,2448659.625,176027.421875,427836.5,514446.96875,523445.859375,485042.09375,351149.453125,370370.734375,201878.546875,130004.0625,138101.6953125,61907.11328125,33453.66015625,21450.6875,17277.9072265625,12126.5991210938,4683.39428710938,1959163.5,1973805.9375,2341036,2330697.75,65822.27734375,67291.4765625,174260.1953125,220299.4375,207764.5390625,176777.2109375,109789,79531.859375,65508.783203125,33433.162109375,21445.5439453125,18926.572265625,11628.73046875,11680.2197265625,220488.4921875,266352.9375,310387.1875,207520.15625,170787.734375,115568.234375,109503.18359375,47705.34765625,31942.8779296875,15686.990234375,165033.4921875,321010.1875,249568.1875,149591.6328125,130668.08984375,105861.44921875,88280.1484375,37802.51953125
"102524",2024-10-25 09:01:15.04,2024-10-25,9H 1M 15.04S,"Unknown","Aurora","U1629","Admin",916,273,193,154,212,242,353,294,377,242,310,316,448,746,592,894,287,287,182,305,244,178,197,212,291,347,331,345,279,236,220,337,395,348,296,296,225,225,523,369,335,329,246,241,557,324,517,469,398,352,487,599,362,305,209,398,362,433,285,241,373,335,169,135,227,234,165,178,258,181,-41.925,-19.625,0,21.75,40.875,1.18,1.03,1.17,1.15,1.04,13.23,3.68,3.44,3.64,3.36,3.65,3.76,3.68,3.65,3.51,3.95,4.94,5.39,6.67,8.63,15.2,2.28,1.99,2.3,2.17,2.22,2.03,2.01,2.02,1.93,1.97,2.04,1.92,2.48,2.79,3.09,3.28,5.56,8.3,4.38,4.3,1.33,1.15,3.39,3.5,3.33,3.53,3.74,3.61,3.28,3.59,3.26,3.79,4.43,4.6,6.04,6.41,2.42,2.44,2.25,2.65,2.83,2.86,3.11,3.05,3,3.98,3.04,3.12,3.22,3.28,3.21,3.35,3.28,3.53,3477.73486328125,38468.23046875,87128.71875,100493.109375,143322.859375,214472.359375,283616.6875,145033.65625,108751.0390625,50477.5625,21596.806640625,10916.841796875,7348.10400390625,7733.83203125,4541.83740234375,2827.4482421875,2453341,2454178,174295.453125,421013.9375,500316.09375,512109.28125,478433.125,343277.46875,361573.125,195283.25,127455.1640625,135109.640625,59510.94921875,31929.521484375,21138.7109375,17522.0859375,12526.42578125,5011.75341796875,1901208,1891642.625,2348429,2339842.25,64387.90234375,65597.2578125,169447.65625,216198.234375,202965.1875,170236.921875,106358.2890625,75955.640625,63694.671875,32662.873046875,21645.388671875,19244.3203125,12173.7119140625,12329.2353515625,216360.34375,258850.0625,305414.0625,201893.0625,166065.234375,112209.6640625,106297.3984375,48813.91015625,33356.2578125,16594.802734375,156898.3125,300737.84375,231808.265625,142689.484375,131730.25,108662.84375,91967.1328125,40680.4140625
"102324",2024-10-23 09:28:03.93,2024-10-23,9H 28M 3.93S,"Unknown","Aurora","U1629","Admin",903,272,190,153,211,240,351,291,378,243,313,318,447,721,566,835,287,287,182,304,243,178,198,211,292,349,336,352,286,243,221,331,382,328,295,295,226,226,522,373,339,332,251,246,572,334,529,476,395,346,470,564,373,315,213,412,375,444,292,238,362,316,174,142,236,237,163,174,247,168,-41.775,-19.525,0,21.625,40.7,1.18,1.03,1.17,1.15,1.05,12.86,4.09,3.23,3.63,3.77,3.71,3.64,3.53,3.65,3.52,4.6,4.62,6.07,7.81,9.9,18.48,2.79,2.36,2.7,2.51,2.63,2.3,2.19,2.28,2.38,2.3,2.47,2.38,2.17,2.62,3.3,3.48,4.4,6.9,4.39,4.48,1.27,1.48,3.75,3.45,3.84,3.63,3.89,3.71,3.85,3.44,3.66,3.83,4.23,4.41,5.9,5.77,2.54,2.67,2.4,2.75,2.5,2.88,2.71,3.06,3.6,4.05,2.77,3.05,2.9,2.97,3.01,3.14,3.05,3.34,3495.86499023438,38345.50390625,86381.5,100714.2421875,144612.765625,214833.171875,284634.0625,145151.015625,110169.796875,51026.40625,22139.109375,11068.5146484375,7380.5615234375,7505.78564453125,4443.57421875,2652.92822265625,2459436,2449478.75,173686.609375,415245.25,500368.5,513673.34375,478064.84375,342968.09375,361416.75,197895.3125,129193.34375,138830.390625,61467.8125,33277.89453125,21199.927734375,17022.115234375,12010.708984375,4722.92822265625,1906810,1903017.625,2342133,2335193.75,64339.40234375,66340.8203125,170675.203125,215557,205960.171875,174559.203125,109526.2265625,78560.4140625,64611.73046875,32794.22265625,21375.513671875,18819.3125,11723.607421875,11620.28515625,217927.5625,264274.8125,306586.625,203464.953125,168283.859375,114057.5703125,107416.421875,47280.6953125,31528.20703125,15408.26171875,159305.640625,312747.78125,239479.8125,144548.171875,128432.3671875,104708.265625,87016.6015625,37398.55859375
"101724",2024-10-17 08:33:02.16,2024-10-17,8H 33M 2.16S,"Unknown","Aurora","U1629","Admin",908,272,190,153,211,239,349,290,373,238,310,315,447,734,580,866,284,284,180,300,240,175,195,209,288,341,325,341,279,237,218,330,382,331,297,297,225,225,524,372,338,330,246,241,565,329,523,473,395,346,473,573,364,304,207,404,370,440,290,238,364,321,176,141,235,238,164,175,250,172,-41.925,-19.625,0,21.675,40.825,1.18,1.03,1.17,1.15,1.05,12.45,2.9,2.11,2.42,2.49,2.69,2.93,2.94,2.67,2.95,3.34,4.42,5.53,6.94,9.57,15.21,2.27,2.07,2.33,2.09,1.96,1.63,1.39,1.52,1.48,1.53,2.23,1.65,2.11,2.87,3.07,4.04,4.7,5.59,4.04,4.18,1.64,1.86,4.15,2.97,2.18,2.3,2.78,2.42,3.03,3.32,3.64,4.69,5.13,3.57,6.69,4.97,1.71,2.05,1.96,2.01,2.08,2.31,2.68,2.59,3.4,3.35,2.21,2.85,2.59,2.79,2.68,2.92,3.58,3.32,3570.25476074219,39520.0859375,89201.1640625,104191.48828125,149176.6328125,222339.1171875,293502.671875,149650.6875,112879.15625,51739.806640625,22700.220703125,11489.5400390625,7665.67724609375,7888.4921875,4689.45263671875,2886.95324707031,2437562,2448979.375,177096.625,425762.125,513289.03125,519828.296875,488736.796875,350294.65625,368053.734375,199442.4765625,129630.15234375,138386.515625,61387.193359375,33402.771484375,21705.611328125,17613.5166015625,12336.80078125,4804.76708984375,1957843,1971923.4375,2346664.5,2352872,66566.90234375,68239.5546875,177861.015625,224664.4140625,210494.6796875,176915.34375,111778.24609375,80326.37109375,65471.7265625,33731.078125,21936.8564453125,19278.947265625,11928.7377929688,12031.2373046875,219801.375,266348,310135.515625,207357.4765625,169691.5703125,114923.90234375,109466.8671875,48564.30078125,32477.8359375,16134.537109375,165745.3984375,317614.78125,244501.2578125,147988.3984375,132509.203125,108170.10546875,90292.48046875,39135.546875
"101524",2024-10-15 09:29:22.69,2024-10-15,9H 29M 22.69S,"Unknown","Aurora","U1629","Admin",911,270,190,152,208,239,349,291,373,239,313,316,447,723,566,833,281,281,179,300,238,175,194,209,288,340,323,340,280,239,217,327,377,324,295,295,224,224,517,372,340,331,247,241,568,331,532,471,394,346,470,563,358,295,202,403,368,437,289,233,354,308,181,146,242,243,164,175,248,169,-41.95,-19.675,0,21.6,40.725,1.18,1.03,1.17,1.15,1.05,16.95,5.39,5.21,5.96,6.35,5.26,5.25,6.14,5.95,6.15,6.08,7.71,6.3,8.24,12.5,16.34,1.81,2.27,3.52,3.98,3.94,3.63,3.22,3.04,3.35,2.89,2.82,3.35,2.64,2.6,3.56,3.75,5.27,6.8,6.85,5.94,4.61,4.95,6.81,6.91,6.59,7.31,7.3,6.64,6.67,6.29,6.42,5.57,6.06,6.71,9.43,8.18,4.53,4.38,4.42,5.28,5.56,6.89,6.14,6.95,6.91,7.69,5.52,5.57,5.51,5.32,4.83,4.9,5.54,4.38,3305.95947265625,37701.171875,84767.36328125,97797.02734375,138717.953125,210041.390625,277174.109375,141801.0546875,106538.27734375,49954.04296875,21550.5966796875,10671.0009765625,7231.38208007812,7298.21020507812,4162.498046875,2522.69653320312,2471050.5,2448588.75,175147.0390625,424328.828125,505893.140625,518902.21875,484637,351291.515625,368941.03125,200886.0546875,129235.8515625,139621.390625,62267.23828125,33768.876953125,21352.8447265625,17442.9130859375,12287.0639648438,4751.5322265625,1935252.5,1931609.9375,2242617,2252963.25,62821.21875,64689.146484375,170138.5078125,210454.0078125,198551.7265625,167218.7265625,105122.6484375,76131.66796875,63501.841796875,31822.205078125,21070.8388671875,18397.7978515625,11512.5786132812,11400.2358398438,213470.6484375,259329.6796875,302469.34375,201109.28125,165638.5546875,110201.63671875,105015.328125,45932.298828125,30530.1787109375,14843.3471679688,158908.6875,312691.0625,241363.7734375,144054.2109375,126843.51953125,104025.96875,86285.01953125,37033.521484375
"101024",2024-10-10 08:50:24.49,2024-10-10,8H 50M 24.49S,"Unknown","Aurora","U1629","Admin",886,267,188,151,206,237,349,289,371,240,308,312,439,704,556,814,276,276,176,296,235,172,191,204,283,340,324,339,275,236,213,318,370,317,297,297,226,226,520,373,341,331,249,243,561,331,526,466,389,341,465,554,365,307,209,401,366,439,287,232,352,307,175,142,237,238,161,171,244,167,-42,-19.725,0,21.575,40.725,1.18,1.03,1.17,1.15,1.05,11.73,3.05,2.54,2.67,2.53,2.64,2.54,2.38,2.4,2.46,3.26,3.68,5.8,6.62,11.51,15.62,1.83,1.65,1.5,1.4,1.48,1.54,1.43,1.47,1.3,1.5,1.64,1.41,1.74,2.47,2.82,3.78,3.9,7.06,3.75,3.92,1,1,4.03,3.44,3.48,2.98,3.63,2.98,3.26,3.06,3.07,3.12,3.8,3.82,5.45,5.62,1.71,1.84,1.54,1.63,1.83,1.85,2.34,2.59,3.13,3.82,2.73,2.86,2.86,2.95,2.99,3.22,3.29,2.83,3379.53564453125,38212.625,86220.453125,100967.1328125,143003.03125,216169.46875,287318.125,147213.671875,109395.6640625,51370.52734375,22206.599609375,11186.95703125,7394.72607421875,7599.9912109375,4345.13623046875,2626.03784179688,2472786,2461748.5,173112.578125,422855.46875,500122.09375,515097.6875,479375,343540.21875,363642.59375,200327.4375,127950.90625,137242.171875,61315.53125,33013.2421875,21200.384765625,17021.337890625,12229.6728515625,4695.486328125,1927947,1930571.125,2361696,2359390,63980.828125,66736.875,174249.265625,217161.53125,205821.375,172346.671875,107018.9140625,78322.671875,64960.66796875,32458.15234375,21301.19140625,18562.185546875,11719.1591796875,11438.1708984375,219764.015625,265599.1875,310907.15625,205287.40625,169076.15625,116270.0546875,109422.4453125,47659.30078125,31835.43359375,15606.9609375,163083.4375,318009.3125,245730.25,146723.96875,128952.3515625,104400.7890625,87151.75,37605.15625
"100824",2024-10-08 08:38:35.84,2024-10-08,8H 38M 35.84S,"Unknown","Aurora","U1629","Admin",905,271,190,152,207,239,351,291,372,239,313,319,443,713,559,820,275,275,175,294,235,171,191,203,283,334,321,336,274,234,213,318,369,315,299,299,224,224,518,371,340,333,248,242,569,329,521,475,391,344,465,557,363,302,207,406,372,441,290,234,354,308,179,143,238,239,162,172,244,167,-41.975,-19.725,0,21.625,40.775,1.18,1.03,1.17,1.16,1.04,13.46,3.41,2.54,2.8,2.79,2.76,2.75,2.53,2.81,2.8,3.47,4.49,5.46,6.46,11.31,17.09,2.08,1.81,1.68,1.53,1.59,1.59,1.59,1.43,1.66,1.56,1.75,1.55,2.1,2.25,2.78,3.91,4,7.69,3.78,3.84,1.32,1.36,3.57,3.24,3.34,3.08,3.18,2.97,3.15,3.01,2.83,3.65,4.07,4.02,5.06,5.36,1.37,1.59,1.43,1.68,2.11,2.06,2.19,2.53,3.06,4.01,2.31,2.66,2.84,2.94,2.44,3.08,2.69,3.44,3398.15844726562,38186.53125,85857.546875,99477.3515625,141217.125,213808.46875,282072.71875,143984.09375,108758.3359375,50353.8515625,21988.359375,11161.7724609375,7274.810546875,7470.8056640625,4383.38720703125,2553.32421875,2483690,2456924.5,171614.015625,415508.78125,496647.0625,507583.25,476164.40625,341247.8125,359956.5,195419.296875,127065.828125,135246.609375,60832.7578125,32895.921875,20964.35546875,16878.30859375,11979.58984375,4558.85791015625,1918250,1910997.375,2330431,2315738.75,63004.51953125,65457.84375,171718.203125,216750.96875,202752.34375,170258.78125,106676.1796875,77388.421875,62984.37890625,32642.095703125,21006.482421875,18405.677734375,11534.8408203125,11199.5869140625,212875.0625,254681.9375,299788.5,202023.96875,168651.8125,112552.078125,106530.59375,46434.03515625,30929.7265625,15063.232421875,165532.703125,316516.875,243632.515625,146813.296875,128511.484375,103903.5625,86614.2421875,37427.2421875
"093024",2024-09-30 08:12:27.97,2024-09-30,8H 12M 27.97S,"Unknown","Aurora","U1629","Admin",896,267,187,150,204,234,345,284,365,236,303,309,434,721,576,853,268,268,171,287,228,166,186,197,272,323,311,329,260,226,209,318,368,318,297,297,226,226,512,370,336,327,247,240,561,327,515,466,396,348,477,575,359,303,207,399,361,433,288,238,364,322,171,138,231,236,163,175,250,173,-41.55,-19.575,0,21.325,40.4,1.18,1.04,1.17,1.16,1.06,8.7,3.1,2.88,3.54,3.2,3.83,3.6,4,4,3.8,3.61,4.26,5.9,6.11,7.62,12.52,1.79,1.78,1.83,2.21,2.24,2.14,2.18,1.93,1.95,2.46,1.85,2.15,2.65,3.34,3.31,4.89,3.96,6.68,5.19,5.19,1.93,2.1,1.81,1.9,1.38,1.29,1.69,1.82,1.63,1.83,2.29,2.53,3.33,2.81,5.6,5.67,1.59,1.69,1.33,1.8,2.1,1.69,1.95,2.98,2.89,3.06,2.7,2.98,2.85,2.76,2.88,2.77,2.93,2.85,3446.44409179688,38795.6640625,87975.0546875,101853.6015625,143960.734375,217174.921875,283584.1875,145658.375,109058.8671875,50943.953125,21817.79296875,11113.7216796875,7464.21435546875,7834.671875,4833.56396484375,3054.9423828125,2463736,2460336.5,198123.453125,477333.3125,565588.8125,575963.5625,538777.3125,386204.84375,406817.9375,217933.75,141499.96875,152003.609375,66222.8203125,36363.7421875,23642.794921875,19429.33984375,13566.9560546875,5203.78759765625,1971561,1980886.875,2390509,2405036.5,68254.171875,71763.90625,186734.1875,233490.109375,221348.625,186310.296875,115500.4609375,83545.3671875,67867.5625,34881.3984375,23301.2421875,20507.611328125,13125.1123046875,12692.615234375,216794.75,265510.8125,310994.3125,205333.65625,166346.609375,113433.078125,108707.953125,48667.03515625,32236.142578125,16235.431640625,166214.65625,325493.4375,249941.921875,152696.953125,137411.359375,112517.921875,93957.625,41125.3671875
"092024",2024-09-20 09:19:59.73,2024-09-20,9H 19M 59.73S,"Unknown","Aurora","U1629","Admin",883,266,186,150,203,233,342,285,363,236,306,308,435,700,549,807,262,262,166,281,225,163,183,195,270,322,309,324,260,224,204,304,355,304,301,301,224,224,520,374,342,333,249,243,563,332,524,468,392,343,468,559,372,312,212,411,371,444,291,236,358,312,174,140,235,235,160,170,242,166,-41.85,-19.775,0,21.475,40.65,1.18,1.04,1.17,1.15,1.07,11.26,2.67,2.51,2.68,2.56,2.71,2.73,2.61,2.81,2.83,4,3.55,6.48,6.94,11.16,18.74,1.69,1.55,1.55,1.63,1.63,1.45,1.6,1.42,1.31,1.54,1.69,1.65,1.83,2.4,2.6,3.21,4.39,6.51,2.59,3.08,1.02,1.14,3.79,3.37,3.45,3.2,3.78,3.47,3.15,3.44,3.43,3.69,4.38,4.34,5.72,5.25,1.4,1.57,1.53,1.45,1.82,1.88,1.89,2.11,3.07,3.08,2.08,2.16,2.24,2.36,2.4,2.58,2.34,2.95,3479.66577148438,38323.0078125,85871.578125,100520.140625,142562.4375,214355.9375,284637.65625,146006.125,109530.953125,50900.265625,22120.310546875,11057.501953125,7429.52587890625,7505.583984375,4351.48193359375,2566.0908203125,2482904,2460660.5,170767.890625,419083.09375,498215.625,512090.71875,475721.1875,345953.125,363196.15625,197919.328125,128163.1171875,137525.8125,60750.16015625,32947.33984375,21069.564453125,17038.859375,12007.5625,4712.93212890625,1913831,1908241.625,2328889,2314273.25,62854.921875,66145.859375,172561.375,217212.34375,203605.875,171136.796875,106734.90625,78336.84375,62909.22265625,32043.14453125,21008.705078125,18285.12109375,11545.7841796875,11283.84765625,217539.6875,263251.1875,309059.90625,204600.109375,165902.90625,113866.421875,106440.53125,46796.61328125,31094.03515625,15202.0048828125,158985.171875,308224.8125,239098.140625,143338.9375,126331.0703125,102380.890625,85457.53125,36814.95703125
"091824",2024-09-18 08:15:28.01,2024-09-18,8H 15M 28.01S,"Unknown","Aurora","U1629","Admin",886,266,186,150,204,234,343,286,363,235,307,310,437,701,549,803,259,259,165,278,223,161,181,193,268,319,305,319,260,224,203,302,353,300,301,301,223,223,518,373,341,332,247,241,563,331,525,468,392,343,466,556,365,304,208,407,368,442,289,234,353,307,177,142,239,238,161,171,242,165,-41.85,-19.85,0,21.4,40.575,1.18,1.04,1.17,1.16,1.06,11.81,3.2,2.45,2.61,2.61,2.87,2.87,2.89,2.76,2.68,3.16,4.44,6.21,6.33,10.49,17.96,1.69,1.55,1.4,1.35,1.38,1.5,1.34,1.44,1.39,1.31,1.43,1.45,1.66,2.19,2.85,3.8,3.66,7.1,4.13,4.16,1,0.96,3.37,2.88,2.64,2.68,2.76,2.75,2.77,2.86,2.35,3.32,3.81,3.28,5.67,5.22,1.55,1.55,1.45,1.51,1.8,2.04,1.93,2.07,2.5,3.86,2.1,2.33,2.5,2.48,2.21,2.47,2.57,2.51,3412.52221679688,38013.58203125,84986.7890625,99322.5703125,140541.0625,212964.1875,281891.6875,145193.09375,108537.1015625,50304.0390625,21930.90234375,11045.90234375,7293.66943359375,7431.07763671875,4318.81298828125,2587.59448242188,2485432,2466472,171589.265625,416900.46875,494529.65625,505797.125,472746.21875,341813.75,360501.34375,196134.515625,127614.1796875,135482.96875,60994.93359375,33153.15625,21202.87109375,17026.19140625,12054.3076171875,4625.576171875,1885436,1889909.25,2338133,2320751,62531.5625,65779.40625,171242.4375,213130.859375,200023.78125,168517.640625,106496.875,76957.6328125,64069.15625,31928.38671875,21198.974609375,18374.978515625,11463.20703125,11250.9296875,216415.25,265105.34375,313456.65625,209091.6875,168506.96875,113834.4140625,107310.828125,47012.86328125,31374.578125,15113.62890625,161999.34375,316376.0625,247013.171875,145680.46875,128304.4140625,103904.5859375,86318.75,37070.69921875
"091724",2024-09-17 08:53:54.99,2024-09-17,8H 53M 54.99S,"Unknown","Aurora","U1629","Admin",882,265,186,150,204,234,342,286,363,236,308,310,438,701,550,804,258,258,164,276,221,160,180,192,266,318,304,319,258,223,202,301,351,299,302,302,224,224,521,374,343,334,249,243,565,333,529,471,394,345,469,559,368,307,210,408,371,444,290,235,356,308,177,142,239,238,161,171,243,165,-41.55,-19.675,0,21.275,40.325,1.18,1.04,1.17,1.16,1.07,10.7,6.23,4.46,5.38,5.46,5.23,4.95,5.28,5.21,6.06,6.3,5.46,6.57,7.64,9.95,17.67,1.59,1.3,1.95,2.04,2.2,1.79,1.96,1.72,1.42,1.56,1.8,1.9,2.22,2.74,2.68,3.62,4.35,9.02,3.11,2.55,1.16,2.14,3.67,2.86,1.81,2.02,2.32,1.91,2.85,2.56,2.76,2.84,3.83,4.57,4.84,6.3,2.52,2.56,2.4,2.4,2.86,3.21,3.01,2.85,3.41,4.25,3.39,3.35,3.59,3.46,3.82,3.62,3.71,3.83,3474.73974609375,39148.76953125,88251.859375,102875.578125,146218.34375,221108.421875,293946.625,150604.515625,112064.1328125,52423.453125,23027.025390625,11397.5048828125,7529.474609375,7563.412109375,4494.81396484375,2718.50610351562,2474943,2463460.5,173172.984375,418843.96875,497887.90625,510149.25,476320.5,344170.71875,363822.1875,199615.578125,128009.1796875,137514.125,61992.5078125,33229.29296875,21122.94921875,17167.064453125,12125.390625,4732.35009765625,1848486,1862763.625,2338034,2317966,62528.80859375,65479.70703125,170105.921875,215500.71875,200797.171875,169757.4375,106040.71875,77872.6796875,63849.71875,32040.654296875,21388.212890625,18596.51171875,11624.482421875,11120.8125,222356.53125,271812.53125,321116.84375,211764.984375,169878.890625,116982.59375,109023.6484375,47932.26171875,31839.052734375,15344.3818359375,163322.5625,317749.46875,248892.078125,146533.375,129365.359375,104215.109375,87243.5,37298.69140625
"091624",2024-09-16 08:44:30.23,2024-09-16,8H 44M 30.23S,"Unknown","Aurora","U1629","Admin",882,265,186,149,202,232,340,282,360,232,299,304,430,710,571,856,257,257,165,277,223,161,180,191,266,314,299,317,254,219,202,307,362,318,302,302,225,225,520,369,339,329,247,240,563,328,518,468,398,351,482,593,364,303,205,400,363,433,289,240,370,333,173,137,228,236,164,176,254,177,-41.725,-19.75,0,21.325,40.4,1.18,1.04,1.17,1.15,1.07,10.92,3.47,2.29,2.94,2.44,3.03,3.2,3.02,3.01,2.98,3.89,4.08,5.63,5.74,8.5,15.97,1.11,0.85,1.26,1.13,1.35,1.31,1.37,1.33,1.13,1.1,1.16,1.18,1.87,2.59,2.7,2.83,3.75,7.81,1.31,1.37,0.85,0.76,3.36,3.17,3.39,3.34,3.83,3.37,3.89,2.93,3.01,4.49,3.52,4.13,3.98,4.37,1.26,1.32,1.42,1.3,1.7,1.78,1.76,2.62,2.99,4.18,2,2.1,2.15,2.12,2.18,2.48,2.29,2.5,3475.08020019531,39197.974609375,87985.546875,102377.82421875,144823.7421875,218489.859375,289173.828125,147428.390625,110725.89453125,51247.08984375,22248.8984375,11089.2407226562,7430.89404296875,7843.51904296875,4697.43676757812,2917.72595214844,2470024.5,2468292.625,176962.1796875,425110.328125,510730.515625,521202.71875,483557.21875,349160.09375,368720.15625,198056,128375.609375,138227.84375,61686.599609375,32940.611328125,21507.1591796875,17576.3056640625,12808.619140625,5074.0185546875,1963653,1988788.25,2372475,2382746.75,64717.6953125,67269.66796875,175217.640625,219981.5859375,207408.171875,174276.8359375,109813.38671875,77861.69921875,64622.587890625,32732.15234375,21813.375,19257.6083984375,12027.44921875,12339.5258789062,217315.65625,262424.25,304072.3125,203334.78125,166575.984375,112522.65625,108066.3671875,48410.89453125,32739.482421875,16400.2236328125,162657.3125,310133.90625,236773.796875,146356.1484375,132590.2421875,108544.48046875,91524.984375,40507.07421875
"091224",2024-09-12 09:19:09,2024-09-12,9H 19M 9S,"Unknown","Aurora","U1629","Admin",878,265,187,149,203,232,341,283,363,237,302,306,429,693,545,809,255,255,164,275,221,159,180,191,265,316,304,318,252,221,199,298,349,300,300,300,224,224,521,371,339,334,249,242,565,328,522,468,389,342,467,561,368,313,213,405,369,440,289,236,358,316,170,137,229,231,159,169,242,167,-41.65,-19.7,0,21.25,40.35,1.18,1.04,1.17,1.16,1.07,12.01,2.75,2.46,2.31,2.47,2.76,2.55,2.52,2.52,2.47,3.27,4.2,5.98,7.33,10.82,14.91,1.84,1.57,1.41,1.38,1.62,1.49,1.4,1.42,1.31,1.28,1.38,1.17,1.87,1.97,2.84,3.77,4,6.35,4.24,4.17,1.11,1.06,3.33,2.97,2.85,2.56,2.64,2.62,2.68,2.88,2.79,3.71,2.85,3.55,5.35,5.97,1.74,1.6,1.6,1.59,1.72,2.22,1.69,2.44,2.71,3.11,2.61,2.66,2.67,2.79,2.76,2.74,2.75,3.54,3387.86254882812,38313.609375,86777.15625,99787.8828125,142642.90625,213951.328125,283076.59375,145559.28125,109490.703125,51559.34765625,21935.015625,11011.859375,7243.8837890625,7440.22998046875,4293.7265625,2599.3642578125,2484871,2465350,172184.046875,417899.96875,496506,507962.0625,475351.625,342958.5625,360805.15625,196666.796875,127016.5390625,136321.4375,60312.41015625,32692.037109375,20860.4453125,16940.044921875,12001.681640625,4687.00244140625,1877864,1875909.5,2338129,2318956.25,62201.3515625,65070.59375,168487.453125,215195.234375,201649.078125,169454.296875,106238.09375,75938.8359375,62633.08203125,31921.783203125,20914.09765625,18212.53125,11513.5400390625,11309.5595703125,215238.984375,262131.421875,308105.875,202168.671875,165691.171875,111809.1796875,105278.0234375,46661.42578125,31098.169921875,15225.94921875,156427.25,305048.625,233472.78125,140565.609375,125947.3828125,102079.328125,85780.0703125,37342.53515625
"091124",2024-09-11 09:39:49.49,2024-09-11,9H 39M 49.49S,"Unknown","Aurora","U1629","Admin",876,263,186,149,203,232,339,282,363,237,303,307,430,696,546,812,256,256,164,276,221,160,180,191,265,318,306,321,254,222,200,300,350,301,300,300,223,223,520,369,339,335,250,244,567,329,525,471,390,343,469,561,366,312,212,403,367,438,287,234,355,313,170,137,229,231,159,170,242,167,-41.7,-19.775,0,21.25,40.425,1.18,1.04,1.17,1.16,1.07,11.92,2.94,2.15,2.18,2.14,2.36,2.42,2.39,2.33,2.51,3.04,3.79,6.27,6.3,11.64,17.55,1.66,1.6,1.38,1.42,1.43,1.32,1.35,1.28,1.25,1.37,1.37,1.45,1.79,2.51,2.4,3.01,3.99,7,3.82,4.09,0.94,0.98,3.18,3.03,2.93,2.98,3.09,2.82,2.73,2.9,2.75,3.25,3.27,3.94,5.5,5.96,1.74,1.73,1.8,1.93,2.23,2.45,2.3,2.78,3.22,4,2.5,2.85,2.85,2.89,2.57,2.84,3.12,3.17,3371.19787597656,38181.853515625,85558.140625,99605.58203125,142105.3359375,213868.3515625,283269.6875,144225.0703125,109389.68359375,51261.115234375,21673.412109375,10883.4047851562,7183.25170898438,7362.142578125,4339.8974609375,2723.70336914062,2497613.5,2461716.875,171366.3828125,416180.890625,495944.4375,507263.5,474736.6875,343512.140625,361763.484375,198890.421875,128300.16796875,137371.8515625,60537.17578125,32783.5537109375,20750.232421875,16858.2021484375,11876.7607421875,4620.5986328125,1886561,1890221,2333140,2309844.375,62553.619140625,65409.91015625,168134.765625,214300.890625,201915.7578125,169957.1796875,105352.00390625,76217.2109375,63074.3828125,31638.5859375,20739.1376953125,18132.3291015625,11452.0419921875,11199.43359375,215090.53125,260892.4375,306846.265625,200800.71875,164059.90625,111452.109375,104155.125,45687.48046875,30492.54296875,15026.8623046875,152586.0625,296999.125,227459.484375,137596.5859375,122845.89453125,100015.0859375,83659.83984375,36475.556640625
"090624",2024-09-06 08:51:36.18,2024-09-06,8H 51M 36.18S,"Unknown","Aurora","U1629","Admin",871,263,186,148,202,231,339,282,362,236,302,307,430,693,542,799,253,253,162,272,219,158,178,189,263,313,300,315,252,220,199,297,347,296,301,301,224,224,521,372,340,335,250,243,569,330,526,471,391,344,468,556,366,309,210,405,370,441,289,235,356,311,173,139,233,235,160,171,243,166,-41.5,-19.725,0,21.2,40.25,1.18,1.04,1.17,1.16,1.08,10.37,3.51,2.12,2.85,2.83,2.59,2.66,2.57,2.97,3.2,3.61,5.78,5.95,5.98,11.18,12.96,1.26,1,1.57,1.28,1.75,1.25,1.42,1.21,1.17,1.25,1.1,1.35,1.62,1.7,2.56,3.14,3.48,8.73,2.84,2.33,0.83,0.94,3.74,4.21,3.53,3.57,3.63,3.14,3.26,3.53,3.13,3.98,4.17,4.42,5.16,5.42,1.33,1.32,1.05,1.11,1.29,1.83,1.53,1.87,2.39,3.8,1.75,1.91,2.13,2.32,2.04,2.19,2.82,2.85,3644.25317382812,39476.666015625,88905.82421875,102718.3046875,146260.1875,219734.71875,292947.625,149537.78125,112236.703125,53125.5859375,22853.279296875,11411.7280273438,7427.49609375,7664.83911132812,4469.08740234375,2740.97802734375,2480701,2477229.125,174507.796875,424886.921875,505399.171875,518153.5625,484455.734375,346956.484375,366994.25,200245.578125,129182.0625,138887.3203125,62143.990234375,33775.5390625,21546.0703125,17379.849609375,12215.8662109375,4818.19848632812,1947690.5,1976739.8125,2352136.5,2350404.875,63726.345703125,66435.65234375,174185.9375,220197.0078125,207313.6875,173059.8984375,108963.2265625,78581.15234375,64900.767578125,32708.494140625,21403.9033203125,18843.2978515625,11875.3686523438,11447.4389648438,221673.1015625,268020.453125,314922.734375,208271.0234375,170585.8671875,116271.80078125,108996.75,48130.302734375,31907.3837890625,15591.7573242188,163554.859375,316402.421875,243237.6796875,147212.625,129670.66796875,105288.1796875,87718.546875,37798.078125
"090424",2024-09-04 09:00:06.39,2024-09-04,9H 0M 6.39S,"Unknown","Aurora","U1629","Admin",867,262,185,148,201,230,337,280,360,235,301,306,430,698,549,809,254,254,162,272,218,158,178,189,262,314,303,318,253,221,199,298,348,296,301,301,224,224,523,372,341,337,252,245,571,332,529,474,394,347,471,559,367,314,214,407,372,442,290,236,357,311,173,140,233,235,161,172,244,166,-41.475,-19.725,0,21.075,40.15,1.18,1.04,1.17,1.16,1.08,11.07,3.31,1.92,1.55,1.77,1.53,2.01,1.81,1.98,1.55,3.07,5.05,4.59,7.36,10.44,13.93,1.32,1.06,0.96,1.07,1.19,1.32,1.27,1.26,1.12,1.07,1.11,1.2,1.79,1.89,2.63,3.46,3.87,6.16,0.76,0.63,0.8,0.78,1.48,2.08,2.02,1.99,2.22,2.98,2.5,1.98,2.6,3.46,2.6,4.13,3.83,4.97,1.25,1.67,1.65,1.54,1.72,1.97,2.44,2.44,3.1,4.15,2.02,2.64,2.11,2.15,2.8,2.66,1.96,2.76,3399.21667480469,39291.953125,88314.59375,102359.0859375,146230.15625,219261.296875,289493.828125,149037.7578125,111928.5,52602.46875,22421.7666015625,11397.34375,7446.38671875,7719.3115234375,4575.98779296875,2697.3603515625,2483785.5,2470500,175564.0546875,429219.828125,505593.453125,522671.625,488007.125,349347.671875,371656.75,201728.6640625,131508.3671875,140529.0625,62226.849609375,33869.2890625,21609.724609375,17516.58203125,12249.0229492188,4781.08520507812,1957474,1982151.5625,2346417.5,2352277.75,65731.00390625,67649.8671875,176863.375,224678.5,212060.6875,176715.59375,109833.078125,80320.2421875,65349.111328125,33562.0078125,21732.318359375,19033.2978515625,11777.3984375,11502.8544921875,222747.2734375,274069.078125,320166.734375,211060.9609375,173036.1171875,115670.24609375,109432.4140625,48281.720703125,32238.015625,15654.4291992188,162913.796875,315798.109375,243372.953125,147210.59375,130339.74609375,105973.8984375,88003.3828125,37751.6015625
"083024",2024-08-30 09:18:52.31,2024-08-30,9H 18M 52.31S,"Unknown","Aurora","U1629","Admin",875,263,186,149,203,230,334,274,347,232,283,281,419,756,622,1046,251,251,162,272,217,155,174,185,253,299,295,312,232,196,195,324,387,377,300,300,224,224,510,361,324,313,242,236,524,301,471,449,410,369,523,718,351,316,214,393,348,405,284,259,415,415,143,116,194,210,166,188,282,215,-41.85,-19.925,0,21.175,40.35,1.18,1.04,1.17,1.16,1.07,11.54,3.74,2.62,2.48,2.77,2.77,2.68,2.71,2.47,3.09,3.32,4.63,4.37,7.38,9.46,16.98,1.49,1.43,1.67,1.57,1.44,1.45,1.29,1.47,1.26,1.39,1.74,1.49,1.88,2.29,2.21,3.94,4.3,7.21,4.08,5.2,1.24,1.35,3.91,3.66,2.95,3.08,3.29,3.18,3.4,3.16,3.05,3.42,3.53,3.43,4.98,6.18,1.46,1.53,1.66,2,2.21,2.13,2.29,2.59,3.04,3.83,2.58,2.85,2.73,2.81,2.93,3.09,3.14,3.45,3456.28173828125,38978.05078125,87908.6015625,101501.21875,145373.53125,216101.5625,281210.375,143243.984375,104897.140625,50587.6484375,20737.869140625,10304.3896484375,7194.22998046875,8207.9140625,5046.9736328125,3458.77587890625,2476230,2459989.5,173679.765625,423246.78125,499415.28125,509196.96875,471257.25,340655.21875,353291.28125,191451.265625,127224.640625,136113.84375,56477.3203125,30105.619140625,20943.3515625,18777.2578125,13730.916015625,6136.24560546875,1910500,1917646.625,2336254,2325101.25,62255.6484375,63889.44921875,161877.609375,202190.5,196206.53125,165416.125,98441.046875,69925.0078125,56727.71875,30399.2109375,22067.009765625,19934.53515625,13000.259765625,14536.18359375,208654.3125,262969.03125,307846.78125,196467.3125,157072.59375,104451.0859375,104149.8671875,51667.91796875,36026.23828125,19908.732421875,136867.953125,254532.546875,196865.359375,129517.8359375,132969.296875,113844.8828125,100726.5,48682.16015625
"082824",2024-08-28 09:18:17.75,2024-08-28,9H 18M 17.75S,"Unknown","Aurora","U1629","Admin",878,261,186,148,202,230,335,274,353,232,288,288,422,730,591,940,253,253,162,270,218,155,175,185,256,303,294,314,238,202,196,309,366,338,301,301,226,226,519,366,329,324,246,239,546,313,498,457,403,358,500,647,362,316,214,398,357,421,286,247,390,371,154,126,208,223,165,182,267,195,-41.55,-19.8,0,21.025,40.125,1.18,1.04,1.17,1.16,1.09,10.15,3.16,3.14,3.21,3.33,3.92,4.11,3.44,3.6,4.35,4.12,3.64,4.58,6.38,7.08,13.65,1.14,0.76,1.19,1.24,1.36,1.05,0.98,0.94,0.84,0.79,1.34,0.83,0.93,1.41,1.34,2.57,4.99,6.9,5.55,5.6,0.79,0.95,4.22,3.51,4.16,3.44,3.62,3.92,3.79,3.51,3.25,3.54,5.2,2.89,6.23,5.14,1.21,1.7,1.33,1.49,1.38,1.4,1.85,2.71,3.45,3.28,1.7,1.98,2.12,1.92,1.5,2.64,1.87,3.49,3633.32458496094,39884.619140625,90423.08984375,104831.38671875,149129.8828125,223220.34375,294579.421875,149134.7578125,111550.01953125,52483.28515625,22104.9638671875,11025.919921875,7359.15380859375,8119.55249023438,4925.4873046875,3187.11657714844,2484020,2484062.875,175126.1875,423521.5,504937.46875,514727.328125,480654.109375,344281.46875,360479.75,195967.9296875,126934.8984375,138984.15625,58560.078125,31101.9326171875,21148.6650390625,17995.5712890625,13039.1420898438,5422.10424804688,1892224,1913227.125,2350812.5,2353592.25,63107.572265625,65051.626953125,167690.7265625,210632.3203125,200742.296875,169703.1640625,104238.8671875,72754.72265625,61317.267578125,31335.107421875,21964.19921875,19476.4814453125,12512,13295.6181640625,214862.8671875,265337.328125,309785.640625,200826.609375,161927.3046875,108619.94140625,105717.8125,49393.353515625,34139.126953125,18060.9765625,145057.7734375,279188.015625,215637.2109375,138269.4375,132799.171875,111183.703125,96050.609375,44378.912109375
"082024",2024-08-20 08:51:46.58,2024-08-20,8H 51M 46.58S,"Unknown","Aurora","U1629","Admin",895,264,186,150,204,232,340,282,358,233,299,301,425,697,556,834,252,252,161,270,220,158,177,189,260,311,296,314,248,214,196,298,352,306,302,302,225,225,518,364,335,326,245,239,549,322,506,459,389,345,474,573,364,306,208,402,362,430,287,237,366,326,164,135,226,229,160,173,248,171,-41.525,-19.925,0,20.975,40.2,1.18,1.05,1.18,1.17,1.06,14.4,4.14,3.13,3.68,3.5,3.82,3.23,2.81,2.98,3.41,3.41,4.74,7.49,9.61,10.5,14.93,1.28,0.83,1.19,1.04,1.6,1.37,1.25,1.07,0.94,1.37,1.13,1.32,1.19,2.2,2.29,2.58,2.93,6.3,5.29,5.46,0.86,0.82,4.15,3.34,2.98,3.5,3.88,3.06,3.05,3.42,3.1,4.22,3.07,6.57,4.58,5.64,1.22,1.8,1.11,1.49,1.61,2.25,1.96,1.9,1.98,3.75,1.98,2.35,2.71,2.52,2.21,2.38,3.06,2.14,3495.52026367188,39253.875,89229.828125,104400.01171875,148652.765625,221483.4140625,292437.953125,149263.03125,111114.41796875,52032.19921875,22581.1953125,11251.6083984375,7295.986328125,7665.47290039062,4766.84692382812,2826.82019042969,2455130,2478089.75,178060.0703125,430507.40625,515426.53125,528152.59375,489493.765625,353234.828125,372897.984375,201540.4921875,130765.20703125,141571.765625,62748.974609375,33600.89453125,21746.4091796875,18015.9375,12696.9453125,5055.83227539062,1900158.5,1921187.3125,2366287,2383276,64373.30078125,66570.77734375,172957.4921875,217357.9765625,204623.71875,172659.3203125,106247.28515625,77845.8125,62385.828125,32373.1162109375,21728.970703125,18704.5146484375,11975.5869140625,11792.4306640625,220822.28125,271174.5,314710.78125,209594.6015625,170150.09375,114869.35546875,109268.5703125,49125.958984375,33223.84375,16519.3916015625,157660.0625,313424.078125,241887.7265625,145641.1171875,132815.9140625,109352.31640625,91565.984375,40178.47265625
"081624",2024-08-16 09:28:25,2024-08-16,9H 28M 25S,"Unknown","Aurora","U1629","Admin",873,262,184,148,202,230,334,274,350,232,288,291,423,733,597,955,252,252,161,270,217,155,175,186,255,303,294,312,239,205,196,314,372,345,306,306,224,224,512,364,329,321,244,237,543,313,500,458,405,363,509,660,354,306,209,393,351,415,284,248,392,374,157,126,210,223,166,184,271,198,-41.725,-19.95,0,21.075,40.25,1.18,1.04,1.17,1.16,1.08,11.12,3.36,2.63,2.8,2.85,3.12,2.66,2.93,2.94,2.84,3.29,4.53,5.34,6.78,8.84,14.86,1.19,1.04,1.34,1.63,1.66,1.36,1.45,1.33,1.35,1.15,1.25,1.15,1.29,1.93,1.9,2.82,2.68,5.5,2.13,2.46,0.8,0.72,3.78,3.16,3.07,2.82,3.29,2.9,2.62,3.28,2.64,3.25,4.22,4.57,5.97,5.4,1.15,1.38,1.29,1.53,1.85,1.81,1.97,2.05,2.86,3.47,2.19,2.5,2.81,2.68,2.51,3.15,2.62,2.73,3527.40771484375,39854.390625,88823.625,103509.8828125,147012.53125,220861.78125,288271.75,147352.78125,108360.765625,52246.92578125,21666.02734375,10754.23046875,7348.2138671875,7976.24951171875,4921.3017578125,3129.0380859375,2475662,2476809.5,176303.296875,427295.53125,509288.15625,519038.03125,484918.90625,346773.0625,364088.9375,196738.828125,128262.2734375,138645.5625,59388.203125,31929.978515625,21391.568359375,18551.486328125,13461.38671875,5647.78173828125,1979101,1998238.875,2354607,2361613.25,63081.1015625,65261.5078125,169412.40625,210175.5,202023.15625,169820.53125,103593.9609375,73844.4765625,61489.33984375,32098.50390625,22166.865234375,19848.578125,12744.60546875,13582.798828125,214639.59375,267976.1875,310703.0625,202267.84375,162079.890625,110280.2578125,107359.5859375,50841.21875,35088.62109375,18574.828125,148501.40625,283491.6875,220453.375,140256.90625,135824.40625,114365.2421875,98913.4765625,45812.8203125
"081524",2024-08-15 09:17:37.65,2024-08-15,9H 17M 37.65S,"Unknown","Aurora","U1629","Admin",883,262,184,148,201,230,338,277,358,234,300,303,429,705,557,835,252,252,161,269,217,156,175,187,259,307,298,314,246,215,199,299,352,305,300,300,225,225,521,371,340,332,250,244,562,329,521,471,399,350,481,580,365,307,210,400,367,435,289,238,364,324,171,137,231,234,163,175,251,173,-41.55,-19.875,0,20.975,40.125,1.18,1.05,1.17,1.16,1.08,11.5,2.88,2.07,2.37,2.29,2.83,2.34,2.31,2.2,2.86,3.35,4.12,5.67,6.62,8.2,14.92,0.97,1.07,1.25,1.3,1.83,1.29,1.34,1.16,0.98,0.99,1.32,1.12,1.24,2.12,2.51,3.16,4.06,5.58,1.18,1.54,0.71,0.74,2.82,3.84,3.1,2.75,3.56,3.36,3.07,2.97,3.35,3.93,3.08,2.21,3.14,5.28,1.2,1.73,1.37,1.18,1.45,1.81,1.45,1.61,2.7,3.92,1.8,1.55,1.69,2.12,2.07,2.24,1.77,2.11,3607.05639648438,39518.62109375,88777.2265625,103115.6875,147186.046875,221170.515625,290308.15625,148824.34375,111167.890625,52662.1328125,22514.34375,11396.8876953125,7499.78369140625,7872.2314453125,4653.55859375,2842.71997070312,2460412,2475217.25,176560.609375,423464.59375,508451.0625,521390.875,484201.5,349480,370970.09375,199580.640625,131422.203125,140436.25,61805.64453125,33472.5078125,21695.36328125,17727.478515625,12549.171875,4881.38037109375,1947560,1967274,2367502,2366509.25,64774.94140625,67572.9140625,176513.875,219748.875,209859.078125,176678.65625,108923.015625,79023.6640625,64328.796875,32709.6796875,21685.673828125,18965.298828125,12023.974609375,11932.4208984375,218509.84375,266061.21875,313744.375,204199.265625,170135.484375,113481.0546875,108624.046875,48438.73828125,32294.41015625,16088.3134765625,159848.9375,308920.53125,238696.46875,145041.53125,130686.0078125,106884.171875,89640.484375,39479.48046875
"080924",2024-08-09 10:41:32.25,2024-08-09,10H 41M 32.25S,"Unknown","Aurora","U1629","Admin",891,268,189,151,206,234,337,270,338,226,272,267,416,841,740,1346,251,251,162,271,218,154,173,184,248,286,278,296,223,185,193,354,460,485,297,297,223,223,496,349,310,293,227,221,498,280,443,436,423,408,625,895,323,287,198,368,327,389,276,284,496,530,133,107,186,204,173,210,333,271,-42.1,-20.225,0,21.25,40.8,1.17,1.04,1.17,1.16,1.06,12.12,2.63,2.32,2.45,2.59,2.57,2.65,2.67,2.62,2.71,3.24,4.91,4.85,6.53,10.13,14.76,1.75,1.53,1.61,1.52,1.62,1.5,1.61,1.51,1.56,1.4,1.63,1.43,1.75,1.91,2.57,3.02,3.61,6.18,4.08,3.9,1.15,1.07,3.17,3.03,2.71,2.56,2.53,2.81,2.95,2.82,2.7,3.18,3.95,4.04,5.72,5.58,1.57,2.2,2.09,2.2,2.24,2.43,2.63,2.66,3.22,4.52,2.32,2.62,2.48,2.77,2.6,2.88,2.72,3,3413.02380371094,38760.6171875,87217.90625,100864.28125,143055.3671875,214650.359375,278829.953125,138179.671875,100554.96875,48309.67578125,19498.7568359375,9542.935546875,7012.560546875,8875.5185546875,5939.9140625,4331.29736328125,2490135.5,2464522.625,173461.203125,419044.828125,497752.578125,503365.5625,470273.59375,336519.1875,345930.171875,180734.7265625,119160.08984375,129840.1640625,53757.923828125,28120.9296875,20625.603515625,20584.6494140625,16235.396484375,7782.69189453125,1838857,1829753.0625,2349478,2330195.875,60468.21875,62154.171875,155798.6953125,190579.6953125,183129.9375,156335.5,93957.23828125,65322.33984375,53433.48828125,30007.412109375,22801.7158203125,22014.490234375,15399.9350585938,18310.908203125,189787.0859375,241334.3203125,284938.765625,181973.53125,144111.7421875,98756.828125,99727.59765625,55834.236328125,42824.216796875,25492.083984375,125261.59375,235061.0234375,186678.1171875,124835.06640625,137579.9765625,128085.625,119332.79296875,61284.30078125
"080824",2024-08-08 11:56:32.28,2024-08-08,11H 56M 32.28S,"Unknown","Aurora","U1629","Admin",867,263,185,148,202,230,338,278,354,228,291,295,426,723,585,902,252,252,160,267,216,156,174,186,255,301,288,305,242,207,195,304,363,327,298,298,221,221,512,363,330,319,240,234,541,313,500,460,395,352,494,618,349,294,200,389,351,420,282,241,376,347,165,130,218,227,163,178,261,185,-42.3,-20.275,0,21.3,40.925,1.17,1.04,1.17,1.15,1.07,12.95,2.67,2.49,2.57,2.63,2.77,2.68,2.8,2.78,2.88,3.1,4.36,6.19,6.75,10.27,16.31,1.73,1.63,1.54,1.43,1.5,1.49,1.55,1.55,1.41,1.46,1.52,1.48,1.95,2.07,3.08,3.33,4.47,7.11,3.87,3.86,1.24,1.18,2.96,2.71,2.61,2.26,2.55,2.53,2.44,2.36,2.74,3.28,3.51,3.56,5.29,5.81,1.41,1.73,2.06,1.94,2.03,2.18,2.36,2.48,3.47,3.98,2.1,2.36,2.4,2.47,2.17,2.52,2.85,2.72,3401.53540039062,37993.73046875,84768.890625,98507.5078125,140702.203125,210291.765625,277118.65625,141832.390625,104687.15625,48607.44921875,20568.552734375,10424.5380859375,7017.31005859375,7604.2451171875,4598.59228515625,2853.30004882812,2500097,2461171,171658.5625,414727.40625,493207.21875,510909.1875,470244.8125,339258.8125,355806.4375,190854.640625,123234.921875,132750.09375,58797.62109375,31553.51171875,20820.271484375,17615.419921875,12769.8994140625,5232.482421875,1835321,1822974.375,2323357,2304872.25,61603.02734375,63602.0625,165352,205735.265625,193503.5625,162464.875,100796.171875,72253.515625,60489.5546875,31309.54296875,21012.8984375,18699.3125,12061.724609375,12489.189453125,201734.125,248468.6875,286242.96875,190454.703125,154287.890625,105019.2890625,100550.140625,46911.37890625,32097.685546875,16475.919921875,148633.96875,282870.8125,218681.578125,136312.65625,127841.203125,107042.8046875,91532.2890625,41224.04296875
"080624",2024-08-06 09:37:46.81,2024-08-06,9H 37M 46.81S,"Unknown","Aurora","U1629","Admin",889,266,187,150,206,237,342,284,361,234,300,301,427,696,551,833,248,248,158,264,213,153,173,184,254,303,288,305,240,209,192,292,345,305,298,298,223,223,507,362,329,322,241,233,542,317,507,457,386,344,476,579,362,301,205,395,362,427,287,239,370,334,166,133,222,227,159,172,249,173,-41.775,-20.1,0,20.95,40.4,1.18,1.05,1.17,1.16,1.06,12.1,3.8,2.92,3.25,3.2,3.17,3.29,3.32,3.09,3.38,3.74,4.79,6.04,7.04,11.41,16.44,1.78,1.47,1.8,1.71,1.8,1.76,1.78,1.73,1.71,1.63,1.74,1.67,2.07,2.23,2.81,3.5,4.7,7.02,3.1,3.15,1.16,1.25,2.73,2.35,2.19,2.17,2.13,2.01,2.46,2.29,2.67,3.03,3.51,3.83,4.93,5.11,1.97,1.73,1.72,1.83,2.15,2.36,2.26,2.8,3.09,3.91,2.54,2.94,3,2.96,2.99,3.31,3.07,3.36,3374.17492675781,38069.697265625,85887.12890625,99424.02734375,142086.3828125,214998.9296875,282565.84375,144121.265625,106785.26171875,50201.888671875,21623.1025390625,10623.8232421875,7150.70336914062,7502.01538085938,4482.21166992188,2772.49597167969,2468140,2464082.875,171490.796875,413483,491806.171875,498144.859375,472683.828125,338448.1875,358115.265625,193492.7109375,124152.74609375,133979.2265625,59126.662109375,32210.015625,20810.6328125,17185.193359375,12312.6923828125,4883.82153320312,1833356.5,1843018.625,2355568.5,2328731.75,60941.677734375,63903.75390625,166123.2890625,209501.421875,195127.28125,164628.7265625,101947.87890625,74583.7265625,61775.458984375,31739.1171875,20728.279296875,18392.482421875,11713.1484375,11721.7651367188,215585.71875,259541.9296875,302785.296875,200650.6171875,166839.28125,110816.8984375,106631.0546875,48115.53515625,32537.193359375,16429.955078125,154797.34375,296792.5,228299.1171875,139467.9921875,127209.66796875,105457.55859375,88980.69921875,39304.044921875
"073124",2024-07-31 09:59:49.22,2024-07-31,9H 59M 49.22S,"Unknown","Aurora","U1629","Admin",903,271,189,152,208,238,344,278,348,229,282,282,428,832,711,1260,253,253,163,272,219,155,174,184,253,293,284,301,230,192,195,349,442,455,301,301,224,224,503,355,316,302,231,227,511,291,460,448,426,404,607,850,332,291,201,372,333,392,279,277,471,497,143,113,192,211,174,207,326,255,-41.5,-19.925,0,20.9,40.15,1.18,1.05,1.17,1.16,1.08,13.46,4.53,2.7,3.63,3.62,3.63,3.82,3.74,3.89,3.86,4.09,5.14,6.08,7,8.6,12.74,1.83,1.47,1.62,1.87,2.26,1.64,1.68,1.47,1.6,1.65,1.53,1.56,1.65,2.13,2.14,3.44,4.57,6.07,5.11,4.86,1.38,1.45,3.3,3.43,3.62,3.2,3.77,3.37,3.69,3.38,3.05,3.76,3.41,3.95,5.86,4.9,1.47,1.89,2.16,2.12,2.15,1.85,2.44,2.13,3.05,3.42,1.97,2.13,2.08,2.26,2.27,2.3,2.53,2.61,3626.85583496094,40308.912109375,88888.05078125,103681.4921875,147358.6875,221658.1953125,290848.453125,145663.453125,104404.5546875,48723.626953125,20246.59375,10013.8354492188,7112.23559570312,8803.6201171875,5878.37841796875,4240.0244140625,2465978.5,2459289.875,174496.6328125,424635.484375,505159.03125,509533.921875,472846.5,338574.296875,355184.75,187542.3671875,121463.828125,130419.44921875,54768.953125,29225.7685546875,20676.7177734375,20052.998046875,15412.6767578125,7277.611328125,1840946,1843913.1875,2329452,2317597.125,61641.41796875,62752.189453125,159792.1640625,194833.234375,187874.0078125,158729.7578125,95939.33984375,66764.2265625,55615.470703125,30327.4580078125,22584.7060546875,21653.65625,14579.8833007812,17072.849609375,192279.3046875,236760.3515625,273277.8125,177141.8515625,143208.65625,95889.66796875,98593.66015625,53110.36328125,39887.80859375,23274.0556640625,131573.9609375,240452.515625,189487.3671875,126608.77734375,135475.0078125,123451.5703125,114062.73828125,56601.806640625
"072424",2024-07-24 09:26:14.09,2024-07-24,9H 26M 14.09S,"Unknown","Aurora","U1629","Admin",920,276,195,156,215,243,354,292,364,236,300,304,444,783,632,1023,257,257,163,273,219,158,176,188,257,301,291,306,238,205,198,325,392,371,299,299,224,224,513,363,327,316,238,232,534,307,487,452,409,374,534,696,345,295,202,383,344,407,282,253,408,398,157,125,209,223,169,191,286,210,-41.775,-20.1,0,20.925,40.625,1.18,1.04,1.17,1.16,1.07,15.32,3.3,2.6,2.8,2.89,2.84,3.1,2.55,2.89,3,4.15,4.89,5.42,6.08,13.33,24.27,0.64,0.67,1.4,1.52,1.76,1.53,1.45,1.11,1.28,1.14,1.45,1.12,1.25,1.7,2.78,3.24,2.28,5.23,2.55,1.61,0.63,0.48,4.01,3.1,3.98,3.39,3.97,3.28,3.07,3.04,3.59,3.51,4.12,4.07,4.26,6.87,1.45,2.06,1.85,1.93,1.96,2.29,2.43,1.88,2.88,3.1,2.3,3.09,3.46,3.15,2.86,3.02,2.71,2.86,3857.30834960938,40026.76953125,90144.8671875,105119.5,150022.7578125,223099.0546875,296560.84375,150617.3515625,109380.28125,50554.74609375,21211.97265625,10728.984375,7274.13647460938,8322.701171875,5253.79150390625,3320.83679199219,2479809,2481882.25,176172.078125,428647.5625,509632.328125,522677.453125,485477.21875,350777.21875,366101.71875,194309.671875,126135.515625,135442.7109375,58193.142578125,31071.771484375,21016.8720703125,18480.7861328125,13805.9458007812,5993.76928710938,1952028.5,1988027.125,2371869.5,2382519.5,64572.662109375,66619.6875,170819.2265625,212701.359375,199599.734375,168054.7109375,102909.45703125,72844.5703125,60112.662109375,31682.3427734375,22481.6279296875,20594.005859375,13462.169921875,14498.435546875,207335.5390625,252835.8359375,292353.140625,191959.9921875,155483.2734375,104682.125,104003.48828125,50886.234375,35877.32421875,19308.3720703125,144659.3828125,273018.4375,213298.9765625,137483.8515625,133759.3828125,115592.38671875,101665.1875,47854.8203125
